feature_id,recorded_at,location_id,pm25,pm10,temperature_c,humidity_pct,wind_speed_kmh,wind_direction_deg,rainfall_mm,traffic_index,is_weekend,is_holiday,pm25_lag_1h,pm25_lag_24h,pm25_rolling_mean_6h,hour_of_day,day_of_week,updated_at
1,2026-09-06 10:00:00,LOC-JKT-01,50.79,81.9,30.7,49.0,13.2,5.0,0.0,70.85,1,0,,,50.79,10,6,2026-10-06 10:08:40
2,2026-09-06 11:00:00,LOC-JKT-01,51.24,75.23,29.7,52.0,8.7,14.0,0.0,59.99,1,0,50.79,,51.02,11,6,2026-10-06 10:08:40
3,2026-09-06 12:00:00,LOC-JKT-01,31.69,50.23,29.7,55.0,7.6,27.0,0.0,51.79,1,0,51.24,,44.57,12,6,2026-10-06 10:08:40
4,2026-09-06 13:00:00,LOC-JKT-01,32.86,49.27,29.3,58.0,6.8,32.0,0.0,57.11,1,0,31.69,,41.65,13,6,2026-10-06 10:08:40
5,2026-09-06 14:00:00,LOC-JKT-01,29.28,41.53,29.0,58.0,5.1,23.0,0.0,41.53,1,0,32.86,,39.17,14,6,2026-10-06 10:08:40
6,2026-09-06 15:00:00,LOC-JKT-01,41.35,67.88,28.7,59.0,3.3,354.0,0.0,39.48,1,0,29.28,,39.54,15,6,2026-10-06 10:08:40
7,2026-09-06 16:00:00,LOC-JKT-01,30.31,45.4,28.5,60.0,1.7,302.0,0.0,35.63,1,0,41.35,,36.12,16,6,2026-10-06 10:08:40
8,2026-09-06 17:00:00,LOC-JKT-01,40.97,62.9,28.2,61.0,2.7,270.0,0.0,5.0,1,0,30.31,,34.41,17,6,2026-10-06 10:08:40
9,2026-09-06 18:00:00,LOC-JKT-01,29.36,46.0,27.7,62.0,3.6,237.0,0.0,7.3,1,0,40.97,,34.02,18,6,2026-10-06 10:08:40
10,2026-09-06 19:00:00,LOC-JKT-01,29.56,45.91,27.1,61.0,7.1,216.0,0.0,9.18,1,0,29.36,,33.47,19,6,2026-10-06 10:08:40
11,2026-09-06 20:00:00,LOC-JKT-01,32.6,48.55,26.5,63.0,8.0,211.0,0.0,16.98,1,0,29.56,,34.03,20,6,2026-10-06 10:08:40
12,2026-09-06 21:00:00,LOC-JKT-01,35.64,55.7,25.9,66.0,7.3,205.0,0.0,16.28,1,0,32.6,,33.07,21,6,2026-10-06 10:08:40
13,2026-09-06 22:00:00,LOC-JKT-01,32.76,51.61,25.5,67.0,6.9,195.0,0.0,21.66,1,0,35.64,,33.48,22,6,2026-10-06 10:08:40
14,2026-09-06 23:00:00,LOC-JKT-01,36.85,53.53,25.2,68.0,7.3,187.0,0.0,29.49,1,0,32.76,,32.8,23,6,2026-10-06 10:08:40
15,2026-09-07 00:00:00,LOC-JKT-01,43.26,67.25,26.6,61.0,5.4,200.0,0.0,85.44,0,0,36.85,,35.11,0,0,2026-10-06 10:08:40
16,2026-09-07 01:00:00,LOC-JKT-01,46.81,70.46,28.7,53.0,3.2,218.0,0.0,82.03,0,0,43.26,,37.99,1,0,2026-10-06 10:08:40
17,2026-09-07 02:00:00,LOC-JKT-01,29.13,43.72,30.6,47.0,0.7,76.0,0.0,85.43,0,0,46.81,,37.41,2,0,2026-10-06 10:08:40
18,2026-09-07 03:00:00,LOC-JKT-01,40.84,61.04,32.4,41.0,2.6,65.0,0.0,60.9,0,0,29.13,,38.28,3,0,2026-10-06 10:08:40
19,2026-09-07 04:00:00,LOC-JKT-01,33.49,53.59,34.0,35.0,3.3,36.0,0.0,61.99,0,0,40.84,,38.4,4,0,2026-10-06 10:08:40
20,2026-09-07 05:00:00,LOC-JKT-01,40.19,57.98,35.3,31.0,5.1,27.0,0.0,58.59,0,0,33.49,,38.95,5,0,2026-10-06 10:08:40
21,2026-09-07 06:00:00,LOC-JKT-01,33.42,54.89,34.3,40.0,14.0,7.0,0.0,49.46,0,0,40.19,,37.31,6,0,2026-10-06 10:08:40
22,2026-09-07 07:00:00,LOC-JKT-01,29.15,44.29,33.4,41.0,14.5,5.0,0.0,58.85,0,0,33.42,,34.37,7,0,2026-10-06 10:08:40
23,2026-09-07 08:00:00,LOC-JKT-01,22.8,35.24,33.1,39.0,14.0,7.0,0.0,45.79,0,0,29.15,,33.32,8,0,2026-10-06 10:08:40
24,2026-09-07 09:00:00,LOC-JKT-01,37.0,56.63,31.9,45.0,14.6,9.0,0.0,53.75,0,0,22.8,,32.68,9,0,2026-10-06 10:08:40
25,2026-09-07 10:00:00,LOC-JKT-01,58.87,92.87,30.6,52.0,13.3,8.0,0.0,91.18,0,0,37.0,50.79,36.91,10,0,2026-10-06 10:08:40
26,2026-09-07 11:00:00,LOC-JKT-01,46.6,71.38,29.4,60.0,10.0,354.0,0.0,90.21,0,0,58.87,51.24,37.97,11,0,2026-10-06 10:08:40
27,2026-09-07 12:00:00,LOC-JKT-01,33.3,51.62,29.6,63.0,7.0,18.0,0.0,88.2,0,0,46.6,31.69,37.95,12,0,2026-10-06 10:08:40
28,2026-09-07 13:00:00,LOC-JKT-01,35.26,52.89,29.1,64.0,4.4,30.0,0.0,23.92,0,0,33.3,32.86,38.97,13,0,2026-10-06 10:08:40
29,2026-09-07 14:00:00,LOC-JKT-01,31.28,47.32,28.9,66.0,3.7,43.0,0.0,19.27,0,0,35.26,29.28,40.39,14,0,2026-10-06 10:08:40
30,2026-09-07 15:00:00,LOC-JKT-01,37.04,58.33,28.7,68.0,3.0,33.0,0.0,17.54,0,0,31.28,41.35,40.39,15,0,2026-10-06 10:08:40
31,2026-09-07 16:00:00,LOC-JKT-01,30.26,44.45,28.5,69.0,2.8,40.0,0.0,20.94,0,0,37.04,30.31,35.62,16,0,2026-10-06 10:08:40
32,2026-09-07 17:00:00,LOC-JKT-01,30.63,47.85,28.2,71.0,1.5,69.0,0.0,21.53,0,0,30.26,40.97,32.96,17,0,2026-10-06 10:08:40
33,2026-09-07 18:00:00,LOC-JKT-01,32.04,49.34,27.7,71.0,1.5,97.0,0.0,19.25,0,0,30.63,29.36,32.75,18,0,2026-10-06 10:08:40
34,2026-09-07 19:00:00,LOC-JKT-01,25.76,37.04,27.4,72.0,1.0,135.0,0.1,17.13,0,0,32.04,29.56,31.17,19,0,2026-10-06 10:08:40
35,2026-09-07 20:00:00,LOC-JKT-01,29.22,44.5,27.2,72.0,2.2,180.0,0.1,22.35,0,0,25.76,32.6,30.83,20,0,2026-10-06 10:08:40
36,2026-09-07 21:00:00,LOC-JKT-01,35.24,54.0,26.9,74.0,2.9,202.0,0.0,17.86,0,0,29.22,35.64,30.53,21,0,2026-10-06 10:08:40
37,2026-09-07 22:00:00,LOC-JKT-01,41.06,61.48,26.8,74.0,2.6,231.0,0.0,19.7,0,0,35.24,32.76,32.33,22,0,2026-10-06 10:08:40
38,2026-09-07 23:00:00,LOC-JKT-01,28.87,41.66,26.7,75.0,1.6,276.0,0.0,22.95,0,0,41.06,36.85,32.03,23,0,2026-10-06 10:08:40
39,2026-09-08 00:00:00,LOC-JKT-01,52.71,78.69,27.6,69.0,3.4,223.0,0.0,83.48,0,0,28.87,43.26,35.48,0,1,2026-10-06 10:08:40
40,2026-09-08 01:00:00,LOC-JKT-01,47.55,76.22,28.8,62.0,3.5,249.0,0.0,84.12,0,0,52.71,46.81,39.11,1,1,2026-10-06 10:08:40
41,2026-09-08 02:00:00,LOC-JKT-01,37.33,57.89,30.4,55.0,3.0,253.0,0.0,88.07,0,0,47.55,29.13,40.46,2,1,2026-10-06 10:08:40
42,2026-09-08 03:00:00,LOC-JKT-01,38.42,62.12,32.2,48.0,1.3,286.0,0.0,62.14,0,0,37.33,40.84,40.99,3,1,2026-10-06 10:08:40
43,2026-09-08 04:00:00,LOC-JKT-01,34.04,50.82,33.8,42.0,2.5,352.0,0.0,56.55,0,0,38.42,33.49,39.82,4,1,2026-10-06 10:08:40
44,2026-09-08 05:00:00,LOC-JKT-01,34.55,50.97,34.7,39.0,5.0,2.0,0.0,52.02,0,0,34.04,40.19,40.77,5,1,2026-10-06 10:08:40
45,2026-09-08 06:00:00,LOC-JKT-01,28.31,39.73,35.1,38.0,6.0,7.0,0.0,45.45,0,0,34.55,33.42,36.7,6,1,2026-10-06 10:08:40
46,2026-09-08 07:00:00,LOC-JKT-01,30.15,43.84,34.7,40.0,9.2,360.0,0.3,48.9,0,0,28.31,29.15,33.8,7,1,2026-10-06 10:08:40
47,2026-09-08 08:00:00,LOC-JKT-01,37.06,56.56,32.3,52.0,14.2,359.0,1.1,42.34,0,0,30.15,22.8,33.76,8,1,2026-10-06 10:08:40
48,2026-09-08 09:00:00,LOC-JKT-01,39.63,57.55,31.2,58.0,13.3,347.0,0.1,50.81,0,0,37.06,37.0,33.96,9,1,2026-10-06 10:08:40
49,2026-09-08 10:00:00,LOC-JKT-01,48.61,74.8,30.6,58.0,9.9,358.0,0.0,83.09,0,0,39.63,58.87,36.39,10,1,2026-10-06 10:08:40
50,2026-09-08 11:00:00,LOC-JKT-01,52.93,80.53,29.8,63.0,7.7,11.0,0.0,84.37,0,0,48.61,46.6,39.45,11,1,2026-10-06 10:08:40
51,2026-09-08 12:00:00,LOC-JKT-01,32.75,49.35,28.7,66.0,3.6,27.0,0.0,84.62,0,0,52.93,33.3,40.19,12,1,2026-10-06 10:08:40
52,2026-09-08 13:00:00,LOC-JKT-01,34.51,56.48,28.1,69.0,7.8,195.0,0.5,18.08,0,0,32.75,35.26,40.92,13,1,2026-10-06 10:08:40
53,2026-09-08 14:00:00,LOC-JKT-01,29.12,47.72,28.0,68.0,5.1,197.0,0.1,22.83,0,0,34.51,31.28,39.59,14,1,2026-10-06 10:08:40
54,2026-09-08 15:00:00,LOC-JKT-01,32.69,49.93,27.9,68.0,2.1,165.0,0.1,24.22,0,0,29.12,37.04,38.44,15,1,2026-10-06 10:08:40
55,2026-09-08 16:00:00,LOC-JKT-01,34.29,51.54,27.9,68.0,0.9,270.0,0.0,15.53,0,0,32.69,30.26,36.05,16,1,2026-10-06 10:08:40
56,2026-09-08 17:00:00,LOC-JKT-01,29.68,44.9,27.6,70.0,2.0,185.0,0.0,22.7,0,0,34.29,30.63,32.17,17,1,2026-10-06 10:08:40
57,2026-09-08 18:00:00,LOC-JKT-01,32.85,51.19,27.6,69.0,3.1,144.0,0.0,22.19,0,0,29.68,32.04,32.19,18,1,2026-10-06 10:08:40
58,2026-09-08 19:00:00,LOC-JKT-01,28.65,47.9,27.0,73.0,3.4,177.0,0.0,18.81,0,0,32.85,25.76,31.21,19,1,2026-10-06 10:08:40
59,2026-09-08 20:00:00,LOC-JKT-01,29.83,48.21,26.7,76.0,2.0,207.0,0.0,17.17,0,0,28.65,29.22,31.33,20,1,2026-10-06 10:08:40
60,2026-09-08 21:00:00,LOC-JKT-01,34.06,49.72,26.4,78.0,2.4,216.0,0.0,15.78,0,0,29.83,35.24,31.56,21,1,2026-10-06 10:08:40
61,2026-09-08 22:00:00,LOC-JKT-01,40.85,66.44,26.0,80.0,3.9,233.0,0.0,19.28,0,0,34.06,41.06,32.65,22,1,2026-10-06 10:08:40
62,2026-09-08 23:00:00,LOC-JKT-01,27.42,43.93,25.8,79.0,3.9,223.0,0.0,22.27,0,0,40.85,28.87,32.28,23,1,2026-10-06 10:08:40
63,2026-09-09 00:00:00,LOC-JKT-01,47.53,73.03,26.7,70.0,4.1,214.0,0.0,79.21,0,0,27.42,52.71,34.72,0,2,2026-10-06 10:08:40
64,2026-09-09 01:00:00,LOC-JKT-01,54.62,85.39,28.2,64.0,3.6,237.0,0.0,79.81,0,0,47.53,47.55,39.05,1,2,2026-10-06 10:08:40
65,2026-09-09 02:00:00,LOC-JKT-01,27.36,40.86,30.0,58.0,2.6,245.0,0.0,77.85,0,0,54.62,37.33,38.64,2,2,2026-10-06 10:08:40
66,2026-09-09 03:00:00,LOC-JKT-01,38.12,62.55,31.7,51.0,1.0,315.0,0.0,45.67,0,0,27.36,38.42,39.32,3,2,2026-10-06 10:08:40
67,2026-09-09 04:00:00,LOC-JKT-01,39.5,58.44,33.1,46.0,2.0,355.0,0.1,47.4,0,0,38.12,34.04,39.09,4,2,2026-10-06 10:08:40
68,2026-09-09 05:00:00,LOC-JKT-01,32.77,51.8,33.9,44.0,4.4,9.0,0.2,56.58,0,0,39.5,34.55,39.98,5,2,2026-10-06 10:08:40
69,2026-09-09 06:00:00,LOC-JKT-01,26.63,44.54,33.8,44.0,8.7,13.0,0.2,61.26,0,0,32.77,28.31,36.5,6,2,2026-10-06 10:08:40
70,2026-09-09 07:00:00,LOC-JKT-01,30.53,46.67,32.5,49.0,12.3,6.0,1.3,52.36,0,0,26.63,30.15,32.49,7,2,2026-10-06 10:08:40
71,2026-09-09 08:00:00,LOC-JKT-01,36.66,57.01,31.3,56.0,12.1,3.0,1.2,49.59,0,0,30.53,37.06,34.04,8,2,2026-10-06 10:08:40
72,2026-09-09 09:00:00,LOC-JKT-01,28.4,43.63,30.3,61.0,13.1,358.0,0.3,54.96,0,0,36.66,39.63,32.42,9,2,2026-10-06 10:08:40
73,2026-09-09 10:00:00,LOC-JKT-01,52.85,85.19,29.7,63.0,11.1,352.0,0.0,87.27,0,0,28.4,48.61,34.64,10,2,2026-10-06 10:08:40
74,2026-09-09 11:00:00,LOC-JKT-01,56.99,89.51,29.0,67.0,8.6,358.0,0.0,88.12,0,0,52.85,52.93,38.68,11,2,2026-10-06 10:08:40
75,2026-09-09 12:00:00,LOC-JKT-01,27.12,41.57,29.1,66.0,5.5,13.0,0.0,85.23,0,0,56.99,32.75,38.76,12,2,2026-10-06 10:08:40
76,2026-09-09 13:00:00,LOC-JKT-01,39.47,59.21,28.2,71.0,4.7,18.0,0.1,22.31,0,0,27.12,34.51,40.25,13,2,2026-10-06 10:08:40
77,2026-09-09 14:00:00,LOC-JKT-01,31.01,45.85,28.2,72.0,3.6,49.0,0.1,15.58,0,0,39.47,29.12,39.31,14,2,2026-10-06 10:08:40
78,2026-09-09 15:00:00,LOC-JKT-01,36.37,56.0,27.6,75.0,5.4,124.0,0.0,17.95,0,0,31.01,32.69,40.64,15,2,2026-10-06 10:08:40
79,2026-09-09 16:00:00,LOC-JKT-01,30.08,49.21,27.2,76.0,5.6,151.0,0.1,22.51,0,0,36.37,34.29,36.84,16,2,2026-10-06 10:08:40
80,2026-09-09 17:00:00,LOC-JKT-01,28.47,43.59,26.8,79.0,5.1,163.0,0.0,17.58,0,0,30.08,29.68,32.09,17,2,2026-10-06 10:08:40
81,2026-09-09 18:00:00,LOC-JKT-01,36.66,59.02,26.6,79.0,5.6,197.0,0.0,21.87,0,0,28.47,32.85,33.68,18,2,2026-10-06 10:08:40
82,2026-09-09 19:00:00,LOC-JKT-01,34.46,51.86,26.2,81.0,5.3,192.0,0.0,19.52,0,0,36.66,28.65,32.84,19,2,2026-10-06 10:08:40
83,2026-09-09 20:00:00,LOC-JKT-01,33.36,53.93,25.9,80.0,5.6,195.0,0.0,17.02,0,0,34.46,29.83,33.23,20,2,2026-10-06 10:08:40
84,2026-09-09 21:00:00,LOC-JKT-01,30.75,48.37,25.5,80.0,5.4,194.0,0.0,15.29,0,0,33.36,34.06,32.3,21,2,2026-10-06 10:08:40
85,2026-09-09 22:00:00,LOC-JKT-01,30.14,43.76,25.2,79.0,4.9,182.0,0.0,17.29,0,0,30.75,40.85,32.31,22,2,2026-10-06 10:08:40
86,2026-09-09 23:00:00,LOC-JKT-01,28.42,46.03,25.0,80.0,4.5,175.0,0.0,19.89,0,0,30.14,27.42,32.3,23,2,2026-10-06 10:08:40
87,2026-09-10 00:00:00,LOC-JKT-01,43.75,66.83,27.4,73.0,3.9,204.0,0.0,86.62,0,0,28.42,47.53,33.48,0,3,2026-10-06 10:08:40
88,2026-09-10 01:00:00,LOC-JKT-01,47.93,76.27,29.0,64.0,1.8,191.0,0.0,86.44,0,0,43.75,54.62,35.73,1,3,2026-10-06 10:08:40
89,2026-09-10 02:00:00,LOC-JKT-01,34.5,50.87,30.4,58.0,1.2,117.0,0.0,87.41,0,0,47.93,27.36,35.92,2,3,2026-10-06 10:08:40
90,2026-09-10 03:00:00,LOC-JKT-01,32.2,46.73,32.0,52.0,1.5,83.0,0.0,55.62,0,0,34.5,38.12,36.16,3,3,2026-10-06 10:08:40
91,2026-09-10 04:00:00,LOC-JKT-01,30.85,48.24,33.0,47.0,2.5,21.0,0.0,59.13,0,0,32.2,39.5,36.28,4,3,2026-10-06 10:08:40
92,2026-09-10 05:00:00,LOC-JKT-01,37.38,60.71,33.3,46.0,6.8,360.0,0.1,53.87,0,0,30.85,32.77,37.77,5,3,2026-10-06 10:08:40
93,2026-09-10 06:00:00,LOC-JKT-01,30.61,46.89,33.0,48.0,10.3,356.0,0.3,60.34,0,0,37.38,26.63,35.58,6,3,2026-10-06 10:08:40
94,2026-09-10 07:00:00,LOC-JKT-01,31.1,49.51,32.2,53.0,11.6,355.0,0.3,54.9,0,0,30.61,30.53,32.77,7,3,2026-10-06 10:08:40
95,2026-09-10 08:00:00,LOC-JKT-01,32.03,51.65,31.9,54.0,11.0,2.0,0.0,49.23,0,0,31.1,36.66,32.36,8,3,2026-10-06 10:08:40
96,2026-09-10 09:00:00,LOC-JKT-01,25.17,39.89,31.3,55.0,10.3,3.0,0.0,57.19,0,0,32.03,28.4,31.19,9,3,2026-10-06 10:08:40
97,2026-09-10 10:00:00,LOC-JKT-01,47.57,76.63,30.6,57.0,10.5,7.0,0.0,96.97,0,0,25.17,52.85,33.98,10,3,2026-10-06 10:08:40
98,2026-09-10 11:00:00,LOC-JKT-01,48.82,77.52,29.7,61.0,7.9,20.0,0.0,97.99,0,0,47.57,56.99,35.88,11,3,2026-10-06 10:08:40
99,2026-09-10 12:00:00,LOC-JKT-01,27.54,43.63,29.8,63.0,6.9,43.0,0.2,86.25,0,0,48.82,27.12,35.37,12,3,2026-10-06 10:08:40
100,2026-09-10 13:00:00,LOC-JKT-01,28.29,44.21,28.6,71.0,4.1,103.0,0.1,18.76,0,0,27.54,39.47,34.9,13,3,2026-10-06 10:08:40
101,2026-09-10 14:00:00,LOC-JKT-01,39.04,61.54,28.4,73.0,3.0,155.0,0.0,17.74,0,0,28.29,31.01,36.07,14,3,2026-10-06 10:08:40
102,2026-09-10 15:00:00,LOC-JKT-01,22.88,37.44,28.2,74.0,1.9,163.0,0.0,21.21,0,0,39.04,36.37,35.69,15,3,2026-10-06 10:08:40
103,2026-09-10 16:00:00,LOC-JKT-01,31.66,52.77,27.7,77.0,3.9,158.0,0.0,16.48,0,0,22.88,30.08,33.04,16,3,2026-10-06 10:08:40
104,2026-09-10 17:00:00,LOC-JKT-01,30.6,45.59,27.4,78.0,3.8,183.0,0.1,19.42,0,0,31.66,28.47,30.0,17,3,2026-10-06 10:08:40
105,2026-09-10 18:00:00,LOC-JKT-01,36.76,56.11,27.2,78.0,4.6,154.0,0.0,20.32,0,0,30.6,36.66,31.54,18,3,2026-10-06 10:08:40
106,2026-09-10 19:00:00,LOC-JKT-01,37.71,61.38,26.8,79.0,3.2,153.0,0.0,22.97,0,0,36.76,34.46,33.11,19,3,2026-10-06 10:08:40
107,2026-09-10 20:00:00,LOC-JKT-01,28.59,41.93,26.5,82.0,2.0,175.0,0.0,17.79,0,0,37.71,33.36,31.37,20,3,2026-10-06 10:08:40
108,2026-09-10 21:00:00,LOC-JKT-01,34.85,55.47,26.4,81.0,1.7,139.0,0.0,16.34,0,0,28.59,30.75,33.36,21,3,2026-10-06 10:08:40
109,2026-09-10 22:00:00,LOC-JKT-01,28.26,43.9,26.2,81.0,2.4,138.0,0.0,18.69,0,0,34.85,30.14,32.8,22,3,2026-10-06 10:08:40
110,2026-09-10 23:00:00,LOC-JKT-01,29.3,43.63,26.0,82.0,2.8,145.0,0.0,21.44,0,0,28.26,28.42,32.58,23,3,2026-10-06 10:08:40
111,2026-09-11 00:00:00,LOC-JKT-01,46.31,75.07,27.3,76.0,2.0,100.0,0.0,81.91,0,0,29.3,43.75,34.17,0,4,2026-10-06 10:08:40
112,2026-09-11 01:00:00,LOC-JKT-01,51.32,79.12,28.7,69.0,3.1,77.0,0.0,77.26,0,0,46.31,47.93,36.44,1,4,2026-10-06 10:08:40
113,2026-09-11 02:00:00,LOC-JKT-01,39.8,57.11,30.3,61.0,5.2,88.0,0.0,86.96,0,0,51.32,34.5,38.31,2,4,2026-10-06 10:08:40
114,2026-09-11 03:00:00,LOC-JKT-01,31.26,49.21,31.5,54.0,7.2,94.0,0.0,54.43,0,0,39.8,32.2,37.71,3,4,2026-10-06 10:08:40
115,2026-09-11 04:00:00,LOC-JKT-01,30.73,47.4,32.8,48.0,8.4,99.0,0.0,44.69,0,0,31.26,30.85,38.12,4,4,2026-10-06 10:08:40
116,2026-09-11 05:00:00,LOC-JKT-01,37.31,59.29,34.1,43.0,7.1,100.0,0.0,63.84,0,0,30.73,37.38,39.46,5,4,2026-10-06 10:08:40
117,2026-09-11 06:00:00,LOC-JKT-01,37.72,57.61,35.5,38.0,6.5,95.0,0.0,55.37,0,0,37.31,30.61,38.02,6,4,2026-10-06 10:08:40
118,2026-09-11 07:00:00,LOC-JKT-01,39.36,61.74,35.7,36.0,8.2,40.0,0.0,45.74,0,0,37.72,31.1,36.03,7,4,2026-10-06 10:08:40
119,2026-09-11 08:00:00,LOC-JKT-01,37.46,57.88,34.5,42.0,12.2,33.0,0.0,59.34,0,0,39.36,32.03,35.64,8,4,2026-10-06 10:08:40
120,2026-09-11 09:00:00,LOC-JKT-01,37.56,58.87,33.7,45.0,12.9,41.0,0.1,43.64,0,0,37.46,25.17,36.69,9,4,2026-10-06 10:08:40
121,2026-09-11 10:00:00,LOC-JKT-01,52.93,82.51,31.9,52.0,14.9,49.0,0.0,90.47,0,0,37.56,47.57,40.39,10,4,2026-10-06 10:08:40
122,2026-09-11 11:00:00,LOC-JKT-01,48.98,76.53,30.7,53.0,11.5,56.0,0.0,84.59,0,0,52.93,48.82,42.34,11,4,2026-10-06 10:08:40
123,2026-09-11 12:00:00,LOC-JKT-01,31.96,48.17,30.0,61.0,7.6,62.0,0.0,84.81,0,0,48.98,27.54,41.38,12,4,2026-10-06 10:08:40
124,2026-09-11 13:00:00,LOC-JKT-01,33.66,50.18,29.1,68.0,7.0,80.0,0.0,21.03,0,0,31.96,28.29,40.43,13,4,2026-10-06 10:08:40
125,2026-09-11 14:00:00,LOC-JKT-01,28.58,43.44,28.7,71.0,5.6,96.0,0.0,19.52,0,0,33.66,39.04,38.95,14,4,2026-10-06 10:08:40
126,2026-09-11 15:00:00,LOC-JKT-01,28.53,42.15,28.2,74.0,4.5,97.0,0.0,21.09,0,0,28.58,22.88,37.44,15,4,2026-10-06 10:08:40
127,2026-09-11 16:00:00,LOC-JKT-01,36.0,57.0,28.0,75.0,5.9,101.0,0.1,22.86,0,0,28.53,31.66,34.62,16,4,2026-10-06 10:08:40
128,2026-09-11 17:00:00,LOC-JKT-01,25.51,38.69,27.8,77.0,6.2,116.0,0.0,18.64,0,0,36.0,30.6,30.71,17,4,2026-10-06 10:08:40
129,2026-09-11 18:00:00,LOC-JKT-01,32.17,50.28,27.6,77.0,7.7,111.0,0.0,19.36,0,0,25.51,36.76,30.74,18,4,2026-10-06 10:08:40
130,2026-09-11 19:00:00,LOC-JKT-01,28.87,44.93,27.0,80.0,6.9,107.0,0.0,19.54,0,0,32.17,37.71,29.94,19,4,2026-10-06 10:08:40
131,2026-09-11 20:00:00,LOC-JKT-01,31.83,51.5,26.5,83.0,4.7,97.0,0.0,23.59,0,0,28.87,28.59,30.49,20,4,2026-10-06 10:08:40
132,2026-09-11 21:00:00,LOC-JKT-01,32.5,48.78,26.3,84.0,4.0,95.0,0.0,20.33,0,0,31.83,34.85,31.15,21,4,2026-10-06 10:08:40
133,2026-09-11 22:00:00,LOC-JKT-01,30.16,43.63,26.2,85.0,3.8,121.0,0.0,22.86,0,0,32.5,28.26,30.17,22,4,2026-10-06 10:08:40
134,2026-09-11 23:00:00,LOC-JKT-01,30.53,44.77,26.1,85.0,3.8,163.0,0.0,24.35,0,0,30.16,29.3,31.01,23,4,2026-10-06 10:08:40
135,2026-09-12 00:00:00,LOC-JKT-01,49.5,79.23,27.3,75.0,4.0,108.0,0.0,35.84,1,0,30.53,46.31,33.9,0,5,2026-10-06 10:08:40
136,2026-09-12 01:00:00,LOC-JKT-01,46.71,70.29,28.8,66.0,3.9,103.0,0.0,43.26,1,0,49.5,51.32,36.87,1,5,2026-10-06 10:08:40
137,2026-09-12 02:00:00,LOC-JKT-01,32.37,48.17,30.6,56.0,7.2,103.0,0.0,43.75,1,0,46.71,39.8,36.96,2,5,2026-10-06 10:08:40
138,2026-09-12 03:00:00,LOC-JKT-01,25.64,41.13,32.3,50.0,10.6,100.0,0.0,51.85,1,0,32.37,31.26,35.82,3,5,2026-10-06 10:08:40
139,2026-09-12 04:00:00,LOC-JKT-01,26.97,40.1,33.9,45.0,12.4,100.0,0.0,49.04,1,0,25.64,30.73,35.29,4,5,2026-10-06 10:08:40
140,2026-09-12 05:00:00,LOC-JKT-01,36.24,54.53,35.4,39.0,9.7,92.0,0.0,57.9,1,0,26.97,37.31,36.24,5,5,2026-10-06 10:08:40
141,2026-09-12 06:00:00,LOC-JKT-01,33.61,53.5,35.2,39.0,12.5,54.0,0.1,59.6,1,0,36.24,37.72,33.59,6,5,2026-10-06 10:08:40
142,2026-09-12 07:00:00,LOC-JKT-01,28.1,47.58,35.1,39.0,13.3,49.0,0.0,62.45,1,0,33.61,39.36,30.49,7,5,2026-10-06 10:08:40
143,2026-09-12 08:00:00,LOC-JKT-01,34.81,55.2,34.2,42.0,14.3,37.0,0.0,64.52,1,0,28.1,37.46,30.9,8,5,2026-10-06 10:08:40
144,2026-09-12 09:00:00,LOC-JKT-01,34.76,50.37,32.9,47.0,15.0,40.0,0.0,67.34,1,0,34.81,37.56,32.42,9,5,2026-10-06 10:08:40
145,2026-09-12 10:00:00,LOC-JKT-01,49.05,76.77,31.7,51.0,13.0,43.0,0.0,57.62,1,0,34.76,52.93,36.1,10,5,2026-10-06 10:08:40
146,2026-09-12 11:00:00,LOC-JKT-01,50.45,78.92,30.3,56.0,10.5,52.0,0.0,58.85,1,0,49.05,48.98,38.46,11,5,2026-10-06 10:08:40
147,2026-09-12 12:00:00,LOC-JKT-01,29.43,43.45,29.8,64.0,9.5,76.0,0.0,56.01,1,0,50.45,31.96,37.77,12,5,2026-10-06 10:08:40
148,2026-09-12 13:00:00,LOC-JKT-01,31.78,49.82,28.9,69.0,7.9,87.0,0.0,50.79,1,0,29.43,33.66,38.38,13,5,2026-10-06 10:08:40
149,2026-09-12 14:00:00,LOC-JKT-01,26.9,40.98,28.5,71.0,6.1,102.0,0.0,46.14,1,0,31.78,28.58,37.06,14,5,2026-10-06 10:08:40
150,2026-09-12 15:00:00,LOC-JKT-01,30.9,48.77,28.1,74.0,5.0,120.0,0.0,45.4,1,0,26.9,28.53,36.42,15,5,2026-10-06 10:08:40
151,2026-09-12 16:00:00,LOC-JKT-01,39.29,62.81,27.9,75.0,4.5,127.0,0.0,35.06,1,0,30.9,36.0,34.79,16,5,2026-10-06 10:08:40
152,2026-09-12 17:00:00,LOC-JKT-01,29.82,45.07,27.5,78.0,3.5,114.0,0.0,8.84,1,0,39.29,25.51,31.35,17,5,2026-10-06 10:08:40
153,2026-09-12 18:00:00,LOC-JKT-01,30.11,46.77,27.3,79.0,5.4,104.0,0.0,6.93,1,0,29.82,32.17,31.47,18,5,2026-10-06 10:08:40
154,2026-09-12 19:00:00,LOC-JKT-01,36.17,56.92,26.8,81.0,4.7,122.0,0.0,10.59,1,0,30.11,28.87,32.2,19,5,2026-10-06 10:08:40
155,2026-09-12 20:00:00,LOC-JKT-01,34.07,50.87,26.6,81.0,4.7,148.0,0.0,8.93,1,0,36.17,31.83,33.39,20,5,2026-10-06 10:08:40
156,2026-09-12 21:00:00,LOC-JKT-01,29.76,43.75,26.5,80.0,3.8,139.0,0.0,13.32,1,0,34.07,32.5,33.2,21,5,2026-10-06 10:08:40
157,2026-09-12 22:00:00,LOC-JKT-01,33.6,50.2,26.3,82.0,2.8,108.0,0.0,24.73,1,0,29.76,30.16,32.26,22,5,2026-10-06 10:08:40
158,2026-09-12 23:00:00,LOC-JKT-01,31.47,51.12,26.1,83.0,2.5,69.0,0.0,30.53,1,0,33.6,30.53,32.53,23,5,2026-10-06 10:08:40
159,2026-09-13 00:00:00,LOC-JKT-01,43.49,64.39,27.0,77.0,1.9,146.0,0.0,33.82,1,0,31.47,49.5,34.76,0,6,2026-10-06 10:08:40
160,2026-09-13 01:00:00,LOC-JKT-01,47.52,72.68,28.2,71.0,2.7,132.0,0.0,45.61,1,0,43.49,46.71,36.65,1,6,2026-10-06 10:08:40
161,2026-09-13 02:00:00,LOC-JKT-01,42.74,67.21,29.9,62.0,5.1,122.0,0.0,42.78,1,0,47.52,32.37,38.1,2,6,2026-10-06 10:08:40
162,2026-09-13 03:00:00,LOC-JKT-01,31.54,52.46,31.6,54.0,8.8,105.0,0.0,50.86,1,0,42.74,25.64,38.39,3,6,2026-10-06 10:08:40
163,2026-09-13 04:00:00,LOC-JKT-01,36.41,54.93,33.4,43.0,11.4,106.0,0.0,55.16,1,0,31.54,26.97,38.86,4,6,2026-10-06 10:08:40
164,2026-09-13 05:00:00,LOC-JKT-01,29.07,46.29,35.2,33.0,12.7,105.0,0.0,59.34,1,0,36.41,36.24,38.46,5,6,2026-10-06 10:08:40
165,2026-09-13 06:00:00,LOC-JKT-01,33.79,52.62,36.2,29.0,13.1,99.0,0.0,65.86,1,0,29.07,33.61,36.85,6,6,2026-10-06 10:08:40
166,2026-09-13 07:00:00,LOC-JKT-01,36.83,56.48,35.7,32.0,14.2,75.0,0.0,67.41,1,0,33.79,28.1,35.06,7,6,2026-10-06 10:08:40
167,2026-09-13 08:00:00,LOC-JKT-01,27.81,42.39,35.0,35.0,14.1,69.0,0.0,60.7,1,0,36.83,34.81,32.58,8,6,2026-10-06 10:08:40
168,2026-09-13 09:00:00,LOC-JKT-01,35.35,53.51,34.0,36.0,14.4,62.0,0.0,61.47,1,0,27.81,34.76,33.21,9,6,2026-10-06 10:08:40
169,2026-09-13 10:00:00,LOC-JKT-01,56.07,86.75,32.7,38.0,13.2,60.0,0.0,65.38,1,0,35.35,49.05,36.49,10,6,2026-10-06 10:08:40
170,2026-09-13 11:00:00,LOC-JKT-01,50.44,81.2,31.1,45.0,11.0,55.0,0.0,59.86,1,0,56.07,50.45,40.05,11,6,2026-10-06 10:08:40
171,2026-09-13 12:00:00,LOC-JKT-01,29.82,45.05,29.8,57.0,11.1,74.0,0.0,50.16,1,0,50.44,29.43,39.39,12,6,2026-10-06 10:08:40
172,2026-09-13 13:00:00,LOC-JKT-01,35.38,55.67,29.0,66.0,10.1,79.0,0.0,55.69,1,0,29.82,31.78,39.15,13,6,2026-10-06 10:08:40
173,2026-09-13 14:00:00,LOC-JKT-01,47.56,70.31,28.7,69.0,9.1,82.0,0.0,43.69,1,0,35.38,26.9,42.44,14,6,2026-10-06 10:08:40
174,2026-09-13 15:00:00,LOC-JKT-01,32.24,48.84,28.5,71.0,7.4,89.0,0.0,38.06,1,0,47.56,30.9,41.92,15,6,2026-10-06 10:08:40
175,2026-09-13 16:00:00,LOC-JKT-01,35.12,53.39,28.2,73.0,5.4,98.0,0.0,33.44,1,0,32.24,39.29,38.43,16,6,2026-10-06 10:08:40
176,2026-09-13 17:00:00,LOC-JKT-01,33.05,53.65,27.8,74.0,4.1,113.0,0.0,5.92,1,0,35.12,29.82,35.53,17,6,2026-10-06 10:08:40
177,2026-09-13 18:00:00,LOC-JKT-01,32.35,48.42,27.6,74.0,4.9,123.0,0.0,6.8,1,0,33.05,30.11,35.95,18,6,2026-10-06 10:08:40
178,2026-09-13 19:00:00,LOC-JKT-01,24.08,39.9,27.1,76.0,3.1,144.0,0.0,12.81,1,0,32.35,36.17,34.07,19,6,2026-10-06 10:08:40
179,2026-09-13 20:00:00,LOC-JKT-01,28.26,41.4,26.7,77.0,4.0,180.0,0.0,12.13,1,0,24.08,34.07,30.85,20,6,2026-10-06 10:08:40
180,2026-09-13 21:00:00,LOC-JKT-01,32.96,50.6,26.3,78.0,4.0,180.0,0.0,22.26,1,0,28.26,29.76,30.97,21,6,2026-10-06 10:08:40
181,2026-09-13 22:00:00,LOC-JKT-01,32.94,48.22,25.8,78.0,3.8,172.0,0.0,21.64,1,0,32.96,33.6,30.61,22,6,2026-10-06 10:08:40
182,2026-09-13 23:00:00,LOC-JKT-01,37.17,58.04,25.5,78.0,3.2,180.0,0.0,27.44,1,0,32.94,31.47,31.29,23,6,2026-10-06 10:08:40
183,2026-09-14 00:00:00,LOC-JKT-01,57.51,90.56,27.2,67.0,2.0,153.0,0.0,84.63,0,0,37.17,43.49,35.49,0,0,2026-10-06 10:08:40
184,2026-09-14 01:00:00,LOC-JKT-01,49.9,79.39,29.3,59.0,2.8,101.0,0.0,85.11,0,0,57.51,47.52,39.79,1,0,2026-10-06 10:08:40
185,2026-09-14 02:00:00,LOC-JKT-01,28.68,46.55,31.5,46.0,10.3,102.0,0.0,91.78,0,0,49.9,42.74,39.86,2,0,2026-10-06 10:08:40
186,2026-09-14 03:00:00,LOC-JKT-01,39.08,63.27,33.1,38.0,12.5,98.0,0.0,54.48,0,0,28.68,31.54,40.88,3,0,2026-10-06 10:08:40
187,2026-09-14 04:00:00,LOC-JKT-01,34.37,55.95,35.0,29.0,13.5,92.0,0.0,53.58,0,0,39.08,36.41,41.12,4,0,2026-10-06 10:08:40
188,2026-09-14 05:00:00,LOC-JKT-01,30.89,49.59,36.6,24.0,12.8,84.0,0.0,52.94,0,0,34.37,29.07,40.07,5,0,2026-10-06 10:08:40
189,2026-09-14 06:00:00,LOC-JKT-01,27.78,43.27,36.7,27.0,16.0,67.0,0.0,46.27,0,0,30.89,33.79,35.12,6,0,2026-10-06 10:08:40
190,2026-09-14 07:00:00,LOC-JKT-01,33.16,53.95,36.1,26.0,18.2,63.0,0.0,54.32,0,0,27.78,36.83,32.33,7,0,2026-10-06 10:08:40
191,2026-09-14 08:00:00,LOC-JKT-01,31.84,48.27,35.3,27.0,17.2,61.0,0.0,62.54,0,0,33.16,27.81,32.85,8,0,2026-10-06 10:08:40
192,2026-09-14 09:00:00,LOC-JKT-01,37.93,62.34,33.7,35.0,17.0,53.0,0.0,51.83,0,0,31.84,35.35,32.66,9,0,2026-10-06 10:08:40
193,2026-09-14 10:00:00,LOC-JKT-01,50.54,78.81,31.8,44.0,14.8,56.0,0.0,83.73,0,0,37.93,56.07,35.36,10,0,2026-10-06 10:08:40
194,2026-09-14 11:00:00,LOC-JKT-01,45.99,70.58,30.3,51.0,11.4,63.0,0.0,93.05,0,0,50.54,50.44,37.87,11,0,2026-10-06 10:08:40
195,2026-09-14 12:00:00,LOC-JKT-01,34.49,56.92,29.9,55.0,10.7,67.0,0.0,89.45,0,0,45.99,29.82,38.99,12,0,2026-10-06 10:08:40
196,2026-09-14 13:00:00,LOC-JKT-01,26.07,39.89,28.9,61.0,7.6,72.0,0.0,23.12,0,0,34.49,35.38,37.81,13,0,2026-10-06 10:08:40
197,2026-09-14 14:00:00,LOC-JKT-01,30.2,47.27,28.5,66.0,3.4,84.0,0.0,19.45,0,0,26.07,47.56,37.54,14,0,2026-10-06 10:08:40
198,2026-09-14 15:00:00,LOC-JKT-01,32.07,51.45,28.4,68.0,2.9,112.0,0.0,18.73,0,0,30.2,32.24,36.56,15,0,2026-10-06 10:08:40
199,2026-09-14 16:00:00,LOC-JKT-01,35.94,52.49,28.2,69.0,2.9,137.0,0.0,25.96,0,0,32.07,35.12,34.13,16,0,2026-10-06 10:08:40
200,2026-09-14 17:00:00,LOC-JKT-01,27.85,43.99,27.8,70.0,2.7,172.0,0.0,24.16,0,0,35.94,33.05,31.1,17,0,2026-10-06 10:08:40
201,2026-09-14 18:00:00,LOC-JKT-01,36.86,55.91,27.4,67.0,4.9,98.0,0.0,26.18,0,0,27.85,32.35,31.5,18,0,2026-10-06 10:08:40
202,2026-09-14 19:00:00,LOC-JKT-01,34.59,52.79,26.6,72.0,2.7,113.0,0.0,23.92,0,0,36.86,24.08,32.92,19,0,2026-10-06 10:08:40
203,2026-09-14 20:00:00,LOC-JKT-01,31.77,48.92,26.2,73.0,2.7,157.0,0.0,18.59,0,0,34.59,28.26,33.18,20,0,2026-10-06 10:08:40
204,2026-09-14 21:00:00,LOC-JKT-01,30.88,48.44,25.9,74.0,3.8,180.0,0.0,14.67,0,0,31.77,32.96,32.98,21,0,2026-10-06 10:08:40
205,2026-09-14 22:00:00,LOC-JKT-01,34.63,53.43,25.7,74.0,4.2,200.0,0.0,19.46,0,0,30.88,32.94,32.76,22,0,2026-10-06 10:08:40
206,2026-09-14 23:00:00,LOC-JKT-01,31.0,47.68,25.6,75.0,6.0,205.0,0.0,17.0,0,0,34.63,37.17,33.29,23,0,2026-10-06 10:08:40
207,2026-09-15 00:00:00,LOC-JKT-01,47.19,74.63,27.3,67.0,5.8,206.0,0.0,79.02,0,0,31.0,57.51,35.01,0,1,2026-10-06 10:08:40
208,2026-09-15 01:00:00,LOC-JKT-01,54.99,83.2,28.8,60.0,4.2,200.0,0.0,89.56,0,0,47.19,49.9,38.41,1,1,2026-10-06 10:08:40
209,2026-09-15 02:00:00,LOC-JKT-01,40.23,65.46,30.7,51.0,2.7,188.0,0.0,87.45,0,0,54.99,28.68,39.82,2,1,2026-10-06 10:08:40
210,2026-09-15 03:00:00,LOC-JKT-01,35.72,51.92,32.5,42.0,3.1,114.0,0.0,42.98,0,0,40.23,39.08,40.63,3,1,2026-10-06 10:08:40
211,2026-09-15 04:00:00,LOC-JKT-01,26.18,37.24,34.0,34.0,5.1,84.0,0.0,56.19,0,0,35.72,34.37,39.22,4,1,2026-10-06 10:08:40
212,2026-09-15 05:00:00,LOC-JKT-01,38.64,57.81,35.2,28.0,5.9,70.0,0.0,54.0,0,0,26.18,30.89,40.49,5,1,2026-10-06 10:08:40
213,2026-09-15 06:00:00,LOC-JKT-01,31.16,50.08,35.2,30.0,5.7,351.0,0.0,59.68,0,0,38.64,27.78,37.82,6,1,2026-10-06 10:08:40
214,2026-09-15 07:00:00,LOC-JKT-01,29.57,45.21,35.8,31.0,6.5,336.0,0.0,49.86,0,0,31.16,33.16,33.58,7,1,2026-10-06 10:08:40
215,2026-09-15 08:00:00,LOC-JKT-01,33.99,53.87,35.4,29.0,13.5,25.0,0.0,56.41,0,0,29.57,31.84,32.54,8,1,2026-10-06 10:08:40
216,2026-09-15 09:00:00,LOC-JKT-01,34.79,53.23,34.0,31.0,16.7,47.0,0.0,52.46,0,0,33.99,37.93,32.39,9,1,2026-10-06 10:08:40
217,2026-09-15 10:00:00,LOC-JKT-01,56.98,86.54,32.7,31.0,14.9,49.0,0.0,84.25,0,0,34.79,50.54,37.52,10,1,2026-10-06 10:08:40
218,2026-09-15 11:00:00,LOC-JKT-01,46.14,69.69,31.5,36.0,8.9,34.0,0.0,77.28,0,0,56.98,45.99,38.77,11,1,2026-10-06 10:08:40
219,2026-09-15 12:00:00,LOC-JKT-01,41.08,62.8,30.4,47.0,5.7,46.0,0.0,82.76,0,0,46.14,34.49,40.43,12,1,2026-10-06 10:08:40
220,2026-09-15 13:00:00,LOC-JKT-01,33.86,53.7,29.6,52.0,4.2,70.0,0.0,21.12,0,0,41.08,26.07,41.14,13,1,2026-10-06 10:08:40
221,2026-09-15 14:00:00,LOC-JKT-01,36.63,57.11,29.2,54.0,5.7,81.0,0.0,18.95,0,0,33.86,30.2,41.58,14,1,2026-10-06 10:08:40
222,2026-09-15 15:00:00,LOC-JKT-01,31.38,50.26,28.7,58.0,6.1,78.0,0.0,19.7,0,0,36.63,32.07,41.01,15,1,2026-10-06 10:08:40
223,2026-09-15 16:00:00,LOC-JKT-01,22.87,36.84,28.2,63.0,4.9,92.0,0.0,14.3,0,0,31.38,35.94,35.33,16,1,2026-10-06 10:08:40
224,2026-09-15 17:00:00,LOC-JKT-01,33.28,53.33,27.9,66.0,3.9,112.0,0.0,22.0,0,0,22.87,27.85,33.18,17,1,2026-10-06 10:08:40
225,2026-09-15 18:00:00,LOC-JKT-01,33.53,54.42,27.5,68.0,4.1,113.0,0.0,23.9,0,0,33.28,36.86,31.93,18,1,2026-10-06 10:08:40
226,2026-09-15 19:00:00,LOC-JKT-01,36.02,54.77,27.1,70.0,3.7,137.0,0.0,21.78,0,0,33.53,34.59,32.29,19,1,2026-10-06 10:08:40
227,2026-09-15 20:00:00,LOC-JKT-01,24.41,38.98,27.0,70.0,3.4,174.0,0.0,19.77,0,0,36.02,31.77,30.25,20,1,2026-10-06 10:08:40
228,2026-09-15 21:00:00,LOC-JKT-01,37.05,58.94,26.7,70.0,3.6,198.0,0.0,14.29,0,0,24.41,30.88,31.19,21,1,2026-10-06 10:08:40
229,2026-09-15 22:00:00,LOC-JKT-01,41.94,63.24,26.3,71.0,4.4,210.0,0.0,17.09,0,0,37.05,34.63,34.37,22,1,2026-10-06 10:08:40
230,2026-09-15 23:00:00,LOC-JKT-01,26.62,37.72,26.0,71.0,3.8,211.0,0.0,17.4,0,0,41.94,31.0,33.26,23,1,2026-10-06 10:08:40
231,2026-09-16 00:00:00,LOC-JKT-01,47.79,76.02,27.2,65.0,2.8,215.0,0.0,84.11,0,0,26.62,47.19,35.64,0,2,2026-10-06 10:08:40
232,2026-09-16 01:00:00,LOC-JKT-01,46.04,68.51,28.9,58.0,2.5,225.0,0.0,87.48,0,0,47.79,54.99,37.31,1,2,2026-10-06 10:08:40
233,2026-09-16 02:00:00,LOC-JKT-01,33.39,49.76,30.8,49.0,2.9,248.0,0.0,85.58,0,0,46.04,40.23,38.81,2,2,2026-10-06 10:08:40
234,2026-09-16 03:00:00,LOC-JKT-01,29.36,43.54,32.7,42.0,1.5,315.0,0.0,63.81,0,0,33.39,35.72,37.52,3,2,2026-10-06 10:08:40
235,2026-09-16 04:00:00,LOC-JKT-01,36.67,57.12,34.2,37.0,3.8,360.0,0.0,50.96,0,0,29.36,26.18,36.65,4,2,2026-10-06 10:08:40
236,2026-09-16 05:00:00,LOC-JKT-01,22.11,35.33,35.4,35.0,7.1,7.0,0.0,56.46,0,0,36.67,38.64,35.89,5,2,2026-10-06 10:08:40
237,2026-09-16 06:00:00,LOC-JKT-01,34.35,52.34,34.9,36.0,8.5,6.0,0.0,57.9,0,0,22.11,31.16,33.65,6,2,2026-10-06 10:08:40
238,2026-09-16 07:00:00,LOC-JKT-01,34.17,53.39,33.5,42.0,13.6,11.0,0.3,51.61,0,0,34.35,29.57,31.68,7,2,2026-10-06 10:08:40
239,2026-09-16 08:00:00,LOC-JKT-01,36.8,54.74,32.2,50.0,12.4,2.0,0.3,65.26,0,0,34.17,33.99,32.24,8,2,2026-10-06 10:08:40
240,2026-09-16 09:00:00,LOC-JKT-01,28.37,45.08,31.4,48.0,12.1,3.0,0.0,48.36,0,0,36.8,34.79,32.08,9,2,2026-10-06 10:08:40
241,2026-09-16 10:00:00,LOC-JKT-01,57.17,86.04,30.7,51.0,9.8,13.0,0.0,90.41,0,0,28.37,56.98,35.5,10,2,2026-10-06 10:08:40
242,2026-09-16 11:00:00,LOC-JKT-01,46.2,68.11,29.8,57.0,8.5,354.0,0.0,81.18,0,0,57.17,46.14,39.51,11,2,2026-10-06 10:08:40
243,2026-09-16 12:00:00,LOC-JKT-01,27.74,45.32,29.7,59.0,5.7,349.0,0.0,89.58,0,0,46.2,41.08,38.41,12,2,2026-10-06 10:08:40
244,2026-09-16 13:00:00,LOC-JKT-01,39.08,60.65,29.2,62.0,3.1,357.0,0.0,12.97,0,0,27.74,33.86,39.23,13,2,2026-10-06 10:08:40
245,2026-09-16 14:00:00,LOC-JKT-01,29.19,47.53,29.0,63.0,0.3,45.0,0.0,25.4,0,0,39.08,36.63,37.96,14,2,2026-10-06 10:08:40
246,2026-09-16 15:00:00,LOC-JKT-01,25.38,39.49,28.8,65.0,1.7,139.0,0.0,19.59,0,0,29.19,31.38,37.46,15,2,2026-10-06 10:08:40
247,2026-09-16 16:00:00,LOC-JKT-01,30.73,45.91,28.6,65.0,2.9,133.0,0.0,20.56,0,0,25.38,22.87,33.05,16,2,2026-10-06 10:08:40
248,2026-09-16 17:00:00,LOC-JKT-01,30.17,45.87,28.2,66.0,4.6,141.0,0.0,18.11,0,0,30.73,33.28,30.38,17,2,2026-10-06 10:08:40
249,2026-09-16 18:00:00,LOC-JKT-01,32.77,53.68,28.0,64.0,3.2,117.0,0.0,18.37,0,0,30.17,33.53,31.22,18,2,2026-10-06 10:08:40
250,2026-09-16 19:00:00,LOC-JKT-01,35.84,54.21,27.3,70.0,3.1,103.0,0.0,18.98,0,0,32.77,36.02,30.68,19,2,2026-10-06 10:08:40
251,2026-09-16 20:00:00,LOC-JKT-01,39.98,65.03,26.9,72.0,3.0,104.0,0.0,22.66,0,0,35.84,24.41,32.48,20,2,2026-10-06 10:08:40
252,2026-09-16 21:00:00,LOC-JKT-01,29.62,44.42,26.4,74.0,3.7,129.0,0.0,24.09,0,0,39.98,37.05,33.19,21,2,2026-10-06 10:08:40
253,2026-09-16 22:00:00,LOC-JKT-01,40.64,64.16,25.9,78.0,4.0,153.0,0.0,17.44,0,0,29.62,41.94,34.84,22,2,2026-10-06 10:08:40
254,2026-09-16 23:00:00,LOC-JKT-01,37.81,60.72,25.6,81.0,3.7,166.0,0.0,16.03,0,0,40.64,26.62,36.11,23,2,2026-10-06 10:08:40
255,2026-09-17 00:00:00,LOC-JKT-01,48.57,75.37,27.1,72.0,3.1,170.0,0.0,78.57,0,0,37.81,47.79,38.74,0,3,2026-10-06 10:08:40
256,2026-09-17 01:00:00,LOC-JKT-01,54.37,85.92,28.8,63.0,1.0,121.0,0.0,78.72,0,0,48.57,46.04,41.83,1,3,2026-10-06 10:08:40
257,2026-09-17 02:00:00,LOC-JKT-01,28.98,45.17,30.6,54.0,0.9,323.0,0.0,80.59,0,0,54.37,33.39,40.0,2,3,2026-10-06 10:08:40
258,2026-09-17 03:00:00,LOC-JKT-01,26.24,40.31,32.2,47.0,1.4,320.0,0.0,65.52,0,0,28.98,29.36,39.44,3,3,2026-10-06 10:08:40
259,2026-09-17 04:00:00,LOC-JKT-01,27.65,43.57,33.6,42.0,3.3,347.0,0.0,57.45,0,0,26.24,36.67,37.27,4,3,2026-10-06 10:08:40
260,2026-09-17 05:00:00,LOC-JKT-01,37.57,59.46,34.4,40.0,7.2,360.0,0.0,53.17,0,0,27.65,22.11,37.23,5,3,2026-10-06 10:08:40
261,2026-09-17 06:00:00,LOC-JKT-01,37.18,57.15,34.3,42.0,8.8,358.0,0.1,60.46,0,0,37.57,34.35,35.33,6,3,2026-10-06 10:08:40
262,2026-09-17 07:00:00,LOC-JKT-01,36.45,57.75,32.8,49.0,13.7,360.0,0.6,56.87,0,0,37.18,34.17,32.35,7,3,2026-10-06 10:08:40
263,2026-09-17 08:00:00,LOC-JKT-01,36.2,56.24,31.8,52.0,12.9,9.0,0.2,48.69,0,0,36.45,36.8,33.55,8,3,2026-10-06 10:08:40
264,2026-09-17 09:00:00,LOC-JKT-01,34.37,53.21,31.5,50.0,11.4,5.0,0.0,58.18,0,0,36.2,28.37,34.9,9,3,2026-10-06 10:08:40
265,2026-09-17 10:00:00,LOC-JKT-01,46.32,71.01,30.5,56.0,11.1,7.0,0.0,89.75,0,0,34.37,57.17,38.02,10,3,2026-10-06 10:08:40
266,2026-09-17 11:00:00,LOC-JKT-01,46.78,74.59,29.5,63.0,8.2,14.0,0.0,85.89,0,0,46.32,46.2,39.55,11,3,2026-10-06 10:08:40
267,2026-09-17 12:00:00,LOC-JKT-01,34.89,49.73,29.7,61.0,6.9,41.0,0.0,87.68,0,0,46.78,27.74,39.17,12,3,2026-10-06 10:08:40
268,2026-09-17 13:00:00,LOC-JKT-01,35.09,55.32,29.2,63.0,6.4,47.0,0.0,22.9,0,0,34.89,39.08,38.94,13,3,2026-10-06 10:08:40
269,2026-09-17 14:00:00,LOC-JKT-01,33.06,51.78,29.0,64.0,6.0,57.0,0.0,20.77,0,0,35.09,29.19,38.42,14,3,2026-10-06 10:08:40
270,2026-09-17 15:00:00,LOC-JKT-01,33.8,52.95,28.8,66.0,4.4,58.0,0.0,19.85,0,0,33.06,25.38,38.32,15,3,2026-10-06 10:08:40
271,2026-09-17 16:00:00,LOC-JKT-01,35.15,55.5,28.6,67.0,3.3,96.0,0.0,10.94,0,0,33.8,30.73,36.46,16,3,2026-10-06 10:08:40
272,2026-09-17 17:00:00,LOC-JKT-01,36.22,54.87,28.1,70.0,3.8,135.0,0.0,12.61,0,0,35.15,30.17,34.7,17,3,2026-10-06 10:08:40
273,2026-09-17 18:00:00,LOC-JKT-01,31.62,46.12,27.9,70.0,3.3,112.0,0.0,22.41,0,0,36.22,32.77,34.16,18,3,2026-10-06 10:08:40
274,2026-09-17 19:00:00,LOC-JKT-01,33.83,52.75,27.4,73.0,3.1,100.0,0.0,23.15,0,0,31.62,35.84,33.95,19,3,2026-10-06 10:08:40
275,2026-09-17 20:00:00,LOC-JKT-01,29.76,45.76,27.2,75.0,2.9,86.0,0.0,17.06,0,0,33.83,39.98,33.4,20,3,2026-10-06 10:08:40
276,2026-09-17 21:00:00,LOC-JKT-01,36.93,57.64,26.9,76.0,2.8,63.0,0.0,28.4,0,0,29.76,29.62,33.92,21,3,2026-10-06 10:08:40
277,2026-09-17 22:00:00,LOC-JKT-01,38.66,61.29,26.6,79.0,3.3,96.0,0.0,21.29,0,0,36.93,40.64,34.5,22,3,2026-10-06 10:08:40
278,2026-09-17 23:00:00,LOC-JKT-01,31.2,47.4,26.4,80.0,4.9,94.0,0.0,13.75,0,0,38.66,37.81,33.67,23,3,2026-10-06 10:08:40
279,2026-09-18 00:00:00,LOC-JKT-01,50.62,78.8,28.0,71.0,5.0,111.0,0.0,86.69,0,0,31.2,48.57,36.83,0,4,2026-10-06 10:08:40
280,2026-09-18 01:00:00,LOC-JKT-01,48.66,75.32,29.1,66.0,6.9,105.0,0.0,84.68,0,0,50.62,54.37,39.31,1,4,2026-10-06 10:08:40
281,2026-09-18 02:00:00,LOC-JKT-01,27.41,44.76,30.3,60.0,7.3,97.0,0.1,87.01,0,0,48.66,28.98,38.91,2,4,2026-10-06 10:08:40
282,2026-09-18 03:00:00,LOC-JKT-01,35.31,51.69,31.9,53.0,6.2,80.0,0.1,48.24,0,0,27.41,26.24,38.64,3,4,2026-10-06 10:08:40
283,2026-09-18 04:00:00,LOC-JKT-01,33.67,56.19,33.5,46.0,4.4,71.0,0.1,58.5,0,0,35.31,27.65,37.81,4,4,2026-10-06 10:08:40
284,2026-09-18 05:00:00,LOC-JKT-01,26.04,38.19,34.5,43.0,5.5,17.0,0.1,51.29,0,0,33.67,37.57,36.95,5,4,2026-10-06 10:08:40
285,2026-09-18 06:00:00,LOC-JKT-01,34.48,52.61,34.6,42.0,9.2,356.0,0.3,54.13,0,0,26.04,37.18,34.26,6,4,2026-10-06 10:08:40
286,2026-09-18 07:00:00,LOC-JKT-01,31.18,48.49,32.8,49.0,14.5,354.0,1.2,61.25,0,0,34.48,36.45,31.35,7,4,2026-10-06 10:08:40
287,2026-09-18 08:00:00,LOC-JKT-01,34.25,53.68,31.1,58.0,13.3,359.0,0.5,56.97,0,0,31.18,36.2,32.49,8,4,2026-10-06 10:08:40
288,2026-09-18 09:00:00,LOC-JKT-01,38.98,64.33,30.8,58.0,10.5,3.0,0.0,52.83,0,0,34.25,34.37,33.1,9,4,2026-10-06 10:08:40
289,2026-09-18 10:00:00,LOC-JKT-01,45.11,68.86,30.1,62.0,9.6,8.0,0.0,92.41,0,0,38.98,46.32,35.01,10,4,2026-10-06 10:08:40
290,2026-09-18 11:00:00,LOC-JKT-01,54.0,84.02,29.8,64.0,7.2,18.0,0.0,82.54,0,0,45.11,46.78,39.67,11,4,2026-10-06 10:08:40
291,2026-09-18 12:00:00,LOC-JKT-01,27.88,47.81,28.7,69.0,5.7,125.0,0.4,94.03,0,0,54.0,34.89,38.57,12,4,2026-10-06 10:08:40
292,2026-09-18 13:00:00,LOC-JKT-01,32.95,50.54,28.0,73.0,4.9,82.0,0.1,23.59,0,0,27.88,35.09,38.86,13,4,2026-10-06 10:08:40
293,2026-09-18 14:00:00,LOC-JKT-01,35.01,52.21,27.8,75.0,3.1,93.0,0.0,13.92,0,0,32.95,33.06,38.99,14,4,2026-10-06 10:08:40
294,2026-09-18 15:00:00,LOC-JKT-01,39.65,60.19,27.6,76.0,0.7,360.0,0.0,19.79,0,0,35.01,33.8,39.1,15,4,2026-10-06 10:08:40
295,2026-09-18 16:00:00,LOC-JKT-01,33.76,53.81,27.7,76.0,2.5,135.0,0.0,18.86,0,0,39.65,35.15,37.21,16,4,2026-10-06 10:08:40
296,2026-09-18 17:00:00,LOC-JKT-01,42.94,68.85,27.6,75.0,3.6,177.0,0.0,15.23,0,0,33.76,36.22,35.37,17,4,2026-10-06 10:08:40
297,2026-09-18 18:00:00,LOC-JKT-01,35.53,53.82,25.1,87.0,6.3,275.0,0.8,22.56,0,0,42.94,31.62,36.64,18,4,2026-10-06 10:08:40
298,2026-09-18 19:00:00,LOC-JKT-01,29.77,43.64,22.8,99.0,5.9,225.0,4.1,17.35,0,0,35.53,33.83,36.11,19,4,2026-10-06 10:08:40
299,2026-09-18 20:00:00,LOC-JKT-01,32.92,50.71,23.8,96.0,4.6,169.0,0.9,17.34,0,0,29.77,29.76,35.76,20,4,2026-10-06 10:08:40
300,2026-09-18 21:00:00,LOC-JKT-01,34.88,54.34,24.2,97.0,2.3,108.0,0.1,23.27,0,0,32.92,36.93,34.97,21,4,2026-10-06 10:08:40
301,2026-09-18 22:00:00,LOC-JKT-01,38.93,54.96,24.4,96.0,0.8,135.0,0.0,26.22,0,0,34.88,38.66,35.83,22,4,2026-10-06 10:08:40
302,2026-09-18 23:00:00,LOC-JKT-01,36.74,56.0,24.6,97.0,2.6,192.0,0.0,17.04,0,0,38.93,31.2,34.8,23,4,2026-10-06 10:08:40
303,2026-09-19 00:00:00,LOC-JKT-01,52.67,79.95,27.4,79.0,3.9,124.0,0.0,39.64,1,0,36.74,50.62,37.65,0,5,2026-10-06 10:08:40
304,2026-09-19 01:00:00,LOC-JKT-01,49.33,76.03,28.5,72.0,5.5,113.0,0.0,38.49,1,0,52.67,48.66,40.91,1,5,2026-10-06 10:08:40
305,2026-09-19 02:00:00,LOC-JKT-01,27.86,42.63,29.7,68.0,6.2,111.0,0.0,51.38,1,0,49.33,27.41,40.07,2,5,2026-10-06 10:08:40
306,2026-09-19 03:00:00,LOC-JKT-01,36.09,51.97,30.8,64.0,4.2,95.0,0.0,50.66,1,0,27.86,35.31,40.27,3,5,2026-10-06 10:08:40
307,2026-09-19 04:00:00,LOC-JKT-01,31.73,47.54,31.7,61.0,3.1,45.0,0.0,57.39,1,0,36.09,33.67,39.07,4,5,2026-10-06 10:08:40
308,2026-09-19 05:00:00,LOC-JKT-01,39.31,56.12,32.4,58.0,4.8,349.0,0.0,58.9,1,0,31.73,26.04,39.5,5,5,2026-10-06 10:08:40
309,2026-09-19 06:00:00,LOC-JKT-01,36.15,56.27,32.8,55.0,8.6,334.0,0.4,62.72,1,0,39.31,34.48,36.75,6,5,2026-10-06 10:08:40
310,2026-09-19 07:00:00,LOC-JKT-01,28.86,45.83,30.9,68.0,12.1,349.0,0.7,60.18,1,0,36.15,31.18,33.33,7,5,2026-10-06 10:08:40
311,2026-09-19 08:00:00,LOC-JKT-01,34.11,54.6,31.1,64.0,11.8,11.0,0.0,62.65,1,0,28.86,34.25,34.38,8,5,2026-10-06 10:08:40
312,2026-09-19 09:00:00,LOC-JKT-01,27.85,39.06,30.2,67.0,9.6,30.0,0.1,67.12,1,0,34.11,38.98,33.0,9,5,2026-10-06 10:08:40
313,2026-09-19 10:00:00,LOC-JKT-01,46.2,74.07,27.2,84.0,8.1,252.0,1.1,64.78,1,0,27.85,45.11,35.41,10,5,2026-10-06 10:08:40
314,2026-09-19 11:00:00,LOC-JKT-01,53.97,83.84,25.4,96.0,8.3,200.0,1.4,59.35,1,0,46.2,54.0,37.86,11,5,2026-10-06 10:08:40
315,2026-09-19 12:00:00,LOC-JKT-01,32.55,46.58,25.9,97.0,6.4,205.0,0.9,56.57,1,0,53.97,27.88,37.26,12,5,2026-10-06 10:08:40
316,2026-09-19 13:00:00,LOC-JKT-01,27.72,39.08,25.9,93.0,5.7,208.0,0.0,50.78,1,0,32.55,32.95,37.07,13,5,2026-10-06 10:08:40
317,2026-09-19 14:00:00,LOC-JKT-01,30.03,46.16,26.1,92.0,4.5,209.0,0.0,43.29,1,0,27.72,35.01,36.39,14,5,2026-10-06 10:08:40
318,2026-09-19 15:00:00,LOC-JKT-01,32.87,51.92,26.3,90.0,4.2,162.0,0.0,43.35,1,0,30.03,39.65,37.22,15,5,2026-10-06 10:08:40
319,2026-09-19 16:00:00,LOC-JKT-01,31.94,46.72,26.1,91.0,4.9,172.0,0.0,38.36,1,0,32.87,33.76,34.85,16,5,2026-10-06 10:08:40
320,2026-09-19 17:00:00,LOC-JKT-01,34.67,53.11,25.9,92.0,4.3,204.0,0.0,5.58,1,0,31.94,42.94,31.63,17,5,2026-10-06 10:08:40
321,2026-09-19 18:00:00,LOC-JKT-01,31.37,47.5,26.1,93.0,3.7,191.0,0.0,5.0,1,0,34.67,35.53,31.43,18,5,2026-10-06 10:08:40
322,2026-09-19 19:00:00,LOC-JKT-01,31.72,50.35,25.8,93.0,4.8,200.0,0.0,8.57,1,0,31.37,29.77,32.1,19,5,2026-10-06 10:08:40
323,2026-09-19 20:00:00,LOC-JKT-01,41.68,66.74,25.6,93.0,4.3,202.0,0.0,11.41,1,0,31.72,32.92,34.04,20,5,2026-10-06 10:08:40
324,2026-09-19 21:00:00,LOC-JKT-01,29.56,44.97,25.5,93.0,3.9,202.0,0.0,14.6,1,0,41.68,34.88,33.49,21,5,2026-10-06 10:08:40
325,2026-09-19 22:00:00,LOC-JKT-01,40.78,63.68,25.4,93.0,3.8,199.0,0.0,21.2,1,0,29.56,38.93,34.96,22,5,2026-10-06 10:08:40
326,2026-09-19 23:00:00,LOC-JKT-01,34.46,53.92,25.3,93.0,3.7,194.0,0.0,26.92,1,0,40.78,36.74,34.93,23,5,2026-10-06 10:08:40
327,2026-09-20 00:00:00,LOC-JKT-01,46.91,72.2,26.8,89.0,3.2,180.0,0.0,34.13,1,0,34.46,52.67,37.52,0,6,2026-10-06 10:08:40
328,2026-09-20 01:00:00,LOC-JKT-01,48.7,74.25,28.1,78.0,1.2,153.0,0.0,35.89,1,0,46.91,49.33,40.35,1,6,2026-10-06 10:08:40
329,2026-09-20 02:00:00,LOC-JKT-01,41.41,65.15,29.3,72.0,2.3,129.0,0.0,43.61,1,0,48.7,27.86,40.3,2,6,2026-10-06 10:08:40
330,2026-09-20 03:00:00,LOC-JKT-01,29.37,42.2,30.5,66.0,2.1,110.0,0.0,57.98,1,0,41.41,36.09,40.27,3,6,2026-10-06 10:08:40
331,2026-09-20 04:00:00,LOC-JKT-01,31.48,47.71,31.6,61.0,1.7,131.0,0.0,57.46,1,0,29.37,31.73,38.72,4,6,2026-10-06 10:08:40
332,2026-09-20 05:00:00,LOC-JKT-01,34.7,53.6,32.5,57.0,1.2,219.0,0.0,56.96,1,0,31.48,39.31,38.76,5,6,2026-10-06 10:08:40
333,2026-09-20 06:00:00,LOC-JKT-01,38.0,59.45,33.6,51.0,4.5,307.0,0.0,63.45,1,0,34.7,36.15,37.28,6,6,2026-10-06 10:08:40
334,2026-09-20 07:00:00,LOC-JKT-01,35.38,53.07,33.4,53.0,9.4,313.0,0.0,60.69,1,0,38.0,28.86,35.06,7,6,2026-10-06 10:08:40
335,2026-09-20 08:00:00,LOC-JKT-01,36.71,55.65,32.0,58.0,11.6,330.0,0.1,65.77,1,0,35.38,34.11,34.27,8,6,2026-10-06 10:08:40
336,2026-09-20 09:00:00,LOC-JKT-01,26.3,42.57,31.1,63.0,11.8,349.0,0.0,70.26,1,0,36.71,27.85,33.76,9,6,2026-10-06 10:08:40
337,2026-09-20 10:00:00,LOC-JKT-01,48.29,74.22,29.9,68.0,12.5,16.0,0.0,64.41,1,0,26.3,46.2,36.56,10,6,2026-10-06 10:08:40
338,2026-09-20 11:00:00,LOC-JKT-01,47.59,73.53,29.0,73.0,9.5,21.0,0.0,56.14,1,0,48.29,53.97,38.71,11,6,2026-10-06 10:08:40
339,2026-09-20 12:00:00,LOC-JKT-01,30.92,49.03,29.1,73.0,5.9,35.0,0.0,50.53,1,0,47.59,32.55,37.53,12,6,2026-10-06 10:08:40
340,2026-09-20 13:00:00,LOC-JKT-01,37.29,56.69,28.6,78.0,5.1,48.0,0.1,49.81,1,0,30.92,27.72,37.85,13,6,2026-10-06 10:08:40
341,2026-09-20 14:00:00,LOC-JKT-01,38.21,57.68,28.2,80.0,2.1,160.0,0.0,45.44,1,0,37.29,30.03,38.1,14,6,2026-10-06 10:08:40
342,2026-09-20 15:00:00,LOC-JKT-01,31.78,50.96,27.8,84.0,3.1,204.0,0.2,42.68,1,0,38.21,32.87,39.01,15,6,2026-10-06 10:08:40
343,2026-09-20 16:00:00,LOC-JKT-01,31.93,47.38,27.4,87.0,4.7,180.0,0.1,38.68,1,0,31.78,31.94,36.29,16,6,2026-10-06 10:08:40
344,2026-09-20 17:00:00,LOC-JKT-01,30.0,48.48,26.9,90.0,4.7,171.0,0.0,8.86,1,0,31.93,34.67,33.36,17,6,2026-10-06 10:08:40
345,2026-09-20 18:00:00,LOC-JKT-01,35.48,56.31,26.0,91.0,0.7,256.0,0.0,5.0,1,0,30.0,31.37,34.12,18,6,2026-10-06 10:08:40
346,2026-09-20 19:00:00,LOC-JKT-01,35.76,53.32,25.7,94.0,1.8,233.0,0.1,9.81,1,0,35.48,31.72,33.86,19,6,2026-10-06 10:08:40
347,2026-09-20 20:00:00,LOC-JKT-01,35.44,51.37,24.9,92.0,8.3,231.0,0.3,13.05,1,0,35.76,41.68,33.4,20,6,2026-10-06 10:08:40
348,2026-09-20 21:00:00,LOC-JKT-01,35.06,56.56,23.0,98.0,8.5,264.0,4.2,19.29,1,0,35.44,29.56,33.95,21,6,2026-10-06 10:08:40
349,2026-09-20 22:00:00,LOC-JKT-01,31.91,50.06,22.7,100.0,3.6,360.0,8.9,24.38,1,0,35.06,40.78,33.94,22,6,2026-10-06 10:08:40
350,2026-09-20 23:00:00,LOC-JKT-01,39.23,58.75,23.2,98.0,5.2,46.0,6.1,26.2,1,0,31.91,34.46,35.48,23,6,2026-10-06 10:08:40
351,2026-09-21 00:00:00,LOC-JKT-01,54.96,86.89,26.7,86.0,2.4,207.0,2.0,89.07,0,0,39.23,46.91,38.73,0,0,2026-10-06 10:08:40
352,2026-09-21 01:00:00,LOC-JKT-01,47.33,73.54,29.0,66.0,3.9,137.0,0.0,78.06,0,0,54.96,48.7,40.66,1,0,2026-10-06 10:08:40
353,2026-09-21 02:00:00,LOC-JKT-01,31.83,50.16,30.7,56.0,5.0,90.0,0.0,90.46,0,0,47.33,41.41,40.05,2,0,2026-10-06 10:08:40
354,2026-09-21 03:00:00,LOC-JKT-01,31.51,49.5,32.2,50.0,3.6,84.0,0.0,55.99,0,0,31.83,29.37,39.46,3,0,2026-10-06 10:08:40
355,2026-09-21 04:00:00,LOC-JKT-01,26.28,41.96,33.5,46.0,2.0,27.0,0.0,62.69,0,0,31.51,31.48,38.52,4,0,2026-10-06 10:08:40
356,2026-09-21 05:00:00,LOC-JKT-01,28.81,46.89,33.7,47.0,7.4,326.0,0.0,51.54,0,0,26.28,34.7,36.79,5,0,2026-10-06 10:08:40
357,2026-09-21 06:00:00,LOC-JKT-01,37.76,61.6,34.1,46.0,9.9,335.0,0.6,57.53,0,0,28.81,38.0,33.92,6,0,2026-10-06 10:08:40
358,2026-09-21 07:00:00,LOC-JKT-01,27.64,44.03,33.8,48.0,11.7,351.0,0.5,57.66,0,0,37.76,35.38,30.64,7,0,2026-10-06 10:08:40
359,2026-09-21 08:00:00,LOC-JKT-01,25.72,40.66,33.1,49.0,11.6,355.0,0.0,63.14,0,0,27.64,36.71,29.62,8,0,2026-10-06 10:08:40
360,2026-09-21 09:00:00,LOC-JKT-01,29.7,47.21,32.3,49.0,11.4,16.0,0.0,52.92,0,0,25.72,26.3,29.32,9,0,2026-10-06 10:08:40
361,2026-09-21 10:00:00,LOC-JKT-01,47.48,72.67,31.7,51.0,4.1,360.0,0.0,90.87,0,0,29.7,48.29,32.85,10,0,2026-10-06 10:08:40
362,2026-09-21 11:00:00,LOC-JKT-01,45.73,74.92,30.6,56.0,6.7,109.0,0.0,91.95,0,0,47.48,47.59,35.67,11,0,2026-10-06 10:08:40
363,2026-09-21 12:00:00,LOC-JKT-01,33.42,51.86,26.4,82.0,6.5,120.0,0.0,94.84,0,0,45.73,30.92,34.95,12,0,2026-10-06 10:08:40
364,2026-09-21 13:00:00,LOC-JKT-01,26.51,41.7,26.7,77.0,5.2,168.0,0.0,20.72,0,0,33.42,37.29,34.76,13,0,2026-10-06 10:08:40
365,2026-09-21 14:00:00,LOC-JKT-01,26.52,43.83,26.9,77.0,5.4,138.0,0.0,16.87,0,0,26.51,38.21,34.89,14,0,2026-10-06 10:08:40
366,2026-09-21 15:00:00,LOC-JKT-01,34.15,53.15,27.1,77.0,4.3,152.0,0.0,17.54,0,0,26.52,31.78,35.64,15,0,2026-10-06 10:08:40
367,2026-09-21 16:00:00,LOC-JKT-01,32.55,52.56,27.2,76.0,3.8,177.0,0.0,17.22,0,0,34.15,31.93,33.15,16,0,2026-10-06 10:08:40
368,2026-09-21 17:00:00,LOC-JKT-01,28.75,42.41,27.1,77.0,3.0,197.0,0.0,18.16,0,0,32.55,30.0,30.32,17,0,2026-10-06 10:08:40
369,2026-09-21 18:00:00,LOC-JKT-01,33.34,55.59,27.6,75.0,2.3,203.0,0.0,15.6,0,0,28.75,35.48,30.3,18,0,2026-10-06 10:08:40
370,2026-09-21 19:00:00,LOC-JKT-01,33.66,51.42,27.2,76.0,2.1,200.0,0.0,17.23,0,0,33.34,35.76,31.5,19,0,2026-10-06 10:08:40
371,2026-09-21 20:00:00,LOC-JKT-01,29.22,46.05,26.8,79.0,1.8,191.0,0.0,19.7,0,0,33.66,35.44,31.95,20,0,2026-10-06 10:08:40
372,2026-09-21 21:00:00,LOC-JKT-01,32.6,51.04,26.4,80.0,2.5,210.0,0.0,25.96,0,0,29.22,35.06,31.69,21,0,2026-10-06 10:08:40
373,2026-09-21 22:00:00,LOC-JKT-01,32.04,49.52,26.0,82.0,3.2,223.0,0.0,18.25,0,0,32.6,31.91,31.6,22,0,2026-10-06 10:08:40
374,2026-09-21 23:00:00,LOC-JKT-01,30.98,47.87,25.8,83.0,3.8,205.0,0.0,22.26,0,0,32.04,39.23,31.97,23,0,2026-10-06 10:08:40
375,2026-09-22 00:00:00,LOC-JKT-01,46.75,75.12,27.7,72.0,2.7,184.0,0.0,87.29,0,0,30.98,54.96,34.21,0,1,2026-10-06 10:08:40
376,2026-09-22 01:00:00,LOC-JKT-01,49.67,76.92,29.6,62.0,3.7,104.0,0.0,82.39,0,0,46.75,47.33,36.88,1,1,2026-10-06 10:08:40
377,2026-09-22 02:00:00,LOC-JKT-01,33.02,50.35,31.4,54.0,4.5,95.0,0.0,85.93,0,0,49.67,31.83,37.51,2,1,2026-10-06 10:08:40
378,2026-09-22 03:00:00,LOC-JKT-01,31.33,47.46,33.1,47.0,2.5,90.0,0.0,63.64,0,0,33.02,31.51,37.3,3,1,2026-10-06 10:08:40
379,2026-09-22 04:00:00,LOC-JKT-01,30.91,48.69,34.8,40.0,2.1,322.0,0.0,47.17,0,0,31.33,26.28,37.11,4,1,2026-10-06 10:08:40
380,2026-09-22 05:00:00,LOC-JKT-01,38.17,62.48,35.0,39.0,7.9,327.0,0.0,60.34,0,0,30.91,28.81,38.31,5,1,2026-10-06 10:08:40
381,2026-09-22 06:00:00,LOC-JKT-01,33.35,52.46,34.4,42.0,11.5,343.0,0.2,49.04,0,0,38.17,37.76,36.08,6,1,2026-10-06 10:08:40
382,2026-09-22 07:00:00,LOC-JKT-01,33.05,52.26,33.4,47.0,11.7,358.0,0.7,50.13,0,0,33.35,27.64,33.31,7,1,2026-10-06 10:08:40
383,2026-09-22 08:00:00,LOC-JKT-01,29.11,45.24,32.7,49.0,11.8,13.0,0.1,50.96,0,0,33.05,25.72,32.65,8,1,2026-10-06 10:08:40
384,2026-09-22 09:00:00,LOC-JKT-01,38.0,56.19,32.4,51.0,9.5,10.0,0.1,52.24,0,0,29.11,29.7,33.77,9,1,2026-10-06 10:08:40
385,2026-09-22 10:00:00,LOC-JKT-01,47.53,75.25,30.9,59.0,9.6,354.0,0.1,86.38,0,0,38.0,47.48,36.54,10,1,2026-10-06 10:08:40
386,2026-09-22 11:00:00,LOC-JKT-01,49.49,77.66,29.8,65.0,7.0,13.0,0.2,93.17,0,0,47.53,45.73,38.42,11,1,2026-10-06 10:08:40
387,2026-09-22 12:00:00,LOC-JKT-01,33.5,49.71,29.9,63.0,5.8,70.0,0.0,88.85,0,0,49.49,33.42,38.45,12,1,2026-10-06 10:08:40
388,2026-09-22 13:00:00,LOC-JKT-01,41.43,67.2,29.3,67.0,5.2,94.0,0.0,24.15,0,0,33.5,26.51,39.84,13,1,2026-10-06 10:08:40
389,2026-09-22 14:00:00,LOC-JKT-01,31.51,50.73,28.5,71.0,5.2,106.0,0.0,15.9,0,0,41.43,26.52,40.24,14,1,2026-10-06 10:08:40
390,2026-09-22 15:00:00,LOC-JKT-01,33.54,51.96,27.9,74.0,3.4,96.0,0.0,15.81,0,0,31.51,34.15,39.5,15,1,2026-10-06 10:08:40
391,2026-09-22 16:00:00,LOC-JKT-01,25.15,39.83,27.7,75.0,4.2,168.0,0.0,18.75,0,0,33.54,32.55,35.77,16,1,2026-10-06 10:08:40
392,2026-09-22 17:00:00,LOC-JKT-01,32.03,53.6,27.4,75.0,2.1,239.0,0.0,22.53,0,0,25.15,28.75,32.86,17,1,2026-10-06 10:08:40
393,2026-09-22 18:00:00,LOC-JKT-01,36.61,56.55,27.5,73.0,1.9,253.0,0.0,19.79,0,0,32.03,33.34,33.38,18,1,2026-10-06 10:08:40
394,2026-09-22 19:00:00,LOC-JKT-01,34.42,54.27,27.0,76.0,3.3,276.0,0.0,22.93,0,0,36.61,33.66,32.21,19,1,2026-10-06 10:08:40
395,2026-09-22 20:00:00,LOC-JKT-01,36.86,57.33,26.7,78.0,3.6,264.0,0.0,17.3,0,0,34.42,29.22,33.1,20,1,2026-10-06 10:08:40
396,2026-09-22 21:00:00,LOC-JKT-01,32.92,52.67,26.4,80.0,3.8,259.0,0.0,19.88,0,0,36.86,32.6,33.0,21,1,2026-10-06 10:08:40
397,2026-09-22 22:00:00,LOC-JKT-01,34.55,51.58,26.1,83.0,4.2,245.0,0.0,21.3,0,0,32.92,32.04,34.57,22,1,2026-10-06 10:08:40
398,2026-09-22 23:00:00,LOC-JKT-01,25.75,36.8,25.8,86.0,4.2,230.0,0.0,13.49,0,0,34.55,30.98,33.52,23,1,2026-10-06 10:08:40
399,2026-09-23 00:00:00,LOC-JKT-01,52.81,82.99,27.2,78.0,2.6,205.0,0.0,92.7,0,0,25.75,46.75,36.22,0,2,2026-10-06 10:08:40
400,2026-09-23 01:00:00,LOC-JKT-01,50.9,78.01,28.7,69.0,2.2,145.0,0.0,83.48,0,0,52.81,49.67,38.97,1,2,2026-10-06 10:08:40
401,2026-09-23 02:00:00,LOC-JKT-01,37.88,59.51,30.2,61.0,3.2,109.0,0.0,80.52,0,0,50.9,33.02,39.14,2,2,2026-10-06 10:08:40
402,2026-09-23 03:00:00,LOC-JKT-01,30.32,47.98,31.6,56.0,2.3,94.0,0.0,50.08,0,0,37.88,31.33,38.7,3,2,2026-10-06 10:08:40
403,2026-09-23 04:00:00,LOC-JKT-01,36.32,51.86,32.9,51.0,1.3,106.0,0.0,46.83,0,0,30.32,30.91,39.0,4,2,2026-10-06 10:08:40
404,2026-09-23 05:00:00,LOC-JKT-01,35.93,56.1,34.1,47.0,2.0,355.0,0.0,48.43,0,0,36.32,38.17,40.69,5,2,2026-10-06 10:08:40
405,2026-09-23 06:00:00,LOC-JKT-01,41.48,64.58,34.5,46.0,7.6,357.0,0.0,51.63,0,0,35.93,33.35,38.81,6,2,2026-10-06 10:08:40
406,2026-09-23 07:00:00,LOC-JKT-01,32.66,50.37,33.4,52.0,11.6,355.0,0.1,50.24,0,0,41.48,33.05,35.77,7,2,2026-10-06 10:08:40
407,2026-09-23 08:00:00,LOC-JKT-01,40.11,66.49,32.3,54.0,13.7,2.0,0.2,65.04,0,0,32.66,29.11,36.14,8,2,2026-10-06 10:08:40
408,2026-09-23 09:00:00,LOC-JKT-01,33.49,54.01,31.7,51.0,12.8,20.0,0.1,53.1,0,0,40.11,38.0,36.67,9,2,2026-10-06 10:08:40
409,2026-09-23 10:00:00,LOC-JKT-01,47.22,69.51,31.0,53.0,10.3,12.0,0.0,81.71,0,0,33.49,47.53,38.48,10,2,2026-10-06 10:08:40
410,2026-09-23 11:00:00,LOC-JKT-01,55.24,83.15,30.2,55.0,7.3,11.0,0.0,88.11,0,0,47.22,49.49,41.7,11,2,2026-10-06 10:08:40
411,2026-09-23 12:00:00,LOC-JKT-01,31.74,49.55,29.9,60.0,6.0,46.0,0.0,86.17,0,0,55.24,33.5,40.08,12,2,2026-10-06 10:08:40
412,2026-09-23 13:00:00,LOC-JKT-01,27.77,43.24,29.3,65.0,5.9,63.0,0.0,30.69,0,0,31.74,41.43,39.26,13,2,2026-10-06 10:08:40
413,2026-09-23 14:00:00,LOC-JKT-01,34.1,55.44,28.9,69.0,4.3,75.0,0.0,22.3,0,0,27.77,31.51,38.26,14,2,2026-10-06 10:08:40
414,2026-09-23 15:00:00,LOC-JKT-01,40.23,61.24,28.6,71.0,3.8,90.0,0.0,18.22,0,0,34.1,33.54,39.38,15,2,2026-10-06 10:08:40
415,2026-09-23 16:00:00,LOC-JKT-01,27.0,43.55,28.3,74.0,2.9,97.0,0.0,13.73,0,0,40.23,25.15,36.01,16,2,2026-10-06 10:08:40
416,2026-09-23 17:00:00,LOC-JKT-01,31.43,50.22,27.9,76.0,3.5,102.0,0.0,24.0,0,0,27.0,32.03,32.05,17,2,2026-10-06 10:08:40
417,2026-09-23 18:00:00,LOC-JKT-01,27.61,44.81,27.7,77.0,4.7,97.0,0.0,20.24,0,0,31.43,36.61,31.36,18,2,2026-10-06 10:08:40
418,2026-09-23 19:00:00,LOC-JKT-01,25.29,41.87,27.2,81.0,4.1,105.0,0.0,22.71,0,0,27.61,34.42,30.94,19,2,2026-10-06 10:08:40
419,2026-09-23 20:00:00,LOC-JKT-01,31.32,49.56,26.9,82.0,3.2,137.0,0.0,15.13,0,0,25.29,36.86,30.48,20,2,2026-10-06 10:08:40
420,2026-09-23 21:00:00,LOC-JKT-01,33.58,53.24,26.7,82.0,3.5,145.0,0.0,23.04,0,0,31.32,32.92,29.37,21,2,2026-10-06 10:08:40
421,2026-09-23 22:00:00,LOC-JKT-01,30.62,45.07,26.6,83.0,4.1,142.0,0.0,20.59,0,0,33.58,34.55,29.98,22,2,2026-10-06 10:08:40
422,2026-09-23 23:00:00,LOC-JKT-01,33.03,49.31,26.5,82.0,5.1,132.0,0.0,22.77,0,0,30.62,25.75,30.24,23,2,2026-10-06 10:08:40
423,2026-09-24 00:00:00,LOC-JKT-01,51.72,84.66,27.7,73.0,5.2,117.0,0.0,84.3,0,0,33.03,52.81,34.26,0,3,2026-10-06 10:08:40
424,2026-09-24 01:00:00,LOC-JKT-01,58.43,91.7,29.0,67.0,6.4,108.0,0.0,84.44,0,0,51.72,50.9,39.78,1,3,2026-10-06 10:08:40
425,2026-09-24 02:00:00,LOC-JKT-01,34.87,53.21,30.5,56.0,7.8,99.0,0.0,90.73,0,0,58.43,37.88,40.38,2,3,2026-10-06 10:08:40
426,2026-09-24 03:00:00,LOC-JKT-01,30.02,49.05,32.1,48.0,7.3,99.0,0.0,50.49,0,0,34.87,30.32,39.78,3,3,2026-10-06 10:08:40
427,2026-09-24 04:00:00,LOC-JKT-01,32.93,50.42,33.4,44.0,6.0,107.0,0.0,63.14,0,0,30.02,36.32,40.17,4,3,2026-10-06 10:08:40
428,2026-09-24 05:00:00,LOC-JKT-01,37.92,56.26,34.9,40.0,1.8,323.0,0.0,58.72,0,0,32.93,35.93,40.98,5,3,2026-10-06 10:08:40
429,2026-09-24 06:00:00,LOC-JKT-01,34.07,48.84,34.7,40.0,7.0,357.0,0.0,44.4,0,0,37.92,41.48,38.04,6,3,2026-10-06 10:08:40
430,2026-09-24 07:00:00,LOC-JKT-01,27.51,42.94,34.1,44.0,11.7,9.0,0.2,53.69,0,0,34.07,32.66,32.89,7,3,2026-10-06 10:08:40
431,2026-09-24 08:00:00,LOC-JKT-01,25.83,40.37,33.3,48.0,11.6,5.0,1.4,49.23,0,0,27.51,40.11,31.38,8,3,2026-10-06 10:08:40
432,2026-09-24 09:00:00,LOC-JKT-01,38.47,58.85,31.9,54.0,11.8,23.0,0.4,51.11,0,0,25.83,33.49,32.79,9,3,2026-10-06 10:08:40
433,2026-09-24 10:00:00,LOC-JKT-01,44.3,69.02,31.3,53.0,10.9,31.0,0.0,77.44,0,0,38.47,47.22,34.68,10,3,2026-10-06 10:08:40
434,2026-09-24 11:00:00,LOC-JKT-01,50.33,79.73,30.3,55.0,9.3,40.0,0.0,81.94,0,0,44.3,55.24,36.75,11,3,2026-10-06 10:08:40
435,2026-09-24 12:00:00,LOC-JKT-01,28.52,42.75,29.8,63.0,7.5,80.0,0.0,83.79,0,0,50.33,31.74,35.83,12,3,2026-10-06 10:08:40
436,2026-09-24 13:00:00,LOC-JKT-01,31.05,45.88,29.1,69.0,5.0,88.0,0.0,16.13,0,0,28.52,27.77,36.42,13,3,2026-10-06 10:08:40
437,2026-09-24 14:00:00,LOC-JKT-01,25.2,36.25,28.6,73.0,5.0,90.0,0.0,15.94,0,0,31.05,34.1,36.31,14,3,2026-10-06 10:08:40
438,2026-09-24 15:00:00,LOC-JKT-01,35.14,53.8,28.2,75.0,6.2,102.0,0.0,24.64,0,0,25.2,40.23,35.76,15,3,2026-10-06 10:08:40
439,2026-09-24 16:00:00,LOC-JKT-01,31.72,45.91,27.8,79.0,5.2,117.0,0.0,20.51,0,0,35.14,27.0,33.66,16,3,2026-10-06 10:08:40
440,2026-09-24 17:00:00,LOC-JKT-01,40.26,62.97,27.5,80.0,6.2,111.0,0.0,25.14,0,0,31.72,31.43,31.98,17,3,2026-10-06 10:08:40
441,2026-09-24 18:00:00,LOC-JKT-01,34.13,54.05,27.2,78.0,5.5,103.0,0.0,21.11,0,0,40.26,27.61,32.92,18,3,2026-10-06 10:08:40
442,2026-09-24 19:00:00,LOC-JKT-01,30.35,48.8,26.7,82.0,4.5,113.0,0.0,22.27,0,0,34.13,25.29,32.8,19,3,2026-10-06 10:08:40
443,2026-09-24 20:00:00,LOC-JKT-01,25.3,39.15,26.4,83.0,3.9,112.0,0.0,19.2,0,0,30.35,31.32,32.82,20,3,2026-10-06 10:08:40
444,2026-09-24 21:00:00,LOC-JKT-01,34.31,51.29,26.2,85.0,3.7,129.0,0.0,22.11,0,0,25.3,33.58,32.68,21,3,2026-10-06 10:08:40
445,2026-09-24 22:00:00,LOC-JKT-01,34.9,55.49,26.0,85.0,3.0,128.0,0.0,20.88,0,0,34.31,30.62,33.21,22,3,2026-10-06 10:08:40
446,2026-09-24 23:00:00,LOC-JKT-01,30.61,48.8,26.0,84.0,3.1,114.0,0.0,21.24,0,0,34.9,33.03,31.6,23,3,2026-10-06 10:08:40
447,2026-09-25 00:00:00,LOC-JKT-01,42.44,63.4,27.3,76.0,3.6,90.0,0.0,79.44,0,0,30.61,51.72,32.99,0,4,2026-10-06 10:08:40
448,2026-09-25 01:00:00,LOC-JKT-01,44.42,68.33,29.0,69.0,4.9,84.0,0.0,84.84,0,0,42.44,58.43,35.33,1,4,2026-10-06 10:08:40
449,2026-09-25 02:00:00,LOC-JKT-01,30.12,44.11,30.9,60.0,6.3,92.0,0.0,84.4,0,0,44.42,34.87,36.13,2,4,2026-10-06 10:08:40
450,2026-09-25 03:00:00,LOC-JKT-01,26.32,39.45,32.8,53.0,6.7,104.0,0.0,51.6,0,0,30.12,30.02,34.8,3,4,2026-10-06 10:08:40
451,2026-09-25 04:00:00,LOC-JKT-01,38.59,60.33,33.9,50.0,4.7,99.0,0.0,63.49,0,0,26.32,32.93,35.42,4,4,2026-10-06 10:08:40
452,2026-09-25 05:00:00,LOC-JKT-01,30.36,46.35,35.0,46.0,2.7,20.0,0.0,49.8,0,0,38.59,37.92,35.38,5,4,2026-10-06 10:08:40
453,2026-09-25 06:00:00,LOC-JKT-01,31.62,47.55,34.6,46.0,8.4,345.0,0.0,52.72,0,0,30.36,34.07,33.57,6,4,2026-10-06 10:08:40
454,2026-09-25 07:00:00,LOC-JKT-01,36.89,58.59,34.1,46.0,9.8,7.0,0.2,54.5,0,0,31.62,27.51,32.32,7,4,2026-10-06 10:08:40
455,2026-09-25 08:00:00,LOC-JKT-01,37.35,56.57,34.3,42.0,11.1,27.0,0.1,65.04,0,0,36.89,25.83,33.52,8,4,2026-10-06 10:08:40
456,2026-09-25 09:00:00,LOC-JKT-01,35.0,55.34,33.2,45.0,12.9,35.0,0.0,56.74,0,0,37.35,38.47,34.97,9,4,2026-10-06 10:08:40
457,2026-09-25 10:00:00,LOC-JKT-01,58.95,90.86,32.2,47.0,11.7,44.0,0.0,84.96,0,0,35.0,44.3,38.36,10,4,2026-10-06 10:08:40
458,2026-09-25 11:00:00,LOC-JKT-01,59.74,91.13,31.2,51.0,10.0,56.0,0.0,95.6,0,0,58.95,50.33,43.26,11,4,2026-10-06 10:08:40
459,2026-09-25 12:00:00,LOC-JKT-01,35.79,58.58,30.3,58.0,6.9,85.0,0.0,89.81,0,0,59.74,28.52,43.95,12,4,2026-10-06 10:08:40
460,2026-09-25 13:00:00,LOC-JKT-01,36.19,56.72,29.6,61.0,6.7,96.0,0.0,23.7,0,0,35.79,31.05,43.84,13,4,2026-10-06 10:08:40
461,2026-09-25 14:00:00,LOC-JKT-01,31.78,47.44,29.2,64.0,5.7,108.0,0.0,21.99,0,0,36.19,25.2,42.91,14,4,2026-10-06 10:08:40
462,2026-09-25 15:00:00,LOC-JKT-01,37.99,61.82,28.9,67.0,4.4,109.0,0.0,17.26,0,0,31.78,35.14,43.41,15,4,2026-10-06 10:08:40
463,2026-09-25 16:00:00,LOC-JKT-01,34.88,52.34,28.7,70.0,4.4,117.0,0.0,17.22,0,0,37.99,31.72,39.4,16,4,2026-10-06 10:08:40
464,2026-09-25 17:00:00,LOC-JKT-01,27.7,40.84,28.3,73.0,4.6,108.0,0.0,13.02,0,0,34.88,40.26,34.06,17,4,2026-10-06 10:08:40
465,2026-09-25 18:00:00,LOC-JKT-01,33.36,52.81,28.3,70.0,6.1,93.0,0.0,20.08,0,0,27.7,34.13,33.65,18,4,2026-10-06 10:08:40
466,2026-09-25 19:00:00,LOC-JKT-01,26.93,40.84,27.8,72.0,5.6,107.0,0.0,18.52,0,0,33.36,30.35,32.11,19,4,2026-10-06 10:08:40
467,2026-09-25 20:00:00,LOC-JKT-01,35.28,50.5,27.5,73.0,4.7,106.0,0.0,22.82,0,0,26.93,25.3,32.69,20,4,2026-10-06 10:08:40
468,2026-09-25 21:00:00,LOC-JKT-01,30.95,46.71,27.2,74.0,4.1,135.0,0.0,22.34,0,0,35.28,34.31,31.52,21,4,2026-10-06 10:08:40
469,2026-09-25 22:00:00,LOC-JKT-01,34.43,51.52,26.9,77.0,3.6,174.0,0.0,24.63,0,0,30.95,34.9,31.44,22,4,2026-10-06 10:08:40
470,2026-09-25 23:00:00,LOC-JKT-01,25.58,42.97,26.7,79.0,3.4,196.0,0.0,20.38,0,0,34.43,30.61,31.09,23,4,2026-10-06 10:08:40
471,2026-09-26 00:00:00,LOC-JKT-01,54.61,83.29,28.0,74.0,3.6,174.0,0.0,30.06,1,0,25.58,42.44,34.63,0,5,2026-10-06 10:08:40
472,2026-09-26 01:00:00,LOC-JKT-01,47.48,74.05,29.7,64.0,3.7,101.0,0.0,45.05,1,0,54.61,44.42,38.06,1,5,2026-10-06 10:08:40
473,2026-09-26 02:00:00,LOC-JKT-01,27.36,45.52,31.5,57.0,4.0,100.0,0.0,46.99,1,0,47.48,30.12,36.74,2,5,2026-10-06 10:08:40
474,2026-09-26 03:00:00,LOC-JKT-01,29.99,46.11,33.2,51.0,3.5,62.0,0.0,47.32,1,0,27.36,26.32,36.58,3,5,2026-10-06 10:08:40
475,2026-09-26 04:00:00,LOC-JKT-01,28.56,46.52,34.2,48.0,4.3,358.0,0.0,59.62,1,0,29.99,38.59,35.6,4,5,2026-10-06 10:08:40
476,2026-09-26 05:00:00,LOC-JKT-01,31.85,52.84,33.1,53.0,9.8,353.0,0.1,63.62,1,0,28.56,30.36,36.64,5,5,2026-10-06 10:08:40
477,2026-09-26 06:00:00,LOC-JKT-01,38.6,60.96,31.9,55.0,9.1,339.0,0.2,61.9,1,0,31.85,31.62,33.97,6,5,2026-10-06 10:08:40
478,2026-09-26 07:00:00,LOC-JKT-01,27.35,42.16,33.7,47.0,8.2,32.0,0.4,63.34,1,0,38.6,36.89,30.62,7,5,2026-10-06 10:08:40
479,2026-09-26 08:00:00,LOC-JKT-01,35.01,54.86,33.4,48.0,11.8,28.0,0.1,67.68,1,0,27.35,37.35,31.89,8,5,2026-10-06 10:08:40
480,2026-09-26 09:00:00,LOC-JKT-01,32.96,52.1,32.2,52.0,11.3,33.0,1.6,60.2,1,0,35.01,35.0,32.39,9,5,2026-10-06 10:08:40
481,2026-09-26 10:00:00,LOC-JKT-01,53.79,83.19,31.1,58.0,7.7,36.0,1.1,61.01,1,0,32.96,58.95,36.59,10,5,2026-10-06 10:08:40
482,2026-09-26 11:00:00,LOC-JKT-01,43.41,71.1,30.7,59.0,5.0,90.0,0.0,59.5,1,0,53.79,59.74,38.52,11,5,2026-10-06 10:08:40
483,2026-09-26 12:00:00,LOC-JKT-01,37.08,58.46,29.3,70.0,7.4,157.0,0.0,55.68,1,0,43.41,35.79,38.27,12,5,2026-10-06 10:08:40
484,2026-09-26 13:00:00,LOC-JKT-01,33.21,48.59,28.9,70.0,6.8,169.0,0.0,50.08,1,0,37.08,36.19,39.24,13,5,2026-10-06 10:08:40
485,2026-09-26 14:00:00,LOC-JKT-01,29.68,47.57,28.4,73.0,5.2,174.0,0.0,47.25,1,0,33.21,31.78,38.36,14,5,2026-10-06 10:08:40
486,2026-09-26 15:00:00,LOC-JKT-01,38.58,54.84,28.1,76.0,3.4,155.0,0.0,38.35,1,0,29.68,37.99,39.29,15,5,2026-10-06 10:08:40
487,2026-09-26 16:00:00,LOC-JKT-01,23.87,37.64,28.0,78.0,2.2,114.0,0.0,36.92,1,0,38.58,34.88,34.31,16,5,2026-10-06 10:08:40
488,2026-09-26 17:00:00,LOC-JKT-01,27.34,42.81,27.7,81.0,2.5,150.0,0.0,5.0,1,0,23.87,27.7,31.63,17,5,2026-10-06 10:08:40
489,2026-09-26 18:00:00,LOC-JKT-01,30.23,48.16,27.6,78.0,2.3,162.0,0.0,8.24,1,0,27.34,33.36,30.49,18,5,2026-10-06 10:08:40
490,2026-09-26 19:00:00,LOC-JKT-01,25.78,40.7,27.0,82.0,2.6,219.0,0.0,6.61,1,0,30.23,26.93,29.25,19,5,2026-10-06 10:08:40
491,2026-09-26 20:00:00,LOC-JKT-01,39.07,62.79,26.8,83.0,2.4,234.0,0.0,9.72,1,0,25.78,35.28,30.81,20,5,2026-10-06 10:08:40
492,2026-09-26 21:00:00,LOC-JKT-01,33.01,52.69,26.5,85.0,2.4,222.0,0.0,24.27,1,0,39.07,30.95,29.88,21,5,2026-10-06 10:08:40
493,2026-09-26 22:00:00,LOC-JKT-01,32.41,49.09,26.1,86.0,3.0,232.0,0.0,23.38,1,0,33.01,34.43,31.31,22,5,2026-10-06 10:08:40
494,2026-09-26 23:00:00,LOC-JKT-01,25.42,39.26,26.0,88.0,3.6,237.0,0.0,29.85,1,0,32.41,25.58,30.99,23,5,2026-10-06 10:08:40
495,2026-09-27 00:00:00,LOC-JKT-01,48.23,74.75,27.8,70.0,2.7,200.0,0.0,33.72,1,0,25.42,54.61,33.99,0,6,2026-10-06 10:08:40
496,2026-09-27 01:00:00,LOC-JKT-01,55.95,87.11,29.1,65.0,2.3,176.0,0.0,39.85,1,0,48.23,47.48,39.02,1,6,2026-10-06 10:08:40
497,2026-09-27 02:00:00,LOC-JKT-01,31.78,48.63,30.3,60.0,2.2,138.0,0.0,48.33,1,0,55.95,27.36,37.8,2,6,2026-10-06 10:08:40
498,2026-09-27 03:00:00,LOC-JKT-01,30.14,49.25,31.5,57.0,0.0,270.0,0.0,50.53,1,0,31.78,29.99,37.32,3,6,2026-10-06 10:08:40
499,2026-09-27 04:00:00,LOC-JKT-01,38.01,57.58,32.7,53.0,2.1,15.0,0.0,56.47,1,0,30.14,28.56,38.26,4,6,2026-10-06 10:08:40
500,2026-09-27 05:00:00,LOC-JKT-01,30.69,49.34,33.5,50.0,4.1,2.0,0.0,62.73,1,0,38.01,31.85,39.13,5,6,2026-10-06 10:08:40
501,2026-09-27 06:00:00,LOC-JKT-01,35.85,53.51,31.9,55.0,8.3,2.0,0.2,69.98,1,0,30.69,38.6,37.07,6,6,2026-10-06 10:08:40
502,2026-09-27 07:00:00,LOC-JKT-01,32.53,52.66,31.8,56.0,10.2,350.0,2.3,56.9,1,0,35.85,27.35,33.17,7,6,2026-10-06 10:08:40
503,2026-09-27 08:00:00,LOC-JKT-01,32.04,48.53,31.8,57.0,8.1,6.0,0.2,65.35,1,0,32.53,35.01,33.21,8,6,2026-10-06 10:08:40
504,2026-09-27 09:00:00,LOC-JKT-01,30.02,45.06,29.4,68.0,9.7,329.0,1.6,67.17,1,0,32.04,32.96,33.19,9,6,2026-10-06 10:08:40
505,2026-09-27 10:00:00,LOC-JKT-01,46.51,72.77,28.6,72.0,1.2,63.0,0.2,64.1,1,0,30.02,53.79,34.61,10,6,2026-10-06 10:08:40
506,2026-09-27 11:00:00,LOC-JKT-01,52.94,80.33,27.8,76.0,7.0,13.0,0.1,59.15,1,0,46.51,43.41,38.32,11,6,2026-10-06 10:08:40
507,2026-09-27 12:00:00,LOC-JKT-01,34.65,54.56,28.7,73.0,4.2,80.0,0.1,55.1,1,0,52.94,37.08,38.12,12,6,2026-10-06 10:08:40
508,2026-09-27 13:00:00,LOC-JKT-01,38.46,58.59,27.3,76.0,4.3,237.0,0.6,52.46,1,0,34.65,33.21,39.1,13,6,2026-10-06 10:08:40
509,2026-09-27 14:00:00,LOC-JKT-01,34.28,53.72,24.1,93.0,7.1,279.0,3.7,46.13,1,0,38.46,29.68,39.48,14,6,2026-10-06 10:08:40
510,2026-09-27 15:00:00,LOC-JKT-01,35.65,56.18,24.7,95.0,1.3,214.0,2.6,37.41,1,0,34.28,38.58,40.42,15,6,2026-10-06 10:08:40
511,2026-09-27 16:00:00,LOC-JKT-01,34.96,55.04,24.6,95.0,8.6,112.0,0.2,32.14,1,0,35.65,23.87,38.49,16,6,2026-10-06 10:08:40
512,2026-09-27 17:00:00,LOC-JKT-01,34.3,54.09,24.7,90.0,4.1,90.0,0.1,7.61,1,0,34.96,27.34,35.38,17,6,2026-10-06 10:08:40
513,2026-09-27 18:00:00,LOC-JKT-01,31.59,48.71,25.4,90.0,2.0,225.0,0.1,5.0,1,0,34.3,30.23,34.87,18,6,2026-10-06 10:08:40
514,2026-09-27 19:00:00,LOC-JKT-01,31.85,50.35,25.1,91.0,2.3,162.0,0.0,11.69,1,0,31.59,25.78,33.77,19,6,2026-10-06 10:08:40
515,2026-09-27 20:00:00,LOC-JKT-01,22.34,34.23,25.1,91.0,3.8,149.0,0.0,16.66,1,0,31.85,39.07,31.78,20,6,2026-10-06 10:08:40
516,2026-09-27 21:00:00,LOC-JKT-01,29.68,47.99,25.1,90.0,4.7,152.0,0.0,18.18,1,0,22.34,33.01,30.79,21,6,2026-10-06 10:08:40
517,2026-09-27 22:00:00,LOC-JKT-01,31.28,46.5,25.0,90.0,4.4,159.0,0.0,25.25,1,0,29.68,32.41,30.17,22,6,2026-10-06 10:08:40
518,2026-09-27 23:00:00,LOC-JKT-01,40.64,61.52,25.1,89.0,3.6,183.0,0.0,29.29,1,0,31.28,25.42,31.23,23,6,2026-10-06 10:08:40
519,2026-09-28 00:00:00,LOC-JKT-01,46.83,73.19,27.2,75.0,3.4,106.0,0.0,85.83,0,0,40.64,48.23,33.77,0,0,2026-10-06 10:08:40
520,2026-09-28 01:00:00,LOC-JKT-01,44.42,72.48,29.1,67.0,5.4,96.0,0.0,82.44,0,0,46.83,55.95,35.87,1,0,2026-10-06 10:08:40
521,2026-09-28 02:00:00,LOC-JKT-01,29.13,45.09,30.7,61.0,5.0,88.0,0.0,83.83,0,0,44.42,31.78,37.0,2,0,2026-10-06 10:08:40
522,2026-09-28 03:00:00,LOC-JKT-01,34.1,52.18,32.2,54.0,4.6,64.0,0.0,50.93,0,0,29.13,30.14,37.73,3,0,2026-10-06 10:08:40
523,2026-09-28 04:00:00,LOC-JKT-01,42.55,64.85,33.6,48.0,5.0,49.0,0.0,64.96,0,0,34.1,38.01,39.61,4,0,2026-10-06 10:08:40
524,2026-09-28 05:00:00,LOC-JKT-01,33.37,54.52,34.4,43.0,6.3,18.0,0.0,49.39,0,0,42.55,30.69,38.4,5,0,2026-10-06 10:08:40
525,2026-09-28 06:00:00,LOC-JKT-01,29.85,47.75,34.8,43.0,9.8,7.0,0.0,55.52,0,0,33.37,35.85,35.57,6,0,2026-10-06 10:08:40
526,2026-09-28 07:00:00,LOC-JKT-01,32.59,52.26,33.3,48.0,14.2,1.0,1.7,62.66,0,0,29.85,32.53,33.6,7,0,2026-10-06 10:08:40
527,2026-09-28 08:00:00,LOC-JKT-01,30.89,44.28,32.3,54.0,12.8,4.0,0.6,54.57,0,0,32.59,32.04,33.89,8,0,2026-10-06 10:08:40
528,2026-09-28 09:00:00,LOC-JKT-01,31.11,48.49,32.1,55.0,10.9,12.0,0.0,50.59,0,0,30.89,30.02,33.39,9,0,2026-10-06 10:08:40
529,2026-09-28 10:00:00,LOC-JKT-01,44.09,67.86,30.8,61.0,8.6,2.0,0.0,88.2,0,0,31.11,46.51,33.65,10,0,2026-10-06 10:08:40
530,2026-09-28 11:00:00,LOC-JKT-01,54.55,82.66,29.8,64.0,0.4,207.0,0.5,82.49,0,0,44.09,52.94,37.18,11,0,2026-10-06 10:08:40
531,2026-09-28 12:00:00,LOC-JKT-01,32.16,47.5,30.2,61.0,2.5,176.0,0.8,90.44,0,0,54.55,34.65,37.57,12,0,2026-10-06 10:08:40
532,2026-09-28 13:00:00,LOC-JKT-01,39.71,61.78,28.5,72.0,2.8,145.0,0.5,21.08,0,0,32.16,38.46,38.75,13,0,2026-10-06 10:08:40
533,2026-09-28 14:00:00,LOC-JKT-01,32.8,50.18,28.0,74.0,6.3,127.0,0.1,22.6,0,0,39.71,34.28,39.07,14,0,2026-10-06 10:08:40
534,2026-09-28 15:00:00,LOC-JKT-01,36.57,52.74,27.8,74.0,4.9,147.0,0.0,20.85,0,0,32.8,35.65,39.98,15,0,2026-10-06 10:08:40
535,2026-09-28 16:00:00,LOC-JKT-01,41.0,62.73,27.2,77.0,5.0,128.0,0.0,19.57,0,0,36.57,34.96,39.47,16,0,2026-10-06 10:08:40
536,2026-09-28 17:00:00,LOC-JKT-01,36.36,58.87,26.9,81.0,2.3,122.0,0.0,23.91,0,0,41.0,34.3,36.43,17,0,2026-10-06 10:08:40
537,2026-09-28 18:00:00,LOC-JKT-01,26.47,40.96,24.0,92.0,8.3,292.0,0.1,21.5,0,0,36.36,31.59,35.49,18,0,2026-10-06 10:08:40
538,2026-09-28 19:00:00,LOC-JKT-01,35.21,54.02,24.8,90.0,4.2,170.0,0.3,21.36,0,0,26.47,31.85,34.74,19,0,2026-10-06 10:08:40
539,2026-09-28 20:00:00,LOC-JKT-01,25.73,44.17,25.1,89.0,0.9,169.0,0.0,19.81,0,0,35.21,22.34,33.56,20,0,2026-10-06 10:08:40
540,2026-09-28 21:00:00,LOC-JKT-01,36.73,55.58,25.3,87.0,1.4,90.0,0.0,21.5,0,0,25.73,29.68,33.58,21,0,2026-10-06 10:08:40
541,2026-09-28 22:00:00,LOC-JKT-01,32.78,47.51,25.4,86.0,3.1,144.0,0.0,22.07,0,0,36.73,31.28,32.21,22,0,2026-10-06 10:08:40
542,2026-09-28 23:00:00,LOC-JKT-01,36.34,56.27,25.6,85.0,3.1,152.0,0.0,10.73,0,0,32.78,40.64,32.21,23,0,2026-10-06 10:08:40
543,2026-09-29 00:00:00,LOC-JKT-01,45.04,70.12,27.3,77.0,3.1,126.0,0.0,89.65,0,0,36.34,46.83,35.31,0,1,2026-10-06 10:08:40
544,2026-09-29 01:00:00,LOC-JKT-01,50.5,73.78,28.7,71.0,4.9,94.0,0.0,86.05,0,0,45.04,44.42,37.85,1,1,2026-10-06 10:08:40
545,2026-09-29 02:00:00,LOC-JKT-01,33.76,50.6,30.3,64.0,7.2,86.0,0.0,83.4,0,0,50.5,29.13,39.19,2,1,2026-10-06 10:08:40
546,2026-09-29 03:00:00,LOC-JKT-01,37.37,54.6,31.4,61.0,8.9,96.0,0.1,59.2,0,0,33.76,34.1,39.3,3,1,2026-10-06 10:08:40
547,2026-09-29 04:00:00,LOC-JKT-01,34.79,50.92,32.6,56.0,7.5,79.0,0.1,48.2,0,0,37.37,42.55,39.63,4,1,2026-10-06 10:08:40
548,2026-09-29 05:00:00,LOC-JKT-01,35.34,57.71,33.4,52.0,6.9,31.0,0.1,57.12,0,0,34.79,33.37,39.47,5,1,2026-10-06 10:08:40
549,2026-09-29 06:00:00,LOC-JKT-01,36.31,55.28,33.6,51.0,9.6,4.0,0.1,59.13,0,0,35.34,29.85,38.01,6,1,2026-10-06 10:08:40
550,2026-09-29 07:00:00,LOC-JKT-01,33.76,53.44,32.1,60.0,13.6,352.0,1.7,58.35,0,0,36.31,32.59,35.22,7,1,2026-10-06 10:08:40
551,2026-09-29 08:00:00,LOC-JKT-01,35.25,57.83,32.1,60.0,12.8,4.0,0.2,53.98,0,0,33.76,30.89,35.47,8,1,2026-10-06 10:08:40
552,2026-09-29 09:00:00,LOC-JKT-01,37.31,57.55,31.1,62.0,10.7,31.0,0.3,51.88,0,0,35.25,31.11,35.46,9,1,2026-10-06 10:08:40
553,2026-09-29 10:00:00,LOC-JKT-01,50.1,77.86,30.3,68.0,9.3,28.0,0.2,88.9,0,0,37.31,44.09,38.01,10,1,2026-10-06 10:08:40
554,2026-09-29 11:00:00,LOC-JKT-01,57.12,91.22,29.2,74.0,3.7,51.0,0.2,85.51,0,0,50.1,54.55,41.64,11,1,2026-10-06 10:08:40
555,2026-09-29 12:00:00,LOC-JKT-01,35.92,55.19,29.6,69.0,7.3,73.0,0.2,91.46,0,0,57.12,32.16,41.58,12,1,2026-10-06 10:08:40
556,2026-09-29 13:00:00,LOC-JKT-01,33.69,55.27,28.9,72.0,6.1,88.0,0.0,18.07,0,0,35.92,39.71,41.57,13,1,2026-10-06 10:08:40
557,2026-09-29 14:00:00,LOC-JKT-01,33.92,52.07,28.5,76.0,4.5,104.0,0.0,21.69,0,0,33.69,32.8,41.34,14,1,2026-10-06 10:08:40
558,2026-09-29 15:00:00,LOC-JKT-01,37.02,58.73,28.4,77.0,3.0,115.0,0.0,20.2,0,0,33.92,36.57,41.3,15,1,2026-10-06 10:08:40
559,2026-09-29 16:00:00,LOC-JKT-01,34.16,54.23,28.0,79.0,3.2,161.0,0.0,24.07,0,0,37.02,41.0,38.64,16,1,2026-10-06 10:08:40
560,2026-09-29 17:00:00,LOC-JKT-01,38.74,58.57,27.6,81.0,3.1,180.0,0.0,16.18,0,0,34.16,36.36,35.58,17,1,2026-10-06 10:08:40
561,2026-09-29 18:00:00,LOC-JKT-01,31.13,50.39,27.7,77.0,2.7,118.0,0.0,13.77,0,0,38.74,26.47,34.78,18,1,2026-10-06 10:08:40
562,2026-09-29 19:00:00,LOC-JKT-01,25.22,36.43,27.3,79.0,3.2,124.0,0.0,17.31,0,0,31.13,35.21,33.37,19,1,2026-10-06 10:08:40
563,2026-09-29 20:00:00,LOC-JKT-01,34.3,55.99,27.0,81.0,3.1,126.0,0.0,19.76,0,0,25.22,25.73,33.43,20,1,2026-10-06 10:08:40
564,2026-09-29 21:00:00,LOC-JKT-01,31.87,52.17,26.7,83.0,2.8,125.0,0.0,19.66,0,0,34.3,36.73,32.57,21,1,2026-10-06 10:08:40
565,2026-09-29 22:00:00,LOC-JKT-01,32.3,50.56,26.5,84.0,2.2,180.0,0.0,16.42,0,0,31.87,32.78,32.26,22,1,2026-10-06 10:08:40
566,2026-09-29 23:00:00,LOC-JKT-01,35.88,56.17,26.5,83.0,3.4,205.0,0.0,17.63,0,0,32.3,36.34,31.78,23,1,2026-10-06 10:08:40
567,2026-09-30 00:00:00,LOC-JKT-01,50.04,80.18,27.4,81.0,2.3,184.0,0.0,87.19,0,0,35.88,45.04,34.94,0,2,2026-10-06 10:08:40
568,2026-09-30 01:00:00,LOC-JKT-01,51.36,80.94,28.9,72.0,2.0,100.0,0.0,88.53,0,0,50.04,50.5,39.29,1,2,2026-10-06 10:08:40
569,2026-09-30 02:00:00,LOC-JKT-01,29.56,47.32,30.2,65.0,3.2,90.0,0.0,90.62,0,0,51.36,33.76,38.5,2,2,2026-10-06 10:08:40
570,2026-09-30 03:00:00,LOC-JKT-01,31.13,50.31,31.7,58.0,3.4,90.0,0.1,53.65,0,0,29.56,37.37,38.38,3,2,2026-10-06 10:08:40
571,2026-09-30 04:00:00,LOC-JKT-01,30.94,49.17,32.9,52.0,3.7,67.0,0.1,52.04,0,0,31.13,34.79,38.15,4,2,2026-10-06 10:08:40
572,2026-09-30 05:00:00,LOC-JKT-01,40.78,59.78,34.0,48.0,3.7,47.0,0.1,53.08,0,0,30.94,35.34,38.97,5,2,2026-10-06 10:08:40
573,2026-09-30 06:00:00,LOC-JKT-01,26.77,42.61,31.6,58.0,10.7,6.0,0.0,48.59,0,0,40.78,36.31,35.09,6,2,2026-10-06 10:08:40
574,2026-09-30 07:00:00,LOC-JKT-01,35.62,55.99,31.5,59.0,9.5,359.0,0.8,58.87,0,0,26.77,33.76,32.47,7,2,2026-10-06 10:08:40
575,2026-09-30 08:00:00,LOC-JKT-01,30.53,49.17,31.8,53.0,8.0,14.0,0.7,54.83,0,0,35.62,35.25,32.63,8,2,2026-10-06 10:08:40
576,2026-09-30 09:00:00,LOC-JKT-01,27.48,42.71,31.5,54.0,8.5,360.0,0.8,52.42,0,0,30.53,37.31,32.02,9,2,2026-10-06 10:08:40
577,2026-09-30 10:00:00,LOC-JKT-01,49.07,75.67,31.0,57.0,3.4,360.0,0.1,85.83,0,0,27.48,50.1,35.04,10,2,2026-10-06 10:08:40
578,2026-09-30 11:00:00,LOC-JKT-01,48.71,75.06,30.2,62.0,1.3,315.0,0.0,91.26,0,0,49.07,57.12,36.36,11,2,2026-10-06 10:08:40
579,2026-09-30 12:00:00,LOC-JKT-01,33.44,51.99,27.1,80.0,9.5,249.0,0.0,86.5,0,0,48.71,35.92,37.48,12,2,2026-10-06 10:08:40
580,2026-09-30 13:00:00,LOC-JKT-01,32.72,51.05,25.8,85.0,10.1,231.0,0.0,17.12,0,0,33.44,33.69,36.99,13,2,2026-10-06 10:08:40
581,2026-09-30 14:00:00,LOC-JKT-01,33.84,55.79,25.7,86.0,5.1,260.0,0.0,26.82,0,0,32.72,33.92,37.54,14,2,2026-10-06 10:08:40
582,2026-09-30 15:00:00,LOC-JKT-01,31.54,47.84,26.1,85.0,3.5,242.0,0.0,15.89,0,0,33.84,37.02,38.22,15,2,2026-10-06 10:08:40
583,2026-09-30 16:00:00,LOC-JKT-01,33.07,52.56,25.8,88.0,3.6,217.0,0.0,20.44,0,0,31.54,34.16,35.55,16,2,2026-10-06 10:08:40
584,2026-09-30 17:00:00,LOC-JKT-01,29.65,46.24,25.7,89.0,3.0,205.0,0.0,18.87,0,0,33.07,38.74,32.38,17,2,2026-10-06 10:08:40
585,2026-09-30 18:00:00,LOC-JKT-01,28.76,45.28,25.3,91.0,5.6,211.0,0.2,15.29,0,0,29.65,31.13,31.6,18,2,2026-10-06 10:08:40
586,2026-09-30 19:00:00,LOC-JKT-01,31.04,46.68,25.1,93.0,3.1,201.0,1.0,23.58,0,0,28.76,25.22,31.32,19,2,2026-10-06 10:08:40
587,2026-09-30 20:00:00,LOC-JKT-01,33.84,58.3,25.3,92.0,2.3,4.0,0.1,18.45,0,0,31.04,34.3,31.32,20,2,2026-10-06 10:08:40
588,2026-09-30 21:00:00,LOC-JKT-01,28.52,44.4,25.6,87.0,1.5,353.0,0.0,25.33,0,0,33.84,31.87,30.81,21,2,2026-10-06 10:08:40
589,2026-09-30 22:00:00,LOC-JKT-01,29.03,44.09,25.6,86.0,1.2,39.0,0.0,16.69,0,0,28.52,32.3,30.14,22,2,2026-10-06 10:08:40
590,2026-09-30 23:00:00,LOC-JKT-01,27.09,40.26,25.8,84.0,1.7,41.0,0.0,25.23,0,0,29.03,35.88,29.71,23,2,2026-10-06 10:08:40
591,2026-10-01 00:00:00,LOC-JKT-01,52.68,84.94,26.2,86.0,3.7,194.0,0.0,87.23,0,0,27.09,50.04,33.7,0,3,2026-10-06 10:08:40
592,2026-10-01 01:00:00,LOC-JKT-01,49.64,76.3,27.8,76.0,1.1,108.0,0.0,81.3,0,0,52.68,51.36,36.8,1,3,2026-10-06 10:08:40
593,2026-10-01 02:00:00,LOC-JKT-01,32.9,51.63,29.1,71.0,2.1,160.0,0.0,89.4,0,0,49.64,29.56,36.64,2,3,2026-10-06 10:08:40
594,2026-10-01 03:00:00,LOC-JKT-01,34.97,53.2,30.4,67.0,1.2,117.0,0.0,62.57,0,0,32.9,31.13,37.72,3,3,2026-10-06 10:08:40
595,2026-10-01 04:00:00,LOC-JKT-01,24.51,35.89,31.4,63.0,2.6,39.0,0.0,49.65,0,0,34.97,30.94,36.97,4,3,2026-10-06 10:08:40
596,2026-10-01 05:00:00,LOC-JKT-01,26.35,43.34,31.8,63.0,5.0,2.0,0.0,47.57,0,0,24.51,40.78,36.84,5,3,2026-10-06 10:08:40
597,2026-10-01 06:00:00,LOC-JKT-01,28.59,44.86,32.0,61.0,6.8,343.0,0.0,52.29,0,0,26.35,26.77,32.83,6,3,2026-10-06 10:08:40
598,2026-10-01 07:00:00,LOC-JKT-01,26.41,44.85,32.1,61.0,8.7,330.0,0.1,56.69,0,0,28.59,35.62,28.96,7,3,2026-10-06 10:08:40
599,2026-10-01 08:00:00,LOC-JKT-01,30.92,46.16,31.2,63.0,8.5,7.0,0.3,53.79,0,0,26.41,30.53,28.63,8,3,2026-10-06 10:08:40
600,2026-10-01 09:00:00,LOC-JKT-01,34.09,52.14,29.9,67.0,6.8,29.0,0.9,65.9,0,0,30.92,27.48,28.48,9,3,2026-10-06 10:08:40
601,2026-10-01 10:00:00,LOC-JKT-01,51.96,81.13,29.8,68.0,3.6,330.0,2.0,85.81,0,0,34.09,49.07,33.05,10,3,2026-10-06 10:08:40
602,2026-10-01 11:00:00,LOC-JKT-01,44.13,70.81,26.9,88.0,9.1,243.0,1.8,85.21,0,0,51.96,48.71,36.02,11,3,2026-10-06 10:08:40
603,2026-10-01 12:00:00,LOC-JKT-01,32.35,51.64,26.0,93.0,6.9,264.0,2.5,88.46,0,0,44.13,33.44,36.64,12,3,2026-10-06 10:08:40
604,2026-10-01 13:00:00,LOC-JKT-01,34.35,53.27,26.6,93.0,6.0,249.0,0.3,19.3,0,0,32.35,32.72,37.97,13,3,2026-10-06 10:08:40
605,2026-10-01 14:00:00,LOC-JKT-01,32.82,51.32,27.0,90.0,5.9,218.0,0.0,19.38,0,0,34.35,33.84,38.28,14,3,2026-10-06 10:08:40
606,2026-10-01 15:00:00,LOC-JKT-01,30.35,46.25,26.7,89.0,6.4,227.0,0.0,17.36,0,0,32.82,31.54,37.66,15,3,2026-10-06 10:08:40
607,2026-10-01 16:00:00,LOC-JKT-01,29.75,46.13,26.3,89.0,5.0,229.0,0.0,17.48,0,0,30.35,33.07,33.96,16,3,2026-10-06 10:08:40
608,2026-10-01 17:00:00,LOC-JKT-01,32.81,48.9,26.1,91.0,3.9,236.0,0.0,18.52,0,0,29.75,29.65,32.07,17,3,2026-10-06 10:08:40
609,2026-10-01 18:00:00,LOC-JKT-01,29.5,44.19,26.2,91.0,3.5,235.0,0.0,20.11,0,0,32.81,28.76,31.6,18,3,2026-10-06 10:08:40
610,2026-10-01 19:00:00,LOC-JKT-01,40.59,63.63,26.0,92.0,3.3,209.0,0.0,14.82,0,0,29.5,31.04,32.64,19,3,2026-10-06 10:08:40
611,2026-10-01 20:00:00,LOC-JKT-01,27.21,43.9,25.9,93.0,2.2,185.0,0.0,20.98,0,0,40.59,33.84,31.7,20,3,2026-10-06 10:08:40
612,2026-10-01 21:00:00,LOC-JKT-01,32.58,51.68,25.8,93.0,2.2,185.0,0.0,18.15,0,0,27.21,28.52,32.07,21,3,2026-10-06 10:08:40
613,2026-10-01 22:00:00,LOC-JKT-01,30.86,45.74,25.9,93.0,3.1,177.0,0.0,12.94,0,0,32.58,29.03,32.26,22,3,2026-10-06 10:08:40
614,2026-10-01 23:00:00,LOC-JKT-01,37.04,54.59,26.1,90.0,2.7,184.0,0.0,21.6,0,0,30.86,27.09,32.96,23,3,2026-10-06 10:08:40
615,2026-10-02 00:00:00,LOC-JKT-01,51.57,78.5,27.4,82.0,1.4,247.0,0.0,82.2,0,0,37.04,52.68,36.64,0,4,2026-10-06 10:08:40
616,2026-10-02 01:00:00,LOC-JKT-01,46.46,69.33,29.1,72.0,2.1,70.0,0.0,80.16,0,0,51.57,49.64,37.62,1,4,2026-10-06 10:08:40
617,2026-10-02 02:00:00,LOC-JKT-01,36.2,56.19,30.3,64.0,5.2,78.0,0.0,85.54,0,0,46.46,32.9,39.12,2,4,2026-10-06 10:08:40
618,2026-10-02 03:00:00,LOC-JKT-01,24.19,39.4,31.6,58.0,4.8,77.0,0.0,57.11,0,0,36.2,34.97,37.72,3,4,2026-10-06 10:08:40
619,2026-10-02 04:00:00,LOC-JKT-01,36.43,57.61,32.8,53.0,2.8,18.0,0.0,55.24,0,0,24.19,24.51,38.65,4,4,2026-10-06 10:08:40
620,2026-10-02 05:00:00,LOC-JKT-01,26.55,40.63,32.5,54.0,9.1,342.0,0.3,57.28,0,0,36.43,26.35,36.9,5,4,2026-10-06 10:08:40
621,2026-10-02 06:00:00,LOC-JKT-01,34.11,49.6,32.2,56.0,11.8,334.0,0.8,52.48,0,0,26.55,28.59,33.99,6,4,2026-10-06 10:08:40
622,2026-10-02 07:00:00,LOC-JKT-01,30.76,45.73,31.7,56.0,14.6,340.0,0.6,49.45,0,0,34.11,26.41,31.37,7,4,2026-10-06 10:08:40
623,2026-10-02 08:00:00,LOC-JKT-01,33.6,55.37,31.5,56.0,11.8,6.0,0.2,52.83,0,0,30.76,30.92,30.94,8,4,2026-10-06 10:08:40
624,2026-10-02 09:00:00,LOC-JKT-01,30.78,47.02,31.4,58.0,11.6,7.0,0.0,65.6,0,0,33.6,34.09,32.04,9,4,2026-10-06 10:08:40
625,2026-10-02 10:00:00,LOC-JKT-01,46.95,71.83,30.0,66.0,10.7,354.0,0.1,87.31,0,0,30.78,51.96,33.79,10,4,2026-10-06 10:08:40
626,2026-10-02 11:00:00,LOC-JKT-01,49.7,80.53,26.7,88.0,8.7,172.0,2.0,89.2,0,0,46.95,44.13,37.65,11,4,2026-10-06 10:08:40
627,2026-10-02 12:00:00,LOC-JKT-01,30.87,42.99,26.9,85.0,10.7,240.0,7.0,90.02,0,0,49.7,32.35,37.11,12,4,2026-10-06 10:08:40
628,2026-10-02 13:00:00,LOC-JKT-01,32.09,46.06,26.5,86.0,7.5,220.0,0.2,15.2,0,0,30.87,34.35,37.33,13,4,2026-10-06 10:08:40
629,2026-10-02 14:00:00,LOC-JKT-01,37.1,59.13,26.2,85.0,8.4,211.0,0.0,15.66,0,0,32.09,32.82,37.92,14,4,2026-10-06 10:08:40
630,2026-10-02 15:00:00,LOC-JKT-01,32.25,52.44,25.9,85.0,5.1,198.0,0.0,20.8,0,0,37.1,30.35,38.16,15,4,2026-10-06 10:08:40
631,2026-10-02 16:00:00,LOC-JKT-01,32.58,53.48,25.8,86.0,2.7,157.0,0.2,23.69,0,0,32.25,29.75,35.77,16,4,2026-10-06 10:08:40
632,2026-10-02 17:00:00,LOC-JKT-01,40.94,61.76,25.7,87.0,3.9,202.0,0.0,16.22,0,0,32.58,32.81,34.31,17,4,2026-10-06 10:08:40
633,2026-10-02 18:00:00,LOC-JKT-01,33.51,47.67,26.0,85.0,2.6,164.0,0.0,22.04,0,0,40.94,29.5,34.75,18,4,2026-10-06 10:08:40
634,2026-10-02 19:00:00,LOC-JKT-01,31.29,47.96,25.8,84.0,3.3,221.0,0.0,22.88,0,0,33.51,40.59,34.61,19,4,2026-10-06 10:08:40
635,2026-10-02 20:00:00,LOC-JKT-01,32.68,48.02,25.9,84.0,2.1,195.0,0.0,15.77,0,0,31.29,27.21,33.88,20,4,2026-10-06 10:08:40
636,2026-10-02 21:00:00,LOC-JKT-01,32.65,53.1,26.0,83.0,3.5,215.0,0.0,18.88,0,0,32.68,32.58,33.94,21,4,2026-10-06 10:08:40
637,2026-10-02 22:00:00,LOC-JKT-01,29.51,46.42,25.8,85.0,1.9,241.0,0.0,16.63,0,0,32.65,30.86,33.43,22,4,2026-10-06 10:08:40
638,2026-10-02 23:00:00,LOC-JKT-01,26.99,41.21,25.8,85.0,3.5,231.0,0.0,21.23,0,0,29.51,37.04,31.11,23,4,2026-10-06 10:08:40
639,2026-10-03 00:00:00,LOC-JKT-01,38.28,62.17,26.3,87.0,2.9,330.0,0.0,29.1,1,0,26.99,51.57,31.9,0,5,2026-10-06 10:08:40
640,2026-10-03 01:00:00,LOC-JKT-01,54.18,83.91,26.7,84.0,2.5,356.0,0.0,39.56,1,0,38.28,46.46,35.72,1,5,2026-10-06 10:08:40
641,2026-10-03 02:00:00,LOC-JKT-01,28.73,45.51,29.2,71.0,2.8,135.0,0.1,42.95,1,0,54.18,36.2,35.06,2,5,2026-10-06 10:08:40
642,2026-10-03 03:00:00,LOC-JKT-01,30.34,46.15,31.0,62.0,3.0,123.0,0.0,48.67,1,0,28.73,24.19,34.67,3,5,2026-10-06 10:08:40
643,2026-10-03 04:00:00,LOC-JKT-01,31.85,51.07,32.4,54.0,3.7,113.0,0.0,59.16,1,0,30.34,36.43,35.06,4,5,2026-10-06 10:08:40
644,2026-10-03 05:00:00,LOC-JKT-01,32.52,48.93,32.2,54.0,6.9,23.0,0.1,58.67,1,0,31.85,26.55,35.98,5,5,2026-10-06 10:08:40
645,2026-10-03 06:00:00,LOC-JKT-01,25.94,38.57,30.7,65.0,13.5,337.0,0.1,60.16,1,0,32.52,34.11,33.93,6,5,2026-10-06 10:08:40
646,2026-10-03 07:00:00,LOC-JKT-01,35.09,54.44,33.2,52.0,6.0,355.0,0.1,65.95,1,0,25.94,30.76,30.75,7,5,2026-10-06 10:08:40
647,2026-10-03 08:00:00,LOC-JKT-01,36.03,54.87,34.1,41.0,9.6,52.0,0.0,70.18,1,0,35.09,33.6,31.96,8,5,2026-10-06 10:08:40
648,2026-10-03 09:00:00,LOC-JKT-01,35.56,54.55,33.3,40.0,13.4,53.0,0.0,58.47,1,0,36.03,30.78,32.83,9,5,2026-10-06 10:08:40
649,2026-10-03 10:00:00,LOC-JKT-01,55.69,87.49,32.1,46.0,6.6,68.0,0.0,62.72,1,0,35.56,46.95,36.81,10,5,2026-10-06 10:08:40
650,2026-10-03 11:00:00,LOC-JKT-01,46.3,73.56,29.9,56.0,6.0,209.0,0.0,57.55,1,0,55.69,49.7,39.1,11,5,2026-10-06 10:08:40
651,2026-10-03 12:00:00,LOC-JKT-01,20.88,32.67,30.0,55.0,3.9,167.0,0.0,55.57,1,0,46.3,30.87,38.26,12,5,2026-10-06 10:08:40
652,2026-10-03 13:00:00,LOC-JKT-01,29.14,43.25,29.8,54.0,3.3,103.0,0.0,55.07,1,0,20.88,32.09,37.27,13,5,2026-10-06 10:08:40
653,2026-10-03 14:00:00,LOC-JKT-01,35.54,53.5,29.4,57.0,5.2,106.0,0.0,47.66,1,0,29.14,37.1,37.19,14,5,2026-10-06 10:08:40
654,2026-10-03 15:00:00,LOC-JKT-01,31.48,47.58,28.7,61.0,4.9,123.0,0.0,40.08,1,0,35.54,32.25,36.51,15,5,2026-10-06 10:08:40
655,2026-10-03 16:00:00,LOC-JKT-01,32.58,50.0,28.2,64.0,4.2,137.0,0.0,40.66,1,0,31.48,32.58,32.65,16,5,2026-10-06 10:08:40
656,2026-10-03 17:00:00,LOC-JKT-01,33.53,53.38,27.8,67.0,2.9,158.0,0.0,5.25,1,0,32.58,40.94,30.53,17,5,2026-10-06 10:08:40
657,2026-10-03 18:00:00,LOC-JKT-01,33.17,54.83,27.7,66.0,1.3,236.0,0.0,6.94,1,0,33.53,33.51,32.57,18,5,2026-10-06 10:08:40
658,2026-10-03 19:00:00,LOC-JKT-01,34.63,48.74,26.9,73.0,1.9,241.0,0.0,9.11,1,0,33.17,31.29,33.49,19,5,2026-10-06 10:08:40
659,2026-10-03 20:00:00,LOC-JKT-01,28.8,44.84,26.8,74.0,2.2,256.0,0.0,16.35,1,0,34.63,32.68,32.37,20,5,2026-10-06 10:08:40
660,2026-10-03 21:00:00,LOC-JKT-01,37.21,53.12,26.7,73.0,2.7,233.0,0.0,20.14,1,0,28.8,32.65,33.32,21,5,2026-10-06 10:08:40
661,2026-10-03 22:00:00,LOC-JKT-01,35.16,55.55,26.4,74.0,3.6,225.0,0.0,20.46,1,0,37.21,29.51,33.75,22,5,2026-10-06 10:08:40
662,2026-10-03 23:00:00,LOC-JKT-01,35.79,56.46,26.3,74.0,4.7,220.0,0.0,33.33,1,0,35.16,26.99,34.13,23,5,2026-10-06 10:08:40
663,2026-10-04 00:00:00,LOC-JKT-01,45.71,71.12,27.6,69.0,3.5,231.0,0.0,34.38,1,0,35.79,38.28,36.22,0,6,2026-10-06 10:08:40
664,2026-10-04 01:00:00,LOC-JKT-01,53.13,80.75,29.4,59.0,0.6,288.0,0.0,44.31,1,0,45.71,54.18,39.3,1,6,2026-10-06 10:08:40
665,2026-10-04 02:00:00,LOC-JKT-01,33.23,50.31,31.2,51.0,1.5,36.0,0.0,48.46,1,0,53.13,28.73,40.04,2,6,2026-10-06 10:08:40
666,2026-10-04 03:00:00,LOC-JKT-01,37.26,57.77,32.9,45.0,1.8,45.0,0.0,55.0,1,0,33.23,30.34,40.05,3,6,2026-10-06 10:08:40
667,2026-10-04 04:00:00,LOC-JKT-01,30.05,45.82,34.3,41.0,2.3,61.0,0.0,55.6,1,0,37.26,31.85,39.2,4,6,2026-10-06 10:08:40
668,2026-10-04 05:00:00,LOC-JKT-01,39.99,61.01,35.2,39.0,4.6,11.0,0.0,62.24,1,0,30.05,32.52,39.9,5,6,2026-10-06 10:08:40
669,2026-10-04 06:00:00,LOC-JKT-01,28.85,45.53,34.3,44.0,11.2,19.0,0.2,65.3,1,0,39.99,25.94,37.09,6,6,2026-10-06 10:08:40
670,2026-10-04 07:00:00,LOC-JKT-01,36.06,56.14,33.9,44.0,11.1,13.0,0.0,65.51,1,0,28.85,35.09,34.24,7,6,2026-10-06 10:08:40
671,2026-10-04 08:00:00,LOC-JKT-01,32.47,51.56,33.6,43.0,13.3,8.0,0.2,62.94,1,0,36.06,36.03,34.11,8,6,2026-10-06 10:08:40
672,2026-10-04 09:00:00,LOC-JKT-01,35.93,54.16,31.7,53.0,12.9,21.0,0.2,62.08,1,0,32.47,35.56,33.89,9,6,2026-10-06 10:08:40
673,2026-10-04 10:00:00,LOC-JKT-01,48.0,75.71,31.2,57.0,8.1,12.0,0.0,57.82,1,0,35.93,55.69,36.88,10,6,2026-10-06 10:08:40
674,2026-10-04 11:00:00,LOC-JKT-01,51.61,79.33,27.2,71.0,7.8,230.0,0.4,61.69,1,0,48.0,46.3,38.82,11,6,2026-10-06 10:08:40
675,2026-10-04 12:00:00,LOC-JKT-01,31.32,50.38,29.3,62.0,7.6,236.0,2.3,52.8,1,0,51.61,20.88,39.23,12,6,2026-10-06 10:08:40
676,2026-10-04 13:00:00,LOC-JKT-01,30.48,44.73,28.8,64.0,5.8,219.0,0.0,52.13,1,0,31.32,29.14,38.3,13,6,2026-10-06 10:08:40
677,2026-10-04 14:00:00,LOC-JKT-01,29.35,45.65,28.6,66.0,5.3,208.0,0.0,40.43,1,0,30.48,35.54,37.78,14,6,2026-10-06 10:08:40
678,2026-10-04 15:00:00,LOC-JKT-01,28.42,42.99,28.5,68.0,3.6,174.0,0.0,37.36,1,0,29.35,31.48,36.53,15,6,2026-10-06 10:08:40
679,2026-10-04 16:00:00,LOC-JKT-01,36.94,56.07,28.3,70.0,3.3,144.0,0.0,33.72,1,0,28.42,32.58,34.69,16,6,2026-10-06 10:08:40
680,2026-10-04 17:00:00,LOC-JKT-01,39.01,58.85,28.1,71.0,3.0,128.0,0.0,5.24,1,0,36.94,33.53,32.59,17,6,2026-10-06 10:08:40
681,2026-10-04 18:00:00,LOC-JKT-01,30.02,51.25,27.8,69.0,4.0,122.0,0.0,9.16,1,0,39.01,33.17,32.37,18,6,2026-10-06 10:08:40
682,2026-10-04 19:00:00,LOC-JKT-01,29.16,43.03,27.3,71.0,3.4,162.0,0.0,15.56,1,0,30.02,34.63,32.15,19,6,2026-10-06 10:08:40
683,2026-10-04 20:00:00,LOC-JKT-01,27.89,46.07,27.1,71.0,3.8,172.0,0.0,17.95,1,0,29.16,28.8,31.91,20,6,2026-10-06 10:08:40
684,2026-10-04 21:00:00,LOC-JKT-01,30.93,46.7,26.9,72.0,3.5,171.0,0.0,19.55,1,0,27.89,37.21,32.33,21,6,2026-10-06 10:08:40
685,2026-10-04 22:00:00,LOC-JKT-01,36.57,57.79,26.7,73.0,2.6,192.0,0.0,23.66,1,0,30.93,35.16,32.26,22,6,2026-10-06 10:08:40
686,2026-10-04 23:00:00,LOC-JKT-01,31.71,48.38,26.6,74.0,3.4,205.0,0.0,25.2,1,0,36.57,35.79,31.05,23,6,2026-10-06 10:08:40
687,2026-10-05 00:00:00,LOC-JKT-01,51.72,78.25,28.2,70.0,3.1,177.0,0.0,82.78,0,0,31.71,45.71,34.66,0,0,2026-10-06 10:08:40
688,2026-10-05 01:00:00,LOC-JKT-01,52.96,81.37,29.5,64.0,3.3,135.0,0.0,84.94,0,0,51.72,53.13,38.63,1,0,2026-10-06 10:08:40
689,2026-10-05 02:00:00,LOC-JKT-01,39.63,63.67,31.1,56.0,4.4,122.0,0.0,86.6,0,0,52.96,33.23,40.59,2,0,2026-10-06 10:08:40
690,2026-10-05 03:00:00,LOC-JKT-01,31.03,47.38,32.8,49.0,5.5,109.0,0.0,58.62,0,0,39.63,37.26,40.6,3,0,2026-10-06 10:08:40
691,2026-10-05 04:00:00,LOC-JKT-01,30.7,48.15,34.4,42.0,4.0,82.0,0.0,52.05,0,0,31.03,30.05,39.63,4,0,2026-10-06 10:08:40
692,2026-10-05 05:00:00,LOC-JKT-01,30.95,51.91,35.1,41.0,7.7,342.0,0.0,54.88,0,0,30.7,39.99,39.5,5,0,2026-10-06 10:08:40
693,2026-10-05 06:00:00,LOC-JKT-01,33.27,47.87,35.3,37.0,10.2,346.0,1.5,48.34,0,0,30.95,28.85,36.42,6,0,2026-10-06 10:08:40
694,2026-10-05 07:00:00,LOC-JKT-01,32.24,48.89,34.0,43.0,11.4,348.0,2.8,56.62,0,0,33.27,36.06,32.97,7,0,2026-10-06 10:08:40
695,2026-10-05 08:00:00,LOC-JKT-01,29.05,45.43,31.9,55.0,11.2,348.0,2.5,53.78,0,0,32.24,32.47,31.21,8,0,2026-10-06 10:08:40
696,2026-10-05 09:00:00,LOC-JKT-01,40.43,64.69,31.5,59.0,9.9,4.0,0.5,50.83,0,0,29.05,35.93,32.77,9,0,2026-10-06 10:08:40
697,2026-10-05 10:00:00,LOC-JKT-01,49.16,75.71,30.5,63.0,8.8,358.0,0.1,89.7,0,0,40.43,48.0,35.85,10,0,2026-10-06 10:08:40
698,2026-10-05 11:00:00,LOC-JKT-01,52.95,84.83,29.7,66.0,6.5,352.0,0.0,89.4,0,0,49.16,51.61,39.52,11,0,2026-10-06 10:08:40
699,2026-10-05 12:00:00,LOC-JKT-01,32.72,48.22,29.9,65.0,1.5,210.0,0.1,89.67,0,0,52.95,31.32,39.43,12,0,2026-10-06 10:08:40
700,2026-10-05 13:00:00,LOC-JKT-01,27.05,40.69,29.3,70.0,4.6,193.0,0.0,19.4,0,0,32.72,30.48,38.56,13,0,2026-10-06 10:08:40
701,2026-10-05 14:00:00,LOC-JKT-01,32.92,52.61,28.6,75.0,5.9,218.0,0.0,20.77,0,0,27.05,29.35,39.21,14,0,2026-10-06 10:08:40
702,2026-10-05 15:00:00,LOC-JKT-01,34.88,54.53,28.2,77.0,4.6,216.0,0.0,9.91,0,0,32.92,28.42,38.28,15,0,2026-10-06 10:08:40
703,2026-10-05 16:00:00,LOC-JKT-01,30.99,49.85,27.9,79.0,3.4,196.0,0.0,15.31,0,0,34.88,36.94,35.25,16,0,2026-10-06 10:08:40
704,2026-10-05 17:00:00,LOC-JKT-01,29.55,45.08,27.7,80.0,3.8,197.0,0.0,20.67,0,0,30.99,39.01,31.35,17,0,2026-10-06 10:08:40
705,2026-10-05 18:00:00,LOC-JKT-01,35.16,57.38,27.5,80.0,3.5,189.0,0.0,23.5,0,0,29.55,30.02,31.76,18,0,2026-10-06 10:08:40
706,2026-10-05 19:00:00,LOC-JKT-01,38.8,56.74,27.2,80.0,2.8,195.0,0.0,15.51,0,0,35.16,29.16,33.72,19,0,2026-10-06 10:08:40
707,2026-10-05 20:00:00,LOC-JKT-01,28.33,44.05,27.0,82.0,2.9,202.0,0.0,16.89,0,0,38.8,27.89,32.95,20,0,2026-10-06 10:08:40
708,2026-10-05 21:00:00,LOC-JKT-01,36.65,55.27,26.7,83.0,3.5,201.0,0.0,19.55,0,0,28.33,30.93,33.25,21,0,2026-10-06 10:08:40
709,2026-10-05 22:00:00,LOC-JKT-01,31.18,47.84,26.5,84.0,3.3,209.0,0.0,25.74,0,0,36.65,36.57,33.28,22,0,2026-10-06 10:08:40
710,2026-10-05 23:00:00,LOC-JKT-01,38.8,63.9,26.3,85.0,4.0,190.0,0.0,21.79,0,0,31.18,31.71,34.82,23,0,2026-10-06 10:08:40
711,2026-10-06 00:00:00,LOC-JKT-01,51.58,78.76,28.2,75.0,2.9,180.0,0.0,88.24,0,0,38.8,51.72,37.56,0,1,2026-10-06 10:08:40
712,2026-10-06 01:00:00,LOC-JKT-01,47.6,71.92,29.5,68.0,4.1,151.0,0.0,83.51,0,0,51.58,52.96,39.02,1,1,2026-10-06 10:08:40
713,2026-10-06 02:00:00,LOC-JKT-01,38.06,59.32,31.0,60.0,5.6,112.0,0.0,81.39,0,0,47.6,39.63,40.65,2,1,2026-10-06 10:08:40
714,2026-10-06 03:00:00,LOC-JKT-01,31.77,50.19,32.5,52.0,6.3,105.0,0.0,53.78,0,0,38.06,31.03,39.83,3,1,2026-10-06 10:08:40
715,2026-10-06 04:00:00,LOC-JKT-01,33.55,49.71,33.9,47.0,5.1,98.0,0.0,56.32,0,0,31.77,30.7,40.23,4,1,2026-10-06 10:08:40
716,2026-10-06 05:00:00,LOC-JKT-01,26.59,43.57,34.7,43.0,4.9,2.0,0.0,42.38,0,0,33.55,30.95,38.19,5,1,2026-10-06 10:08:40
717,2026-10-06 06:00:00,LOC-JKT-01,26.16,40.12,33.6,49.0,11.6,334.0,0.0,55.29,0,0,26.59,33.27,33.96,6,1,2026-10-06 10:08:40
718,2026-10-06 07:00:00,LOC-JKT-01,33.39,51.43,33.1,49.0,12.3,337.0,0.1,57.4,0,0,26.16,32.24,31.59,7,1,2026-10-06 10:08:40
719,2026-10-06 08:00:00,LOC-JKT-01,31.71,51.88,33.1,49.0,10.7,343.0,0.0,55.55,0,0,33.39,29.05,30.53,8,1,2026-10-06 10:08:40
720,2026-10-06 09:00:00,LOC-JKT-01,40.98,63.07,32.6,53.0,10.5,353.0,0.0,53.1,0,0,31.71,40.43,32.06,9,1,2026-10-06 10:08:40
721,2026-10-06 10:00:00,LOC-JKT-01,51.22,80.35,31.4,60.0,10.0,354.0,0.0,84.14,0,0,40.98,49.16,35.01,10,1,2026-10-06 10:08:40
