id,recorded_at,location_id,temperature_c,humidity_pct,wind_speed_kmh,wind_direction_deg,rainfall_mm,source_api,created_at
1,2026-09-06 00:00:00,LOC-JKT-01,26.7,61.0,4.6,193.0,0.0,Open-Meteo-Archive,2026-10-06 10:06:47
2,2026-09-06 01:00:00,LOC-JKT-01,28.6,54.0,3.7,209.0,0.0,Open-Meteo-Archive,2026-10-06 10:06:48
3,2026-09-06 02:00:00,LOC-JKT-01,30.3,48.0,2.4,189.0,0.0,Open-Meteo-Archive,2026-10-06 10:06:48
4,2026-09-06 03:00:00,LOC-JKT-01,32.0,40.0,2.1,110.0,0.0,Open-Meteo-Archive,2026-10-06 10:06:48
5,2026-09-06 04:00:00,LOC-JKT-01,33.6,34.0,1.9,56.0,0.0,Open-Meteo-Archive,2026-10-06 10:06:48
6,2026-09-06 05:00:00,LOC-JKT-01,34.9,30.0,3.1,31.0,0.0,Open-Meteo-Archive,2026-10-06 10:06:48
7,2026-09-06 06:00:00,LOC-JKT-01,35.1,31.0,10.8,28.0,0.0,Open-Meteo-Archive,2026-10-06 10:06:48
8,2026-09-06 07:00:00,LOC-JKT-01,33.3,39.0,16.0,15.0,0.0,Open-Meteo-Archive,2026-10-06 10:06:48
9,2026-09-06 08:00:00,LOC-JKT-01,32.6,39.0,14.3,4.0,0.0,Open-Meteo-Archive,2026-10-06 10:06:48
10,2026-09-06 09:00:00,LOC-JKT-01,31.8,44.0,11.2,350.0,0.0,Open-Meteo-Archive,2026-10-06 10:06:48
11,2026-09-06 10:00:00,LOC-JKT-01,30.7,49.0,13.2,5.0,0.0,Open-Meteo-Archive,2026-10-06 10:06:48
12,2026-09-06 11:00:00,LOC-JKT-01,29.7,52.0,8.7,14.0,0.0,Open-Meteo-Archive,2026-10-06 10:06:48
13,2026-09-06 12:00:00,LOC-JKT-01,29.7,55.0,7.6,27.0,0.0,Open-Meteo-Archive,2026-10-06 10:06:48
14,2026-09-06 13:00:00,LOC-JKT-01,29.3,58.0,6.8,32.0,0.0,Open-Meteo-Archive,2026-10-06 10:06:48
15,2026-09-06 14:00:00,LOC-JKT-01,29.0,58.0,5.1,23.0,0.0,Open-Meteo-Archive,2026-10-06 10:06:48
16,2026-09-06 15:00:00,LOC-JKT-01,28.7,59.0,3.3,354.0,0.0,Open-Meteo-Archive,2026-10-06 10:06:48
17,2026-09-06 16:00:00,LOC-JKT-01,28.5,60.0,1.7,302.0,0.0,Open-Meteo-Archive,2026-10-06 10:06:48
18,2026-09-06 17:00:00,LOC-JKT-01,28.2,61.0,2.7,270.0,0.0,Open-Meteo-Archive,2026-10-06 10:06:48
19,2026-09-06 18:00:00,LOC-JKT-01,27.7,62.0,3.6,237.0,0.0,Open-Meteo-Archive,2026-10-06 10:06:48
20,2026-09-06 19:00:00,LOC-JKT-01,27.1,61.0,7.1,216.0,0.0,Open-Meteo-Archive,2026-10-06 10:06:48
21,2026-09-06 20:00:00,LOC-JKT-01,26.5,63.0,8.0,211.0,0.0,Open-Meteo-Archive,2026-10-06 10:06:48
22,2026-09-06 21:00:00,LOC-JKT-01,25.9,66.0,7.3,205.0,0.0,Open-Meteo-Archive,2026-10-06 10:06:48
23,2026-09-06 22:00:00,LOC-JKT-01,25.5,67.0,6.9,195.0,0.0,Open-Meteo-Archive,2026-10-06 10:06:48
24,2026-09-06 23:00:00,LOC-JKT-01,25.2,68.0,7.3,187.0,0.0,Open-Meteo-Archive,2026-10-06 10:06:48
25,2026-09-07 00:00:00,LOC-JKT-01,26.6,61.0,5.4,200.0,0.0,Open-Meteo-Archive,2026-10-06 10:06:48
26,2026-09-07 01:00:00,LOC-JKT-01,28.7,53.0,3.2,218.0,0.0,Open-Meteo-Archive,2026-10-06 10:06:48
27,2026-09-07 02:00:00,LOC-JKT-01,30.6,47.0,0.7,76.0,0.0,Open-Meteo-Archive,2026-10-06 10:06:48
28,2026-09-07 03:00:00,LOC-JKT-01,32.4,41.0,2.6,65.0,0.0,Open-Meteo-Archive,2026-10-06 10:06:48
29,2026-09-07 04:00:00,LOC-JKT-01,34.0,35.0,3.3,36.0,0.0,Open-Meteo-Archive,2026-10-06 10:06:48
30,2026-09-07 05:00:00,LOC-JKT-01,35.3,31.0,5.1,27.0,0.0,Open-Meteo-Archive,2026-10-06 10:06:48
31,2026-09-07 06:00:00,LOC-JKT-01,34.3,40.0,14.0,7.0,0.0,Open-Meteo-Archive,2026-10-06 10:06:48
32,2026-09-07 07:00:00,LOC-JKT-01,33.4,41.0,14.5,5.0,0.0,Open-Meteo-Archive,2026-10-06 10:06:48
33,2026-09-07 08:00:00,LOC-JKT-01,33.1,39.0,14.0,7.0,0.0,Open-Meteo-Archive,2026-10-06 10:06:48
34,2026-09-07 09:00:00,LOC-JKT-01,31.9,45.0,14.6,9.0,0.0,Open-Meteo-Archive,2026-10-06 10:06:48
35,2026-09-07 10:00:00,LOC-JKT-01,30.6,52.0,13.3,8.0,0.0,Open-Meteo-Archive,2026-10-06 10:06:48
36,2026-09-07 11:00:00,LOC-JKT-01,29.4,60.0,10.0,354.0,0.0,Open-Meteo-Archive,2026-10-06 10:06:48
37,2026-09-07 12:00:00,LOC-JKT-01,29.6,63.0,7.0,18.0,0.0,Open-Meteo-Archive,2026-10-06 10:06:48
38,2026-09-07 13:00:00,LOC-JKT-01,29.1,64.0,4.4,30.0,0.0,Open-Meteo-Archive,2026-10-06 10:06:48
39,2026-09-07 14:00:00,LOC-JKT-01,28.9,66.0,3.7,43.0,0.0,Open-Meteo-Archive,2026-10-06 10:06:48
40,2026-09-07 15:00:00,LOC-JKT-01,28.7,68.0,3.0,33.0,0.0,Open-Meteo-Archive,2026-10-06 10:06:48
41,2026-09-07 16:00:00,LOC-JKT-01,28.5,69.0,2.8,40.0,0.0,Open-Meteo-Archive,2026-10-06 10:06:48
42,2026-09-07 17:00:00,LOC-JKT-01,28.2,71.0,1.5,69.0,0.0,Open-Meteo-Archive,2026-10-06 10:06:48
43,2026-09-07 18:00:00,LOC-JKT-01,27.7,71.0,1.5,97.0,0.0,Open-Meteo-Archive,2026-10-06 10:06:48
44,2026-09-07 19:00:00,LOC-JKT-01,27.4,72.0,1.0,135.0,0.1,Open-Meteo-Archive,2026-10-06 10:06:48
45,2026-09-07 20:00:00,LOC-JKT-01,27.2,72.0,2.2,180.0,0.1,Open-Meteo-Archive,2026-10-06 10:06:48
46,2026-09-07 21:00:00,LOC-JKT-01,26.9,74.0,2.9,202.0,0.0,Open-Meteo-Archive,2026-10-06 10:06:48
47,2026-09-07 22:00:00,LOC-JKT-01,26.8,74.0,2.6,231.0,0.0,Open-Meteo-Archive,2026-10-06 10:06:48
48,2026-09-07 23:00:00,LOC-JKT-01,26.7,75.0,1.6,276.0,0.0,Open-Meteo-Archive,2026-10-06 10:06:48
49,2026-09-08 00:00:00,LOC-JKT-01,27.6,69.0,3.4,223.0,0.0,Open-Meteo-Archive,2026-10-06 10:06:48
50,2026-09-08 01:00:00,LOC-JKT-01,28.8,62.0,3.5,249.0,0.0,Open-Meteo-Archive,2026-10-06 10:06:48
51,2026-09-08 02:00:00,LOC-JKT-01,30.4,55.0,3.0,253.0,0.0,Open-Meteo-Archive,2026-10-06 10:06:48
52,2026-09-08 03:00:00,LOC-JKT-01,32.2,48.0,1.3,286.0,0.0,Open-Meteo-Archive,2026-10-06 10:06:48
53,2026-09-08 04:00:00,LOC-JKT-01,33.8,42.0,2.5,352.0,0.0,Open-Meteo-Archive,2026-10-06 10:06:48
54,2026-09-08 05:00:00,LOC-JKT-01,34.7,39.0,5.0,2.0,0.0,Open-Meteo-Archive,2026-10-06 10:06:48
55,2026-09-08 06:00:00,LOC-JKT-01,35.1,38.0,6.0,7.0,0.0,Open-Meteo-Archive,2026-10-06 10:06:48
56,2026-09-08 07:00:00,LOC-JKT-01,34.7,40.0,9.2,360.0,0.3,Open-Meteo-Archive,2026-10-06 10:06:48
57,2026-09-08 08:00:00,LOC-JKT-01,32.3,52.0,14.2,359.0,1.1,Open-Meteo-Archive,2026-10-06 10:06:48
58,2026-09-08 09:00:00,LOC-JKT-01,31.2,58.0,13.3,347.0,0.1,Open-Meteo-Archive,2026-10-06 10:06:48
59,2026-09-08 10:00:00,LOC-JKT-01,30.6,58.0,9.9,358.0,0.0,Open-Meteo-Archive,2026-10-06 10:06:48
60,2026-09-08 11:00:00,LOC-JKT-01,29.8,63.0,7.7,11.0,0.0,Open-Meteo-Archive,2026-10-06 10:06:48
61,2026-09-08 12:00:00,LOC-JKT-01,28.7,66.0,3.6,27.0,0.0,Open-Meteo-Archive,2026-10-06 10:06:48
62,2026-09-08 13:00:00,LOC-JKT-01,28.1,69.0,7.8,195.0,0.5,Open-Meteo-Archive,2026-10-06 10:06:48
63,2026-09-08 14:00:00,LOC-JKT-01,28.0,68.0,5.1,197.0,0.1,Open-Meteo-Archive,2026-10-06 10:06:48
64,2026-09-08 15:00:00,LOC-JKT-01,27.9,68.0,2.1,165.0,0.1,Open-Meteo-Archive,2026-10-06 10:06:48
65,2026-09-08 16:00:00,LOC-JKT-01,27.9,68.0,0.9,270.0,0.0,Open-Meteo-Archive,2026-10-06 10:06:48
66,2026-09-08 17:00:00,LOC-JKT-01,27.6,70.0,2.0,185.0,0.0,Open-Meteo-Archive,2026-10-06 10:06:48
67,2026-09-08 18:00:00,LOC-JKT-01,27.6,69.0,3.1,144.0,0.0,Open-Meteo-Archive,2026-10-06 10:06:48
68,2026-09-08 19:00:00,LOC-JKT-01,27.0,73.0,3.4,177.0,0.0,Open-Meteo-Archive,2026-10-06 10:06:48
69,2026-09-08 20:00:00,LOC-JKT-01,26.7,76.0,2.0,207.0,0.0,Open-Meteo-Archive,2026-10-06 10:06:48
70,2026-09-08 21:00:00,LOC-JKT-01,26.4,78.0,2.4,216.0,0.0,Open-Meteo-Archive,2026-10-06 10:06:48
71,2026-09-08 22:00:00,LOC-JKT-01,26.0,80.0,3.9,233.0,0.0,Open-Meteo-Archive,2026-10-06 10:06:48
72,2026-09-08 23:00:00,LOC-JKT-01,25.8,79.0,3.9,223.0,0.0,Open-Meteo-Archive,2026-10-06 10:06:48
73,2026-09-09 00:00:00,LOC-JKT-01,26.7,70.0,4.1,214.0,0.0,Open-Meteo-Archive,2026-10-06 10:06:48
74,2026-09-09 01:00:00,LOC-JKT-01,28.2,64.0,3.6,237.0,0.0,Open-Meteo-Archive,2026-10-06 10:06:48
75,2026-09-09 02:00:00,LOC-JKT-01,30.0,58.0,2.6,245.0,0.0,Open-Meteo-Archive,2026-10-06 10:06:48
76,2026-09-09 03:00:00,LOC-JKT-01,31.7,51.0,1.0,315.0,0.0,Open-Meteo-Archive,2026-10-06 10:06:48
77,2026-09-09 04:00:00,LOC-JKT-01,33.1,46.0,2.0,355.0,0.1,Open-Meteo-Archive,2026-10-06 10:06:48
78,2026-09-09 05:00:00,LOC-JKT-01,33.9,44.0,4.4,9.0,0.2,Open-Meteo-Archive,2026-10-06 10:06:48
79,2026-09-09 06:00:00,LOC-JKT-01,33.8,44.0,8.7,13.0,0.2,Open-Meteo-Archive,2026-10-06 10:06:48
80,2026-09-09 07:00:00,LOC-JKT-01,32.5,49.0,12.3,6.0,1.3,Open-Meteo-Archive,2026-10-06 10:06:48
81,2026-09-09 08:00:00,LOC-JKT-01,31.3,56.0,12.1,3.0,1.2,Open-Meteo-Archive,2026-10-06 10:06:48
82,2026-09-09 09:00:00,LOC-JKT-01,30.3,61.0,13.1,358.0,0.3,Open-Meteo-Archive,2026-10-06 10:06:48
83,2026-09-09 10:00:00,LOC-JKT-01,29.7,63.0,11.1,352.0,0.0,Open-Meteo-Archive,2026-10-06 10:06:48
84,2026-09-09 11:00:00,LOC-JKT-01,29.0,67.0,8.6,358.0,0.0,Open-Meteo-Archive,2026-10-06 10:06:48
85,2026-09-09 12:00:00,LOC-JKT-01,29.1,66.0,5.5,13.0,0.0,Open-Meteo-Archive,2026-10-06 10:06:48
86,2026-09-09 13:00:00,LOC-JKT-01,28.2,71.0,4.7,18.0,0.1,Open-Meteo-Archive,2026-10-06 10:06:48
87,2026-09-09 14:00:00,LOC-JKT-01,28.2,72.0,3.6,49.0,0.1,Open-Meteo-Archive,2026-10-06 10:06:48
88,2026-09-09 15:00:00,LOC-JKT-01,27.6,75.0,5.4,124.0,0.0,Open-Meteo-Archive,2026-10-06 10:06:48
89,2026-09-09 16:00:00,LOC-JKT-01,27.2,76.0,5.6,151.0,0.1,Open-Meteo-Archive,2026-10-06 10:06:48
90,2026-09-09 17:00:00,LOC-JKT-01,26.8,79.0,5.1,163.0,0.0,Open-Meteo-Archive,2026-10-06 10:06:48
91,2026-09-09 18:00:00,LOC-JKT-01,26.6,79.0,5.6,197.0,0.0,Open-Meteo-Archive,2026-10-06 10:06:48
92,2026-09-09 19:00:00,LOC-JKT-01,26.2,81.0,5.3,192.0,0.0,Open-Meteo-Archive,2026-10-06 10:06:48
93,2026-09-09 20:00:00,LOC-JKT-01,25.9,80.0,5.6,195.0,0.0,Open-Meteo-Archive,2026-10-06 10:06:48
94,2026-09-09 21:00:00,LOC-JKT-01,25.5,80.0,5.4,194.0,0.0,Open-Meteo-Archive,2026-10-06 10:06:48
95,2026-09-09 22:00:00,LOC-JKT-01,25.2,79.0,4.9,182.0,0.0,Open-Meteo-Archive,2026-10-06 10:06:48
96,2026-09-09 23:00:00,LOC-JKT-01,25.0,80.0,4.5,175.0,0.0,Open-Meteo-Archive,2026-10-06 10:06:48
97,2026-09-10 00:00:00,LOC-JKT-01,27.4,73.0,3.9,204.0,0.0,Open-Meteo-Archive,2026-10-06 10:06:48
98,2026-09-10 01:00:00,LOC-JKT-01,29.0,64.0,1.8,191.0,0.0,Open-Meteo-Archive,2026-10-06 10:06:48
99,2026-09-10 02:00:00,LOC-JKT-01,30.4,58.0,1.2,117.0,0.0,Open-Meteo-Archive,2026-10-06 10:06:48
100,2026-09-10 03:00:00,LOC-JKT-01,32.0,52.0,1.5,83.0,0.0,Open-Meteo-Archive,2026-10-06 10:06:48
101,2026-09-10 04:00:00,LOC-JKT-01,33.0,47.0,2.5,21.0,0.0,Open-Meteo-Archive,2026-10-06 10:06:48
102,2026-09-10 05:00:00,LOC-JKT-01,33.3,46.0,6.8,360.0,0.1,Open-Meteo-Archive,2026-10-06 10:06:48
103,2026-09-10 06:00:00,LOC-JKT-01,33.0,48.0,10.3,356.0,0.3,Open-Meteo-Archive,2026-10-06 10:06:48
104,2026-09-10 07:00:00,LOC-JKT-01,32.2,53.0,11.6,355.0,0.3,Open-Meteo-Archive,2026-10-06 10:06:48
105,2026-09-10 08:00:00,LOC-JKT-01,31.9,54.0,11.0,2.0,0.0,Open-Meteo-Archive,2026-10-06 10:06:48
106,2026-09-10 09:00:00,LOC-JKT-01,31.3,55.0,10.3,3.0,0.0,Open-Meteo-Archive,2026-10-06 10:06:48
107,2026-09-10 10:00:00,LOC-JKT-01,30.6,57.0,10.5,7.0,0.0,Open-Meteo-Archive,2026-10-06 10:06:48
108,2026-09-10 11:00:00,LOC-JKT-01,29.7,61.0,7.9,20.0,0.0,Open-Meteo-Archive,2026-10-06 10:06:48
109,2026-09-10 12:00:00,LOC-JKT-01,29.8,63.0,6.9,43.0,0.2,Open-Meteo-Archive,2026-10-06 10:06:48
110,2026-09-10 13:00:00,LOC-JKT-01,28.6,71.0,4.1,103.0,0.1,Open-Meteo-Archive,2026-10-06 10:06:48
111,2026-09-10 14:00:00,LOC-JKT-01,28.4,73.0,3.0,155.0,0.0,Open-Meteo-Archive,2026-10-06 10:06:48
112,2026-09-10 15:00:00,LOC-JKT-01,28.2,74.0,1.9,163.0,0.0,Open-Meteo-Archive,2026-10-06 10:06:48
113,2026-09-10 16:00:00,LOC-JKT-01,27.7,77.0,3.9,158.0,0.0,Open-Meteo-Archive,2026-10-06 10:06:48
114,2026-09-10 17:00:00,LOC-JKT-01,27.4,78.0,3.8,183.0,0.1,Open-Meteo-Archive,2026-10-06 10:06:48
115,2026-09-10 18:00:00,LOC-JKT-01,27.2,78.0,4.6,154.0,0.0,Open-Meteo-Archive,2026-10-06 10:06:48
116,2026-09-10 19:00:00,LOC-JKT-01,26.8,79.0,3.2,153.0,0.0,Open-Meteo-Archive,2026-10-06 10:06:48
117,2026-09-10 20:00:00,LOC-JKT-01,26.5,82.0,2.0,175.0,0.0,Open-Meteo-Archive,2026-10-06 10:06:48
118,2026-09-10 21:00:00,LOC-JKT-01,26.4,81.0,1.7,139.0,0.0,Open-Meteo-Archive,2026-10-06 10:06:48
119,2026-09-10 22:00:00,LOC-JKT-01,26.2,81.0,2.4,138.0,0.0,Open-Meteo-Archive,2026-10-06 10:06:48
120,2026-09-10 23:00:00,LOC-JKT-01,26.0,82.0,2.8,145.0,0.0,Open-Meteo-Archive,2026-10-06 10:06:48
121,2026-09-11 00:00:00,LOC-JKT-01,27.3,76.0,2.0,100.0,0.0,Open-Meteo-Archive,2026-10-06 10:06:48
122,2026-09-11 01:00:00,LOC-JKT-01,28.7,69.0,3.1,77.0,0.0,Open-Meteo-Archive,2026-10-06 10:06:48
123,2026-09-11 02:00:00,LOC-JKT-01,30.3,61.0,5.2,88.0,0.0,Open-Meteo-Archive,2026-10-06 10:06:48
124,2026-09-11 03:00:00,LOC-JKT-01,31.5,54.0,7.2,94.0,0.0,Open-Meteo-Archive,2026-10-06 10:06:48
125,2026-09-11 04:00:00,LOC-JKT-01,32.8,48.0,8.4,99.0,0.0,Open-Meteo-Archive,2026-10-06 10:06:48
126,2026-09-11 05:00:00,LOC-JKT-01,34.1,43.0,7.1,100.0,0.0,Open-Meteo-Archive,2026-10-06 10:06:48
127,2026-09-11 06:00:00,LOC-JKT-01,35.5,38.0,6.5,95.0,0.0,Open-Meteo-Archive,2026-10-06 10:06:48
128,2026-09-11 07:00:00,LOC-JKT-01,35.7,36.0,8.2,40.0,0.0,Open-Meteo-Archive,2026-10-06 10:06:48
129,2026-09-11 08:00:00,LOC-JKT-01,34.5,42.0,12.2,33.0,0.0,Open-Meteo-Archive,2026-10-06 10:06:48
130,2026-09-11 09:00:00,LOC-JKT-01,33.7,45.0,12.9,41.0,0.1,Open-Meteo-Archive,2026-10-06 10:06:48
131,2026-09-11 10:00:00,LOC-JKT-01,31.9,52.0,14.9,49.0,0.0,Open-Meteo-Archive,2026-10-06 10:06:48
132,2026-09-11 11:00:00,LOC-JKT-01,30.7,53.0,11.5,56.0,0.0,Open-Meteo-Archive,2026-10-06 10:06:48
133,2026-09-11 12:00:00,LOC-JKT-01,30.0,61.0,7.6,62.0,0.0,Open-Meteo-Archive,2026-10-06 10:06:48
134,2026-09-11 13:00:00,LOC-JKT-01,29.1,68.0,7.0,80.0,0.0,Open-Meteo-Archive,2026-10-06 10:06:48
135,2026-09-11 14:00:00,LOC-JKT-01,28.7,71.0,5.6,96.0,0.0,Open-Meteo-Archive,2026-10-06 10:06:48
136,2026-09-11 15:00:00,LOC-JKT-01,28.2,74.0,4.5,97.0,0.0,Open-Meteo-Archive,2026-10-06 10:06:48
137,2026-09-11 16:00:00,LOC-JKT-01,28.0,75.0,5.9,101.0,0.1,Open-Meteo-Archive,2026-10-06 10:06:48
138,2026-09-11 17:00:00,LOC-JKT-01,27.8,77.0,6.2,116.0,0.0,Open-Meteo-Archive,2026-10-06 10:06:48
139,2026-09-11 18:00:00,LOC-JKT-01,27.6,77.0,7.7,111.0,0.0,Open-Meteo-Archive,2026-10-06 10:06:48
140,2026-09-11 19:00:00,LOC-JKT-01,27.0,80.0,6.9,107.0,0.0,Open-Meteo-Archive,2026-10-06 10:06:48
141,2026-09-11 20:00:00,LOC-JKT-01,26.5,83.0,4.7,97.0,0.0,Open-Meteo-Archive,2026-10-06 10:06:48
142,2026-09-11 21:00:00,LOC-JKT-01,26.3,84.0,4.0,95.0,0.0,Open-Meteo-Archive,2026-10-06 10:06:48
143,2026-09-11 22:00:00,LOC-JKT-01,26.2,85.0,3.8,121.0,0.0,Open-Meteo-Archive,2026-10-06 10:06:48
144,2026-09-11 23:00:00,LOC-JKT-01,26.1,85.0,3.8,163.0,0.0,Open-Meteo-Archive,2026-10-06 10:06:48
145,2026-09-12 00:00:00,LOC-JKT-01,27.3,75.0,4.0,108.0,0.0,Open-Meteo-Archive,2026-10-06 10:06:48
146,2026-09-12 01:00:00,LOC-JKT-01,28.8,66.0,3.9,103.0,0.0,Open-Meteo-Archive,2026-10-06 10:06:48
147,2026-09-12 02:00:00,LOC-JKT-01,30.6,56.0,7.2,103.0,0.0,Open-Meteo-Archive,2026-10-06 10:06:48
148,2026-09-12 03:00:00,LOC-JKT-01,32.3,50.0,10.6,100.0,0.0,Open-Meteo-Archive,2026-10-06 10:06:48
149,2026-09-12 04:00:00,LOC-JKT-01,33.9,45.0,12.4,100.0,0.0,Open-Meteo-Archive,2026-10-06 10:06:48
150,2026-09-12 05:00:00,LOC-JKT-01,35.4,39.0,9.7,92.0,0.0,Open-Meteo-Archive,2026-10-06 10:06:48
151,2026-09-12 06:00:00,LOC-JKT-01,35.2,39.0,12.5,54.0,0.1,Open-Meteo-Archive,2026-10-06 10:06:48
152,2026-09-12 07:00:00,LOC-JKT-01,35.1,39.0,13.3,49.0,0.0,Open-Meteo-Archive,2026-10-06 10:06:48
153,2026-09-12 08:00:00,LOC-JKT-01,34.2,42.0,14.3,37.0,0.0,Open-Meteo-Archive,2026-10-06 10:06:48
154,2026-09-12 09:00:00,LOC-JKT-01,32.9,47.0,15.0,40.0,0.0,Open-Meteo-Archive,2026-10-06 10:06:48
155,2026-09-12 10:00:00,LOC-JKT-01,31.7,51.0,13.0,43.0,0.0,Open-Meteo-Archive,2026-10-06 10:06:48
156,2026-09-12 11:00:00,LOC-JKT-01,30.3,56.0,10.5,52.0,0.0,Open-Meteo-Archive,2026-10-06 10:06:48
157,2026-09-12 12:00:00,LOC-JKT-01,29.8,64.0,9.5,76.0,0.0,Open-Meteo-Archive,2026-10-06 10:06:48
158,2026-09-12 13:00:00,LOC-JKT-01,28.9,69.0,7.9,87.0,0.0,Open-Meteo-Archive,2026-10-06 10:06:48
159,2026-09-12 14:00:00,LOC-JKT-01,28.5,71.0,6.1,102.0,0.0,Open-Meteo-Archive,2026-10-06 10:06:48
160,2026-09-12 15:00:00,LOC-JKT-01,28.1,74.0,5.0,120.0,0.0,Open-Meteo-Archive,2026-10-06 10:06:48
161,2026-09-12 16:00:00,LOC-JKT-01,27.9,75.0,4.5,127.0,0.0,Open-Meteo-Archive,2026-10-06 10:06:48
162,2026-09-12 17:00:00,LOC-JKT-01,27.5,78.0,3.5,114.0,0.0,Open-Meteo-Archive,2026-10-06 10:06:48
163,2026-09-12 18:00:00,LOC-JKT-01,27.3,79.0,5.4,104.0,0.0,Open-Meteo-Archive,2026-10-06 10:06:48
164,2026-09-12 19:00:00,LOC-JKT-01,26.8,81.0,4.7,122.0,0.0,Open-Meteo-Archive,2026-10-06 10:06:48
165,2026-09-12 20:00:00,LOC-JKT-01,26.6,81.0,4.7,148.0,0.0,Open-Meteo-Archive,2026-10-06 10:06:48
166,2026-09-12 21:00:00,LOC-JKT-01,26.5,80.0,3.8,139.0,0.0,Open-Meteo-Archive,2026-10-06 10:06:48
167,2026-09-12 22:00:00,LOC-JKT-01,26.3,82.0,2.8,108.0,0.0,Open-Meteo-Archive,2026-10-06 10:06:48
168,2026-09-12 23:00:00,LOC-JKT-01,26.1,83.0,2.5,69.0,0.0,Open-Meteo-Archive,2026-10-06 10:06:48
169,2026-09-13 00:00:00,LOC-JKT-01,27.0,77.0,1.9,146.0,0.0,Open-Meteo-Archive,2026-10-06 10:06:48
170,2026-09-13 01:00:00,LOC-JKT-01,28.2,71.0,2.7,132.0,0.0,Open-Meteo-Archive,2026-10-06 10:06:48
171,2026-09-13 02:00:00,LOC-JKT-01,29.9,62.0,5.1,122.0,0.0,Open-Meteo-Archive,2026-10-06 10:06:48
172,2026-09-13 03:00:00,LOC-JKT-01,31.6,54.0,8.8,105.0,0.0,Open-Meteo-Archive,2026-10-06 10:06:48
173,2026-09-13 04:00:00,LOC-JKT-01,33.4,43.0,11.4,106.0,0.0,Open-Meteo-Archive,2026-10-06 10:06:48
174,2026-09-13 05:00:00,LOC-JKT-01,35.2,33.0,12.7,105.0,0.0,Open-Meteo-Archive,2026-10-06 10:06:48
175,2026-09-13 06:00:00,LOC-JKT-01,36.2,29.0,13.1,99.0,0.0,Open-Meteo-Archive,2026-10-06 10:06:48
176,2026-09-13 07:00:00,LOC-JKT-01,35.7,32.0,14.2,75.0,0.0,Open-Meteo-Archive,2026-10-06 10:06:48
177,2026-09-13 08:00:00,LOC-JKT-01,35.0,35.0,14.1,69.0,0.0,Open-Meteo-Archive,2026-10-06 10:06:48
178,2026-09-13 09:00:00,LOC-JKT-01,34.0,36.0,14.4,62.0,0.0,Open-Meteo-Archive,2026-10-06 10:06:48
179,2026-09-13 10:00:00,LOC-JKT-01,32.7,38.0,13.2,60.0,0.0,Open-Meteo-Archive,2026-10-06 10:06:48
180,2026-09-13 11:00:00,LOC-JKT-01,31.1,45.0,11.0,55.0,0.0,Open-Meteo-Archive,2026-10-06 10:06:48
181,2026-09-13 12:00:00,LOC-JKT-01,29.8,57.0,11.1,74.0,0.0,Open-Meteo-Archive,2026-10-06 10:06:48
182,2026-09-13 13:00:00,LOC-JKT-01,29.0,66.0,10.1,79.0,0.0,Open-Meteo-Archive,2026-10-06 10:06:48
183,2026-09-13 14:00:00,LOC-JKT-01,28.7,69.0,9.1,82.0,0.0,Open-Meteo-Archive,2026-10-06 10:06:48
184,2026-09-13 15:00:00,LOC-JKT-01,28.5,71.0,7.4,89.0,0.0,Open-Meteo-Archive,2026-10-06 10:06:48
185,2026-09-13 16:00:00,LOC-JKT-01,28.2,73.0,5.4,98.0,0.0,Open-Meteo-Archive,2026-10-06 10:06:48
186,2026-09-13 17:00:00,LOC-JKT-01,27.8,74.0,4.1,113.0,0.0,Open-Meteo-Archive,2026-10-06 10:06:48
187,2026-09-13 18:00:00,LOC-JKT-01,27.6,74.0,4.9,123.0,0.0,Open-Meteo-Archive,2026-10-06 10:06:48
188,2026-09-13 19:00:00,LOC-JKT-01,27.1,76.0,3.1,144.0,0.0,Open-Meteo-Archive,2026-10-06 10:06:48
189,2026-09-13 20:00:00,LOC-JKT-01,26.7,77.0,4.0,180.0,0.0,Open-Meteo-Archive,2026-10-06 10:06:48
190,2026-09-13 21:00:00,LOC-JKT-01,26.3,78.0,4.0,180.0,0.0,Open-Meteo-Archive,2026-10-06 10:06:48
191,2026-09-13 22:00:00,LOC-JKT-01,25.8,78.0,3.8,172.0,0.0,Open-Meteo-Archive,2026-10-06 10:06:48
192,2026-09-13 23:00:00,LOC-JKT-01,25.5,78.0,3.2,180.0,0.0,Open-Meteo-Archive,2026-10-06 10:06:48
193,2026-09-14 00:00:00,LOC-JKT-01,27.2,67.0,2.0,153.0,0.0,Open-Meteo-Archive,2026-10-06 10:06:48
194,2026-09-14 01:00:00,LOC-JKT-01,29.3,59.0,2.8,101.0,0.0,Open-Meteo-Archive,2026-10-06 10:06:48
195,2026-09-14 02:00:00,LOC-JKT-01,31.5,46.0,10.3,102.0,0.0,Open-Meteo-Archive,2026-10-06 10:06:48
196,2026-09-14 03:00:00,LOC-JKT-01,33.1,38.0,12.5,98.0,0.0,Open-Meteo-Archive,2026-10-06 10:06:48
197,2026-09-14 04:00:00,LOC-JKT-01,35.0,29.0,13.5,92.0,0.0,Open-Meteo-Archive,2026-10-06 10:06:48
198,2026-09-14 05:00:00,LOC-JKT-01,36.6,24.0,12.8,84.0,0.0,Open-Meteo-Archive,2026-10-06 10:06:48
199,2026-09-14 06:00:00,LOC-JKT-01,36.7,27.0,16.0,67.0,0.0,Open-Meteo-Archive,2026-10-06 10:06:48
200,2026-09-14 07:00:00,LOC-JKT-01,36.1,26.0,18.2,63.0,0.0,Open-Meteo-Archive,2026-10-06 10:06:48
201,2026-09-14 08:00:00,LOC-JKT-01,35.3,27.0,17.2,61.0,0.0,Open-Meteo-Archive,2026-10-06 10:06:48
202,2026-09-14 09:00:00,LOC-JKT-01,33.7,35.0,17.0,53.0,0.0,Open-Meteo-Archive,2026-10-06 10:06:48
203,2026-09-14 10:00:00,LOC-JKT-01,31.8,44.0,14.8,56.0,0.0,Open-Meteo-Archive,2026-10-06 10:06:48
204,2026-09-14 11:00:00,LOC-JKT-01,30.3,51.0,11.4,63.0,0.0,Open-Meteo-Archive,2026-10-06 10:06:48
205,2026-09-14 12:00:00,LOC-JKT-01,29.9,55.0,10.7,67.0,0.0,Open-Meteo-Archive,2026-10-06 10:06:48
206,2026-09-14 13:00:00,LOC-JKT-01,28.9,61.0,7.6,72.0,0.0,Open-Meteo-Archive,2026-10-06 10:06:48
207,2026-09-14 14:00:00,LOC-JKT-01,28.5,66.0,3.4,84.0,0.0,Open-Meteo-Archive,2026-10-06 10:06:48
208,2026-09-14 15:00:00,LOC-JKT-01,28.4,68.0,2.9,112.0,0.0,Open-Meteo-Archive,2026-10-06 10:06:48
209,2026-09-14 16:00:00,LOC-JKT-01,28.2,69.0,2.9,137.0,0.0,Open-Meteo-Archive,2026-10-06 10:06:48
210,2026-09-14 17:00:00,LOC-JKT-01,27.8,70.0,2.7,172.0,0.0,Open-Meteo-Archive,2026-10-06 10:06:48
211,2026-09-14 18:00:00,LOC-JKT-01,27.4,67.0,4.9,98.0,0.0,Open-Meteo-Archive,2026-10-06 10:06:48
212,2026-09-14 19:00:00,LOC-JKT-01,26.6,72.0,2.7,113.0,0.0,Open-Meteo-Archive,2026-10-06 10:06:48
213,2026-09-14 20:00:00,LOC-JKT-01,26.2,73.0,2.7,157.0,0.0,Open-Meteo-Archive,2026-10-06 10:06:48
214,2026-09-14 21:00:00,LOC-JKT-01,25.9,74.0,3.8,180.0,0.0,Open-Meteo-Archive,2026-10-06 10:06:48
215,2026-09-14 22:00:00,LOC-JKT-01,25.7,74.0,4.2,200.0,0.0,Open-Meteo-Archive,2026-10-06 10:06:48
216,2026-09-14 23:00:00,LOC-JKT-01,25.6,75.0,6.0,205.0,0.0,Open-Meteo-Archive,2026-10-06 10:06:48
217,2026-09-15 00:00:00,LOC-JKT-01,27.3,67.0,5.8,206.0,0.0,Open-Meteo-Archive,2026-10-06 10:06:48
218,2026-09-15 01:00:00,LOC-JKT-01,28.8,60.0,4.2,200.0,0.0,Open-Meteo-Archive,2026-10-06 10:06:48
219,2026-09-15 02:00:00,LOC-JKT-01,30.7,51.0,2.7,188.0,0.0,Open-Meteo-Archive,2026-10-06 10:06:48
220,2026-09-15 03:00:00,LOC-JKT-01,32.5,42.0,3.1,114.0,0.0,Open-Meteo-Archive,2026-10-06 10:06:48
221,2026-09-15 04:00:00,LOC-JKT-01,34.0,34.0,5.1,84.0,0.0,Open-Meteo-Archive,2026-10-06 10:06:48
222,2026-09-15 05:00:00,LOC-JKT-01,35.2,28.0,5.9,70.0,0.0,Open-Meteo-Archive,2026-10-06 10:06:48
223,2026-09-15 06:00:00,LOC-JKT-01,35.2,30.0,5.7,351.0,0.0,Open-Meteo-Archive,2026-10-06 10:06:48
224,2026-09-15 07:00:00,LOC-JKT-01,35.8,31.0,6.5,336.0,0.0,Open-Meteo-Archive,2026-10-06 10:06:48
225,2026-09-15 08:00:00,LOC-JKT-01,35.4,29.0,13.5,25.0,0.0,Open-Meteo-Archive,2026-10-06 10:06:48
226,2026-09-15 09:00:00,LOC-JKT-01,34.0,31.0,16.7,47.0,0.0,Open-Meteo-Archive,2026-10-06 10:06:48
227,2026-09-15 10:00:00,LOC-JKT-01,32.7,31.0,14.9,49.0,0.0,Open-Meteo-Archive,2026-10-06 10:06:48
228,2026-09-15 11:00:00,LOC-JKT-01,31.5,36.0,8.9,34.0,0.0,Open-Meteo-Archive,2026-10-06 10:06:48
229,2026-09-15 12:00:00,LOC-JKT-01,30.4,47.0,5.7,46.0,0.0,Open-Meteo-Archive,2026-10-06 10:06:48
230,2026-09-15 13:00:00,LOC-JKT-01,29.6,52.0,4.2,70.0,0.0,Open-Meteo-Archive,2026-10-06 10:06:48
231,2026-09-15 14:00:00,LOC-JKT-01,29.2,54.0,5.7,81.0,0.0,Open-Meteo-Archive,2026-10-06 10:06:48
232,2026-09-15 15:00:00,LOC-JKT-01,28.7,58.0,6.1,78.0,0.0,Open-Meteo-Archive,2026-10-06 10:06:48
233,2026-09-15 16:00:00,LOC-JKT-01,28.2,63.0,4.9,92.0,0.0,Open-Meteo-Archive,2026-10-06 10:06:48
234,2026-09-15 17:00:00,LOC-JKT-01,27.9,66.0,3.9,112.0,0.0,Open-Meteo-Archive,2026-10-06 10:06:48
235,2026-09-15 18:00:00,LOC-JKT-01,27.5,68.0,4.1,113.0,0.0,Open-Meteo-Archive,2026-10-06 10:06:48
236,2026-09-15 19:00:00,LOC-JKT-01,27.1,70.0,3.7,137.0,0.0,Open-Meteo-Archive,2026-10-06 10:06:48
237,2026-09-15 20:00:00,LOC-JKT-01,27.0,70.0,3.4,174.0,0.0,Open-Meteo-Archive,2026-10-06 10:06:48
238,2026-09-15 21:00:00,LOC-JKT-01,26.7,70.0,3.6,198.0,0.0,Open-Meteo-Archive,2026-10-06 10:06:48
239,2026-09-15 22:00:00,LOC-JKT-01,26.3,71.0,4.4,210.0,0.0,Open-Meteo-Archive,2026-10-06 10:06:48
240,2026-09-15 23:00:00,LOC-JKT-01,26.0,71.0,3.8,211.0,0.0,Open-Meteo-Archive,2026-10-06 10:06:48
241,2026-09-16 00:00:00,LOC-JKT-01,27.2,65.0,2.8,215.0,0.0,Open-Meteo-Archive,2026-10-06 10:06:48
242,2026-09-16 01:00:00,LOC-JKT-01,28.9,58.0,2.5,225.0,0.0,Open-Meteo-Archive,2026-10-06 10:06:48
243,2026-09-16 02:00:00,LOC-JKT-01,30.8,49.0,2.9,248.0,0.0,Open-Meteo-Archive,2026-10-06 10:06:48
244,2026-09-16 03:00:00,LOC-JKT-01,32.7,42.0,1.5,315.0,0.0,Open-Meteo-Archive,2026-10-06 10:06:48
245,2026-09-16 04:00:00,LOC-JKT-01,34.2,37.0,3.8,360.0,0.0,Open-Meteo-Archive,2026-10-06 10:06:48
246,2026-09-16 05:00:00,LOC-JKT-01,35.4,35.0,7.1,7.0,0.0,Open-Meteo-Archive,2026-10-06 10:06:48
247,2026-09-16 06:00:00,LOC-JKT-01,34.9,36.0,8.5,6.0,0.0,Open-Meteo-Archive,2026-10-06 10:06:48
248,2026-09-16 07:00:00,LOC-JKT-01,33.5,42.0,13.6,11.0,0.3,Open-Meteo-Archive,2026-10-06 10:06:48
249,2026-09-16 08:00:00,LOC-JKT-01,32.2,50.0,12.4,2.0,0.3,Open-Meteo-Archive,2026-10-06 10:06:48
250,2026-09-16 09:00:00,LOC-JKT-01,31.4,48.0,12.1,3.0,0.0,Open-Meteo-Archive,2026-10-06 10:06:48
251,2026-09-16 10:00:00,LOC-JKT-01,30.7,51.0,9.8,13.0,0.0,Open-Meteo-Archive,2026-10-06 10:06:48
252,2026-09-16 11:00:00,LOC-JKT-01,29.8,57.0,8.5,354.0,0.0,Open-Meteo-Archive,2026-10-06 10:06:48
253,2026-09-16 12:00:00,LOC-JKT-01,29.7,59.0,5.7,349.0,0.0,Open-Meteo-Archive,2026-10-06 10:06:48
254,2026-09-16 13:00:00,LOC-JKT-01,29.2,62.0,3.1,357.0,0.0,Open-Meteo-Archive,2026-10-06 10:06:48
255,2026-09-16 14:00:00,LOC-JKT-01,29.0,63.0,0.3,45.0,0.0,Open-Meteo-Archive,2026-10-06 10:06:48
256,2026-09-16 15:00:00,LOC-JKT-01,28.8,65.0,1.7,139.0,0.0,Open-Meteo-Archive,2026-10-06 10:06:48
257,2026-09-16 16:00:00,LOC-JKT-01,28.6,65.0,2.9,133.0,0.0,Open-Meteo-Archive,2026-10-06 10:06:48
258,2026-09-16 17:00:00,LOC-JKT-01,28.2,66.0,4.6,141.0,0.0,Open-Meteo-Archive,2026-10-06 10:06:48
259,2026-09-16 18:00:00,LOC-JKT-01,28.0,64.0,3.2,117.0,0.0,Open-Meteo-Archive,2026-10-06 10:06:48
260,2026-09-16 19:00:00,LOC-JKT-01,27.3,70.0,3.1,103.0,0.0,Open-Meteo-Archive,2026-10-06 10:06:48
261,2026-09-16 20:00:00,LOC-JKT-01,26.9,72.0,3.0,104.0,0.0,Open-Meteo-Archive,2026-10-06 10:06:48
262,2026-09-16 21:00:00,LOC-JKT-01,26.4,74.0,3.7,129.0,0.0,Open-Meteo-Archive,2026-10-06 10:06:48
263,2026-09-16 22:00:00,LOC-JKT-01,25.9,78.0,4.0,153.0,0.0,Open-Meteo-Archive,2026-10-06 10:06:48
264,2026-09-16 23:00:00,LOC-JKT-01,25.6,81.0,3.7,166.0,0.0,Open-Meteo-Archive,2026-10-06 10:06:48
265,2026-09-17 00:00:00,LOC-JKT-01,27.1,72.0,3.1,170.0,0.0,Open-Meteo-Archive,2026-10-06 10:06:48
266,2026-09-17 01:00:00,LOC-JKT-01,28.8,63.0,1.0,121.0,0.0,Open-Meteo-Archive,2026-10-06 10:06:48
267,2026-09-17 02:00:00,LOC-JKT-01,30.6,54.0,0.9,323.0,0.0,Open-Meteo-Archive,2026-10-06 10:06:48
268,2026-09-17 03:00:00,LOC-JKT-01,32.2,47.0,1.4,320.0,0.0,Open-Meteo-Archive,2026-10-06 10:06:48
269,2026-09-17 04:00:00,LOC-JKT-01,33.6,42.0,3.3,347.0,0.0,Open-Meteo-Archive,2026-10-06 10:06:48
270,2026-09-17 05:00:00,LOC-JKT-01,34.4,40.0,7.2,360.0,0.0,Open-Meteo-Archive,2026-10-06 10:06:48
271,2026-09-17 06:00:00,LOC-JKT-01,34.3,42.0,8.8,358.0,0.1,Open-Meteo-Archive,2026-10-06 10:06:48
272,2026-09-17 07:00:00,LOC-JKT-01,32.8,49.0,13.7,360.0,0.6,Open-Meteo-Archive,2026-10-06 10:06:48
273,2026-09-17 08:00:00,LOC-JKT-01,31.8,52.0,12.9,9.0,0.2,Open-Meteo-Archive,2026-10-06 10:06:48
274,2026-09-17 09:00:00,LOC-JKT-01,31.5,50.0,11.4,5.0,0.0,Open-Meteo-Archive,2026-10-06 10:06:49
275,2026-09-17 10:00:00,LOC-JKT-01,30.5,56.0,11.1,7.0,0.0,Open-Meteo-Archive,2026-10-06 10:06:49
276,2026-09-17 11:00:00,LOC-JKT-01,29.5,63.0,8.2,14.0,0.0,Open-Meteo-Archive,2026-10-06 10:06:49
277,2026-09-17 12:00:00,LOC-JKT-01,29.7,61.0,6.9,41.0,0.0,Open-Meteo-Archive,2026-10-06 10:06:49
278,2026-09-17 13:00:00,LOC-JKT-01,29.2,63.0,6.4,47.0,0.0,Open-Meteo-Archive,2026-10-06 10:06:49
279,2026-09-17 14:00:00,LOC-JKT-01,29.0,64.0,6.0,57.0,0.0,Open-Meteo-Archive,2026-10-06 10:06:49
280,2026-09-17 15:00:00,LOC-JKT-01,28.8,66.0,4.4,58.0,0.0,Open-Meteo-Archive,2026-10-06 10:06:49
281,2026-09-17 16:00:00,LOC-JKT-01,28.6,67.0,3.3,96.0,0.0,Open-Meteo-Archive,2026-10-06 10:06:49
282,2026-09-17 17:00:00,LOC-JKT-01,28.1,70.0,3.8,135.0,0.0,Open-Meteo-Archive,2026-10-06 10:06:49
283,2026-09-17 18:00:00,LOC-JKT-01,27.9,70.0,3.3,112.0,0.0,Open-Meteo-Archive,2026-10-06 10:06:49
284,2026-09-17 19:00:00,LOC-JKT-01,27.4,73.0,3.1,100.0,0.0,Open-Meteo-Archive,2026-10-06 10:06:49
285,2026-09-17 20:00:00,LOC-JKT-01,27.2,75.0,2.9,86.0,0.0,Open-Meteo-Archive,2026-10-06 10:06:49
286,2026-09-17 21:00:00,LOC-JKT-01,26.9,76.0,2.8,63.0,0.0,Open-Meteo-Archive,2026-10-06 10:06:49
287,2026-09-17 22:00:00,LOC-JKT-01,26.6,79.0,3.3,96.0,0.0,Open-Meteo-Archive,2026-10-06 10:06:49
288,2026-09-17 23:00:00,LOC-JKT-01,26.4,80.0,4.9,94.0,0.0,Open-Meteo-Archive,2026-10-06 10:06:49
289,2026-09-18 00:00:00,LOC-JKT-01,28.0,71.0,5.0,111.0,0.0,Open-Meteo-Archive,2026-10-06 10:06:49
290,2026-09-18 01:00:00,LOC-JKT-01,29.1,66.0,6.9,105.0,0.0,Open-Meteo-Archive,2026-10-06 10:06:49
291,2026-09-18 02:00:00,LOC-JKT-01,30.3,60.0,7.3,97.0,0.1,Open-Meteo-Archive,2026-10-06 10:06:49
292,2026-09-18 03:00:00,LOC-JKT-01,31.9,53.0,6.2,80.0,0.1,Open-Meteo-Archive,2026-10-06 10:06:49
293,2026-09-18 04:00:00,LOC-JKT-01,33.5,46.0,4.4,71.0,0.1,Open-Meteo-Archive,2026-10-06 10:06:49
294,2026-09-18 05:00:00,LOC-JKT-01,34.5,43.0,5.5,17.0,0.1,Open-Meteo-Archive,2026-10-06 10:06:49
295,2026-09-18 06:00:00,LOC-JKT-01,34.6,42.0,9.2,356.0,0.3,Open-Meteo-Archive,2026-10-06 10:06:49
296,2026-09-18 07:00:00,LOC-JKT-01,32.8,49.0,14.5,354.0,1.2,Open-Meteo-Archive,2026-10-06 10:06:49
297,2026-09-18 08:00:00,LOC-JKT-01,31.1,58.0,13.3,359.0,0.5,Open-Meteo-Archive,2026-10-06 10:06:49
298,2026-09-18 09:00:00,LOC-JKT-01,30.8,58.0,10.5,3.0,0.0,Open-Meteo-Archive,2026-10-06 10:06:49
299,2026-09-18 10:00:00,LOC-JKT-01,30.1,62.0,9.6,8.0,0.0,Open-Meteo-Archive,2026-10-06 10:06:49
300,2026-09-18 11:00:00,LOC-JKT-01,29.8,64.0,7.2,18.0,0.0,Open-Meteo-Archive,2026-10-06 10:06:49
301,2026-09-18 12:00:00,LOC-JKT-01,28.7,69.0,5.7,125.0,0.4,Open-Meteo-Archive,2026-10-06 10:06:49
302,2026-09-18 13:00:00,LOC-JKT-01,28.0,73.0,4.9,82.0,0.1,Open-Meteo-Archive,2026-10-06 10:06:49
303,2026-09-18 14:00:00,LOC-JKT-01,27.8,75.0,3.1,93.0,0.0,Open-Meteo-Archive,2026-10-06 10:06:49
304,2026-09-18 15:00:00,LOC-JKT-01,27.6,76.0,0.7,360.0,0.0,Open-Meteo-Archive,2026-10-06 10:06:49
305,2026-09-18 16:00:00,LOC-JKT-01,27.7,76.0,2.5,135.0,0.0,Open-Meteo-Archive,2026-10-06 10:06:49
306,2026-09-18 17:00:00,LOC-JKT-01,27.6,75.0,3.6,177.0,0.0,Open-Meteo-Archive,2026-10-06 10:06:49
307,2026-09-18 18:00:00,LOC-JKT-01,25.1,87.0,6.3,275.0,0.8,Open-Meteo-Archive,2026-10-06 10:06:49
308,2026-09-18 19:00:00,LOC-JKT-01,22.8,99.0,5.9,225.0,4.1,Open-Meteo-Archive,2026-10-06 10:06:49
309,2026-09-18 20:00:00,LOC-JKT-01,23.8,96.0,4.6,169.0,0.9,Open-Meteo-Archive,2026-10-06 10:06:49
310,2026-09-18 21:00:00,LOC-JKT-01,24.2,97.0,2.3,108.0,0.1,Open-Meteo-Archive,2026-10-06 10:06:49
311,2026-09-18 22:00:00,LOC-JKT-01,24.4,96.0,0.8,135.0,0.0,Open-Meteo-Archive,2026-10-06 10:06:49
312,2026-09-18 23:00:00,LOC-JKT-01,24.6,97.0,2.6,192.0,0.0,Open-Meteo-Archive,2026-10-06 10:06:49
313,2026-09-19 00:00:00,LOC-JKT-01,27.4,79.0,3.9,124.0,0.0,Open-Meteo-Archive,2026-10-06 10:06:49
314,2026-09-19 01:00:00,LOC-JKT-01,28.5,72.0,5.5,113.0,0.0,Open-Meteo-Archive,2026-10-06 10:06:49
315,2026-09-19 02:00:00,LOC-JKT-01,29.7,68.0,6.2,111.0,0.0,Open-Meteo-Archive,2026-10-06 10:06:49
316,2026-09-19 03:00:00,LOC-JKT-01,30.8,64.0,4.2,95.0,0.0,Open-Meteo-Archive,2026-10-06 10:06:49
317,2026-09-19 04:00:00,LOC-JKT-01,31.7,61.0,3.1,45.0,0.0,Open-Meteo-Archive,2026-10-06 10:06:49
318,2026-09-19 05:00:00,LOC-JKT-01,32.4,58.0,4.8,349.0,0.0,Open-Meteo-Archive,2026-10-06 10:06:49
319,2026-09-19 06:00:00,LOC-JKT-01,32.8,55.0,8.6,334.0,0.4,Open-Meteo-Archive,2026-10-06 10:06:49
320,2026-09-19 07:00:00,LOC-JKT-01,30.9,68.0,12.1,349.0,0.7,Open-Meteo-Archive,2026-10-06 10:06:49
321,2026-09-19 08:00:00,LOC-JKT-01,31.1,64.0,11.8,11.0,0.0,Open-Meteo-Archive,2026-10-06 10:06:49
322,2026-09-19 09:00:00,LOC-JKT-01,30.2,67.0,9.6,30.0,0.1,Open-Meteo-Archive,2026-10-06 10:06:49
323,2026-09-19 10:00:00,LOC-JKT-01,27.2,84.0,8.1,252.0,1.1,Open-Meteo-Archive,2026-10-06 10:06:49
324,2026-09-19 11:00:00,LOC-JKT-01,25.4,96.0,8.3,200.0,1.4,Open-Meteo-Archive,2026-10-06 10:06:49
325,2026-09-19 12:00:00,LOC-JKT-01,25.9,97.0,6.4,205.0,0.9,Open-Meteo-Archive,2026-10-06 10:06:49
326,2026-09-19 13:00:00,LOC-JKT-01,25.9,93.0,5.7,208.0,0.0,Open-Meteo-Archive,2026-10-06 10:06:49
327,2026-09-19 14:00:00,LOC-JKT-01,26.1,92.0,4.5,209.0,0.0,Open-Meteo-Archive,2026-10-06 10:06:49
328,2026-09-19 15:00:00,LOC-JKT-01,26.3,90.0,4.2,162.0,0.0,Open-Meteo-Archive,2026-10-06 10:06:49
329,2026-09-19 16:00:00,LOC-JKT-01,26.1,91.0,4.9,172.0,0.0,Open-Meteo-Archive,2026-10-06 10:06:49
330,2026-09-19 17:00:00,LOC-JKT-01,25.9,92.0,4.3,204.0,0.0,Open-Meteo-Archive,2026-10-06 10:06:49
331,2026-09-19 18:00:00,LOC-JKT-01,26.1,93.0,3.7,191.0,0.0,Open-Meteo-Archive,2026-10-06 10:06:49
332,2026-09-19 19:00:00,LOC-JKT-01,25.8,93.0,4.8,200.0,0.0,Open-Meteo-Archive,2026-10-06 10:06:49
333,2026-09-19 20:00:00,LOC-JKT-01,25.6,93.0,4.3,202.0,0.0,Open-Meteo-Archive,2026-10-06 10:06:49
334,2026-09-19 21:00:00,LOC-JKT-01,25.5,93.0,3.9,202.0,0.0,Open-Meteo-Archive,2026-10-06 10:06:49
335,2026-09-19 22:00:00,LOC-JKT-01,25.4,93.0,3.8,199.0,0.0,Open-Meteo-Archive,2026-10-06 10:06:49
336,2026-09-19 23:00:00,LOC-JKT-01,25.3,93.0,3.7,194.0,0.0,Open-Meteo-Archive,2026-10-06 10:06:49
337,2026-09-20 00:00:00,LOC-JKT-01,26.8,89.0,3.2,180.0,0.0,Open-Meteo-Archive,2026-10-06 10:06:49
338,2026-09-20 01:00:00,LOC-JKT-01,28.1,78.0,1.2,153.0,0.0,Open-Meteo-Archive,2026-10-06 10:06:49
339,2026-09-20 02:00:00,LOC-JKT-01,29.3,72.0,2.3,129.0,0.0,Open-Meteo-Archive,2026-10-06 10:06:49
340,2026-09-20 03:00:00,LOC-JKT-01,30.5,66.0,2.1,110.0,0.0,Open-Meteo-Archive,2026-10-06 10:06:49
341,2026-09-20 04:00:00,LOC-JKT-01,31.6,61.0,1.7,131.0,0.0,Open-Meteo-Archive,2026-10-06 10:06:49
342,2026-09-20 05:00:00,LOC-JKT-01,32.5,57.0,1.2,219.0,0.0,Open-Meteo-Archive,2026-10-06 10:06:49
343,2026-09-20 06:00:00,LOC-JKT-01,33.6,51.0,4.5,307.0,0.0,Open-Meteo-Archive,2026-10-06 10:06:49
344,2026-09-20 07:00:00,LOC-JKT-01,33.4,53.0,9.4,313.0,0.0,Open-Meteo-Archive,2026-10-06 10:06:49
345,2026-09-20 08:00:00,LOC-JKT-01,32.0,58.0,11.6,330.0,0.1,Open-Meteo-Archive,2026-10-06 10:06:49
346,2026-09-20 09:00:00,LOC-JKT-01,31.1,63.0,11.8,349.0,0.0,Open-Meteo-Archive,2026-10-06 10:06:49
347,2026-09-20 10:00:00,LOC-JKT-01,29.9,68.0,12.5,16.0,0.0,Open-Meteo-Archive,2026-10-06 10:06:49
348,2026-09-20 11:00:00,LOC-JKT-01,29.0,73.0,9.5,21.0,0.0,Open-Meteo-Archive,2026-10-06 10:06:49
349,2026-09-20 12:00:00,LOC-JKT-01,29.1,73.0,5.9,35.0,0.0,Open-Meteo-Archive,2026-10-06 10:06:49
350,2026-09-20 13:00:00,LOC-JKT-01,28.6,78.0,5.1,48.0,0.1,Open-Meteo-Archive,2026-10-06 10:06:49
351,2026-09-20 14:00:00,LOC-JKT-01,28.2,80.0,2.1,160.0,0.0,Open-Meteo-Archive,2026-10-06 10:06:49
352,2026-09-20 15:00:00,LOC-JKT-01,27.8,84.0,3.1,204.0,0.2,Open-Meteo-Archive,2026-10-06 10:06:49
353,2026-09-20 16:00:00,LOC-JKT-01,27.4,87.0,4.7,180.0,0.1,Open-Meteo-Archive,2026-10-06 10:06:49
354,2026-09-20 17:00:00,LOC-JKT-01,26.9,90.0,4.7,171.0,0.0,Open-Meteo-Archive,2026-10-06 10:06:49
355,2026-09-20 18:00:00,LOC-JKT-01,26.0,91.0,0.7,256.0,0.0,Open-Meteo-Archive,2026-10-06 10:06:49
356,2026-09-20 19:00:00,LOC-JKT-01,25.7,94.0,1.8,233.0,0.1,Open-Meteo-Archive,2026-10-06 10:06:49
357,2026-09-20 20:00:00,LOC-JKT-01,24.9,92.0,8.3,231.0,0.3,Open-Meteo-Archive,2026-10-06 10:06:49
358,2026-09-20 21:00:00,LOC-JKT-01,23.0,98.0,8.5,264.0,4.2,Open-Meteo-Archive,2026-10-06 10:06:49
359,2026-09-20 22:00:00,LOC-JKT-01,22.7,100.0,3.6,360.0,8.9,Open-Meteo-Archive,2026-10-06 10:06:49
360,2026-09-20 23:00:00,LOC-JKT-01,23.2,98.0,5.2,46.0,6.1,Open-Meteo-Archive,2026-10-06 10:06:49
361,2026-09-21 00:00:00,LOC-JKT-01,26.7,86.0,2.4,207.0,2.0,Open-Meteo-Archive,2026-10-06 10:06:49
362,2026-09-21 01:00:00,LOC-JKT-01,29.0,66.0,3.9,137.0,0.0,Open-Meteo-Archive,2026-10-06 10:06:49
363,2026-09-21 02:00:00,LOC-JKT-01,30.7,56.0,5.0,90.0,0.0,Open-Meteo-Archive,2026-10-06 10:06:49
364,2026-09-21 03:00:00,LOC-JKT-01,32.2,50.0,3.6,84.0,0.0,Open-Meteo-Archive,2026-10-06 10:06:49
365,2026-09-21 04:00:00,LOC-JKT-01,33.5,46.0,2.0,27.0,0.0,Open-Meteo-Archive,2026-10-06 10:06:49
366,2026-09-21 05:00:00,LOC-JKT-01,33.7,47.0,7.4,326.0,0.0,Open-Meteo-Archive,2026-10-06 10:06:49
367,2026-09-21 06:00:00,LOC-JKT-01,34.1,46.0,9.9,335.0,0.6,Open-Meteo-Archive,2026-10-06 10:06:49
368,2026-09-21 07:00:00,LOC-JKT-01,33.8,48.0,11.7,351.0,0.5,Open-Meteo-Archive,2026-10-06 10:06:49
369,2026-09-21 08:00:00,LOC-JKT-01,33.1,49.0,11.6,355.0,0.0,Open-Meteo-Archive,2026-10-06 10:06:49
370,2026-09-21 09:00:00,LOC-JKT-01,32.3,49.0,11.4,16.0,0.0,Open-Meteo-Archive,2026-10-06 10:06:49
371,2026-09-21 10:00:00,LOC-JKT-01,31.7,51.0,4.1,360.0,0.0,Open-Meteo-Archive,2026-10-06 10:06:49
372,2026-09-21 11:00:00,LOC-JKT-01,30.6,56.0,6.7,109.0,0.0,Open-Meteo-Archive,2026-10-06 10:06:49
373,2026-09-21 12:00:00,LOC-JKT-01,26.4,82.0,6.5,120.0,0.0,Open-Meteo-Archive,2026-10-06 10:06:49
374,2026-09-21 13:00:00,LOC-JKT-01,26.7,77.0,5.2,168.0,0.0,Open-Meteo-Archive,2026-10-06 10:06:49
375,2026-09-21 14:00:00,LOC-JKT-01,26.9,77.0,5.4,138.0,0.0,Open-Meteo-Archive,2026-10-06 10:06:49
376,2026-09-21 15:00:00,LOC-JKT-01,27.1,77.0,4.3,152.0,0.0,Open-Meteo-Archive,2026-10-06 10:06:49
377,2026-09-21 16:00:00,LOC-JKT-01,27.2,76.0,3.8,177.0,0.0,Open-Meteo-Archive,2026-10-06 10:06:49
378,2026-09-21 17:00:00,LOC-JKT-01,27.1,77.0,3.0,197.0,0.0,Open-Meteo-Archive,2026-10-06 10:06:49
379,2026-09-21 18:00:00,LOC-JKT-01,27.6,75.0,2.3,203.0,0.0,Open-Meteo-Archive,2026-10-06 10:06:49
380,2026-09-21 19:00:00,LOC-JKT-01,27.2,76.0,2.1,200.0,0.0,Open-Meteo-Archive,2026-10-06 10:06:49
381,2026-09-21 20:00:00,LOC-JKT-01,26.8,79.0,1.8,191.0,0.0,Open-Meteo-Archive,2026-10-06 10:06:49
382,2026-09-21 21:00:00,LOC-JKT-01,26.4,80.0,2.5,210.0,0.0,Open-Meteo-Archive,2026-10-06 10:06:49
383,2026-09-21 22:00:00,LOC-JKT-01,26.0,82.0,3.2,223.0,0.0,Open-Meteo-Archive,2026-10-06 10:06:49
384,2026-09-21 23:00:00,LOC-JKT-01,25.8,83.0,3.8,205.0,0.0,Open-Meteo-Archive,2026-10-06 10:06:49
385,2026-09-22 00:00:00,LOC-JKT-01,27.7,72.0,2.7,184.0,0.0,Open-Meteo-Archive,2026-10-06 10:06:49
386,2026-09-22 01:00:00,LOC-JKT-01,29.6,62.0,3.7,104.0,0.0,Open-Meteo-Archive,2026-10-06 10:06:49
387,2026-09-22 02:00:00,LOC-JKT-01,31.4,54.0,4.5,95.0,0.0,Open-Meteo-Archive,2026-10-06 10:06:49
388,2026-09-22 03:00:00,LOC-JKT-01,33.1,47.0,2.5,90.0,0.0,Open-Meteo-Archive,2026-10-06 10:06:49
389,2026-09-22 04:00:00,LOC-JKT-01,34.8,40.0,2.1,322.0,0.0,Open-Meteo-Archive,2026-10-06 10:06:49
390,2026-09-22 05:00:00,LOC-JKT-01,35.0,39.0,7.9,327.0,0.0,Open-Meteo-Archive,2026-10-06 10:06:49
391,2026-09-22 06:00:00,LOC-JKT-01,34.4,42.0,11.5,343.0,0.2,Open-Meteo-Archive,2026-10-06 10:06:49
392,2026-09-22 07:00:00,LOC-JKT-01,33.4,47.0,11.7,358.0,0.7,Open-Meteo-Archive,2026-10-06 10:06:49
393,2026-09-22 08:00:00,LOC-JKT-01,32.7,49.0,11.8,13.0,0.1,Open-Meteo-Archive,2026-10-06 10:06:49
394,2026-09-22 09:00:00,LOC-JKT-01,32.4,51.0,9.5,10.0,0.1,Open-Meteo-Archive,2026-10-06 10:06:49
395,2026-09-22 10:00:00,LOC-JKT-01,30.9,59.0,9.6,354.0,0.1,Open-Meteo-Archive,2026-10-06 10:06:49
396,2026-09-22 11:00:00,LOC-JKT-01,29.8,65.0,7.0,13.0,0.2,Open-Meteo-Archive,2026-10-06 10:06:49
397,2026-09-22 12:00:00,LOC-JKT-01,29.9,63.0,5.8,70.0,0.0,Open-Meteo-Archive,2026-10-06 10:06:49
398,2026-09-22 13:00:00,LOC-JKT-01,29.3,67.0,5.2,94.0,0.0,Open-Meteo-Archive,2026-10-06 10:06:49
399,2026-09-22 14:00:00,LOC-JKT-01,28.5,71.0,5.2,106.0,0.0,Open-Meteo-Archive,2026-10-06 10:06:49
400,2026-09-22 15:00:00,LOC-JKT-01,27.9,74.0,3.4,96.0,0.0,Open-Meteo-Archive,2026-10-06 10:06:49
401,2026-09-22 16:00:00,LOC-JKT-01,27.7,75.0,4.2,168.0,0.0,Open-Meteo-Archive,2026-10-06 10:06:49
402,2026-09-22 17:00:00,LOC-JKT-01,27.4,75.0,2.1,239.0,0.0,Open-Meteo-Archive,2026-10-06 10:06:49
403,2026-09-22 18:00:00,LOC-JKT-01,27.5,73.0,1.9,253.0,0.0,Open-Meteo-Archive,2026-10-06 10:06:49
404,2026-09-22 19:00:00,LOC-JKT-01,27.0,76.0,3.3,276.0,0.0,Open-Meteo-Archive,2026-10-06 10:06:49
405,2026-09-22 20:00:00,LOC-JKT-01,26.7,78.0,3.6,264.0,0.0,Open-Meteo-Archive,2026-10-06 10:06:49
406,2026-09-22 21:00:00,LOC-JKT-01,26.4,80.0,3.8,259.0,0.0,Open-Meteo-Archive,2026-10-06 10:06:49
407,2026-09-22 22:00:00,LOC-JKT-01,26.1,83.0,4.2,245.0,0.0,Open-Meteo-Archive,2026-10-06 10:06:49
408,2026-09-22 23:00:00,LOC-JKT-01,25.8,86.0,4.2,230.0,0.0,Open-Meteo-Archive,2026-10-06 10:06:49
409,2026-09-23 00:00:00,LOC-JKT-01,27.2,78.0,2.6,205.0,0.0,Open-Meteo-Archive,2026-10-06 10:06:49
410,2026-09-23 01:00:00,LOC-JKT-01,28.7,69.0,2.2,145.0,0.0,Open-Meteo-Archive,2026-10-06 10:06:49
411,2026-09-23 02:00:00,LOC-JKT-01,30.2,61.0,3.2,109.0,0.0,Open-Meteo-Archive,2026-10-06 10:06:49
412,2026-09-23 03:00:00,LOC-JKT-01,31.6,56.0,2.3,94.0,0.0,Open-Meteo-Archive,2026-10-06 10:06:49
413,2026-09-23 04:00:00,LOC-JKT-01,32.9,51.0,1.3,106.0,0.0,Open-Meteo-Archive,2026-10-06 10:06:49
414,2026-09-23 05:00:00,LOC-JKT-01,34.1,47.0,2.0,355.0,0.0,Open-Meteo-Archive,2026-10-06 10:06:49
415,2026-09-23 06:00:00,LOC-JKT-01,34.5,46.0,7.6,357.0,0.0,Open-Meteo-Archive,2026-10-06 10:06:49
416,2026-09-23 07:00:00,LOC-JKT-01,33.4,52.0,11.6,355.0,0.1,Open-Meteo-Archive,2026-10-06 10:06:49
417,2026-09-23 08:00:00,LOC-JKT-01,32.3,54.0,13.7,2.0,0.2,Open-Meteo-Archive,2026-10-06 10:06:49
418,2026-09-23 09:00:00,LOC-JKT-01,31.7,51.0,12.8,20.0,0.1,Open-Meteo-Archive,2026-10-06 10:06:49
419,2026-09-23 10:00:00,LOC-JKT-01,31.0,53.0,10.3,12.0,0.0,Open-Meteo-Archive,2026-10-06 10:06:49
420,2026-09-23 11:00:00,LOC-JKT-01,30.2,55.0,7.3,11.0,0.0,Open-Meteo-Archive,2026-10-06 10:06:49
421,2026-09-23 12:00:00,LOC-JKT-01,29.9,60.0,6.0,46.0,0.0,Open-Meteo-Archive,2026-10-06 10:06:49
422,2026-09-23 13:00:00,LOC-JKT-01,29.3,65.0,5.9,63.0,0.0,Open-Meteo-Archive,2026-10-06 10:06:49
423,2026-09-23 14:00:00,LOC-JKT-01,28.9,69.0,4.3,75.0,0.0,Open-Meteo-Archive,2026-10-06 10:06:49
424,2026-09-23 15:00:00,LOC-JKT-01,28.6,71.0,3.8,90.0,0.0,Open-Meteo-Archive,2026-10-06 10:06:49
425,2026-09-23 16:00:00,LOC-JKT-01,28.3,74.0,2.9,97.0,0.0,Open-Meteo-Archive,2026-10-06 10:06:49
426,2026-09-23 17:00:00,LOC-JKT-01,27.9,76.0,3.5,102.0,0.0,Open-Meteo-Archive,2026-10-06 10:06:49
427,2026-09-23 18:00:00,LOC-JKT-01,27.7,77.0,4.7,97.0,0.0,Open-Meteo-Archive,2026-10-06 10:06:49
428,2026-09-23 19:00:00,LOC-JKT-01,27.2,81.0,4.1,105.0,0.0,Open-Meteo-Archive,2026-10-06 10:06:49
429,2026-09-23 20:00:00,LOC-JKT-01,26.9,82.0,3.2,137.0,0.0,Open-Meteo-Archive,2026-10-06 10:06:49
430,2026-09-23 21:00:00,LOC-JKT-01,26.7,82.0,3.5,145.0,0.0,Open-Meteo-Archive,2026-10-06 10:06:49
431,2026-09-23 22:00:00,LOC-JKT-01,26.6,83.0,4.1,142.0,0.0,Open-Meteo-Archive,2026-10-06 10:06:49
432,2026-09-23 23:00:00,LOC-JKT-01,26.5,82.0,5.1,132.0,0.0,Open-Meteo-Archive,2026-10-06 10:06:49
433,2026-09-24 00:00:00,LOC-JKT-01,27.7,73.0,5.2,117.0,0.0,Open-Meteo-Archive,2026-10-06 10:06:49
434,2026-09-24 01:00:00,LOC-JKT-01,29.0,67.0,6.4,108.0,0.0,Open-Meteo-Archive,2026-10-06 10:06:49
435,2026-09-24 02:00:00,LOC-JKT-01,30.5,56.0,7.8,99.0,0.0,Open-Meteo-Archive,2026-10-06 10:06:49
436,2026-09-24 03:00:00,LOC-JKT-01,32.1,48.0,7.3,99.0,0.0,Open-Meteo-Archive,2026-10-06 10:06:49
437,2026-09-24 04:00:00,LOC-JKT-01,33.4,44.0,6.0,107.0,0.0,Open-Meteo-Archive,2026-10-06 10:06:49
438,2026-09-24 05:00:00,LOC-JKT-01,34.9,40.0,1.8,323.0,0.0,Open-Meteo-Archive,2026-10-06 10:06:49
439,2026-09-24 06:00:00,LOC-JKT-01,34.7,40.0,7.0,357.0,0.0,Open-Meteo-Archive,2026-10-06 10:06:49
440,2026-09-24 07:00:00,LOC-JKT-01,34.1,44.0,11.7,9.0,0.2,Open-Meteo-Archive,2026-10-06 10:06:49
441,2026-09-24 08:00:00,LOC-JKT-01,33.3,48.0,11.6,5.0,1.4,Open-Meteo-Archive,2026-10-06 10:06:49
442,2026-09-24 09:00:00,LOC-JKT-01,31.9,54.0,11.8,23.0,0.4,Open-Meteo-Archive,2026-10-06 10:06:49
443,2026-09-24 10:00:00,LOC-JKT-01,31.3,53.0,10.9,31.0,0.0,Open-Meteo-Archive,2026-10-06 10:06:49
444,2026-09-24 11:00:00,LOC-JKT-01,30.3,55.0,9.3,40.0,0.0,Open-Meteo-Archive,2026-10-06 10:06:49
445,2026-09-24 12:00:00,LOC-JKT-01,29.8,63.0,7.5,80.0,0.0,Open-Meteo-Archive,2026-10-06 10:06:49
446,2026-09-24 13:00:00,LOC-JKT-01,29.1,69.0,5.0,88.0,0.0,Open-Meteo-Archive,2026-10-06 10:06:49
447,2026-09-24 14:00:00,LOC-JKT-01,28.6,73.0,5.0,90.0,0.0,Open-Meteo-Archive,2026-10-06 10:06:49
448,2026-09-24 15:00:00,LOC-JKT-01,28.2,75.0,6.2,102.0,0.0,Open-Meteo-Archive,2026-10-06 10:06:49
449,2026-09-24 16:00:00,LOC-JKT-01,27.8,79.0,5.2,117.0,0.0,Open-Meteo-Archive,2026-10-06 10:06:49
450,2026-09-24 17:00:00,LOC-JKT-01,27.5,80.0,6.2,111.0,0.0,Open-Meteo-Archive,2026-10-06 10:06:49
451,2026-09-24 18:00:00,LOC-JKT-01,27.2,78.0,5.5,103.0,0.0,Open-Meteo-Archive,2026-10-06 10:06:49
452,2026-09-24 19:00:00,LOC-JKT-01,26.7,82.0,4.5,113.0,0.0,Open-Meteo-Archive,2026-10-06 10:06:49
453,2026-09-24 20:00:00,LOC-JKT-01,26.4,83.0,3.9,112.0,0.0,Open-Meteo-Archive,2026-10-06 10:06:49
454,2026-09-24 21:00:00,LOC-JKT-01,26.2,85.0,3.7,129.0,0.0,Open-Meteo-Archive,2026-10-06 10:06:49
455,2026-09-24 22:00:00,LOC-JKT-01,26.0,85.0,3.0,128.0,0.0,Open-Meteo-Archive,2026-10-06 10:06:49
456,2026-09-24 23:00:00,LOC-JKT-01,26.0,84.0,3.1,114.0,0.0,Open-Meteo-Archive,2026-10-06 10:06:49
457,2026-09-25 00:00:00,LOC-JKT-01,27.3,76.0,3.6,90.0,0.0,Open-Meteo-Archive,2026-10-06 10:06:49
458,2026-09-25 01:00:00,LOC-JKT-01,29.0,69.0,4.9,84.0,0.0,Open-Meteo-Archive,2026-10-06 10:06:49
459,2026-09-25 02:00:00,LOC-JKT-01,30.9,60.0,6.3,92.0,0.0,Open-Meteo-Archive,2026-10-06 10:06:49
460,2026-09-25 03:00:00,LOC-JKT-01,32.8,53.0,6.7,104.0,0.0,Open-Meteo-Archive,2026-10-06 10:06:49
461,2026-09-25 04:00:00,LOC-JKT-01,33.9,50.0,4.7,99.0,0.0,Open-Meteo-Archive,2026-10-06 10:06:49
462,2026-09-25 05:00:00,LOC-JKT-01,35.0,46.0,2.7,20.0,0.0,Open-Meteo-Archive,2026-10-06 10:06:49
463,2026-09-25 06:00:00,LOC-JKT-01,34.6,46.0,8.4,345.0,0.0,Open-Meteo-Archive,2026-10-06 10:06:49
464,2026-09-25 07:00:00,LOC-JKT-01,34.1,46.0,9.8,7.0,0.2,Open-Meteo-Archive,2026-10-06 10:06:49
465,2026-09-25 08:00:00,LOC-JKT-01,34.3,42.0,11.1,27.0,0.1,Open-Meteo-Archive,2026-10-06 10:06:49
466,2026-09-25 09:00:00,LOC-JKT-01,33.2,45.0,12.9,35.0,0.0,Open-Meteo-Archive,2026-10-06 10:06:49
467,2026-09-25 10:00:00,LOC-JKT-01,32.2,47.0,11.7,44.0,0.0,Open-Meteo-Archive,2026-10-06 10:06:49
468,2026-09-25 11:00:00,LOC-JKT-01,31.2,51.0,10.0,56.0,0.0,Open-Meteo-Archive,2026-10-06 10:06:49
469,2026-09-25 12:00:00,LOC-JKT-01,30.3,58.0,6.9,85.0,0.0,Open-Meteo-Archive,2026-10-06 10:06:49
470,2026-09-25 13:00:00,LOC-JKT-01,29.6,61.0,6.7,96.0,0.0,Open-Meteo-Archive,2026-10-06 10:06:49
471,2026-09-25 14:00:00,LOC-JKT-01,29.2,64.0,5.7,108.0,0.0,Open-Meteo-Archive,2026-10-06 10:06:49
472,2026-09-25 15:00:00,LOC-JKT-01,28.9,67.0,4.4,109.0,0.0,Open-Meteo-Archive,2026-10-06 10:06:49
473,2026-09-25 16:00:00,LOC-JKT-01,28.7,70.0,4.4,117.0,0.0,Open-Meteo-Archive,2026-10-06 10:06:49
474,2026-09-25 17:00:00,LOC-JKT-01,28.3,73.0,4.6,108.0,0.0,Open-Meteo-Archive,2026-10-06 10:06:49
475,2026-09-25 18:00:00,LOC-JKT-01,28.3,70.0,6.1,93.0,0.0,Open-Meteo-Archive,2026-10-06 10:06:49
476,2026-09-25 19:00:00,LOC-JKT-01,27.8,72.0,5.6,107.0,0.0,Open-Meteo-Archive,2026-10-06 10:06:49
477,2026-09-25 20:00:00,LOC-JKT-01,27.5,73.0,4.7,106.0,0.0,Open-Meteo-Archive,2026-10-06 10:06:49
478,2026-09-25 21:00:00,LOC-JKT-01,27.2,74.0,4.1,135.0,0.0,Open-Meteo-Archive,2026-10-06 10:06:49
479,2026-09-25 22:00:00,LOC-JKT-01,26.9,77.0,3.6,174.0,0.0,Open-Meteo-Archive,2026-10-06 10:06:49
480,2026-09-25 23:00:00,LOC-JKT-01,26.7,79.0,3.4,196.0,0.0,Open-Meteo-Archive,2026-10-06 10:06:49
481,2026-09-26 00:00:00,LOC-JKT-01,28.0,74.0,3.6,174.0,0.0,Open-Meteo-Archive,2026-10-06 10:06:49
482,2026-09-26 01:00:00,LOC-JKT-01,29.7,64.0,3.7,101.0,0.0,Open-Meteo-Archive,2026-10-06 10:06:49
483,2026-09-26 02:00:00,LOC-JKT-01,31.5,57.0,4.0,100.0,0.0,Open-Meteo-Archive,2026-10-06 10:06:49
484,2026-09-26 03:00:00,LOC-JKT-01,33.2,51.0,3.5,62.0,0.0,Open-Meteo-Archive,2026-10-06 10:06:49
485,2026-09-26 04:00:00,LOC-JKT-01,34.2,48.0,4.3,358.0,0.0,Open-Meteo-Archive,2026-10-06 10:06:49
486,2026-09-26 05:00:00,LOC-JKT-01,33.1,53.0,9.8,353.0,0.1,Open-Meteo-Archive,2026-10-06 10:06:49
487,2026-09-26 06:00:00,LOC-JKT-01,31.9,55.0,9.1,339.0,0.2,Open-Meteo-Archive,2026-10-06 10:06:49
488,2026-09-26 07:00:00,LOC-JKT-01,33.7,47.0,8.2,32.0,0.4,Open-Meteo-Archive,2026-10-06 10:06:49
489,2026-09-26 08:00:00,LOC-JKT-01,33.4,48.0,11.8,28.0,0.1,Open-Meteo-Archive,2026-10-06 10:06:49
490,2026-09-26 09:00:00,LOC-JKT-01,32.2,52.0,11.3,33.0,1.6,Open-Meteo-Archive,2026-10-06 10:06:49
491,2026-09-26 10:00:00,LOC-JKT-01,31.1,58.0,7.7,36.0,1.1,Open-Meteo-Archive,2026-10-06 10:06:49
492,2026-09-26 11:00:00,LOC-JKT-01,30.7,59.0,5.0,90.0,0.0,Open-Meteo-Archive,2026-10-06 10:06:49
493,2026-09-26 12:00:00,LOC-JKT-01,29.3,70.0,7.4,157.0,0.0,Open-Meteo-Archive,2026-10-06 10:06:49
494,2026-09-26 13:00:00,LOC-JKT-01,28.9,70.0,6.8,169.0,0.0,Open-Meteo-Archive,2026-10-06 10:06:49
495,2026-09-26 14:00:00,LOC-JKT-01,28.4,73.0,5.2,174.0,0.0,Open-Meteo-Archive,2026-10-06 10:06:49
496,2026-09-26 15:00:00,LOC-JKT-01,28.1,76.0,3.4,155.0,0.0,Open-Meteo-Archive,2026-10-06 10:06:49
497,2026-09-26 16:00:00,LOC-JKT-01,28.0,78.0,2.2,114.0,0.0,Open-Meteo-Archive,2026-10-06 10:06:49
498,2026-09-26 17:00:00,LOC-JKT-01,27.7,81.0,2.5,150.0,0.0,Open-Meteo-Archive,2026-10-06 10:06:49
499,2026-09-26 18:00:00,LOC-JKT-01,27.6,78.0,2.3,162.0,0.0,Open-Meteo-Archive,2026-10-06 10:06:49
500,2026-09-26 19:00:00,LOC-JKT-01,27.0,82.0,2.6,219.0,0.0,Open-Meteo-Archive,2026-10-06 10:06:49
501,2026-09-26 20:00:00,LOC-JKT-01,26.8,83.0,2.4,234.0,0.0,Open-Meteo-Archive,2026-10-06 10:06:49
502,2026-09-26 21:00:00,LOC-JKT-01,26.5,85.0,2.4,222.0,0.0,Open-Meteo-Archive,2026-10-06 10:06:49
503,2026-09-26 22:00:00,LOC-JKT-01,26.1,86.0,3.0,232.0,0.0,Open-Meteo-Archive,2026-10-06 10:06:49
504,2026-09-26 23:00:00,LOC-JKT-01,26.0,88.0,3.6,237.0,0.0,Open-Meteo-Archive,2026-10-06 10:06:49
505,2026-09-27 00:00:00,LOC-JKT-01,27.8,70.0,2.7,200.0,0.0,Open-Meteo-Archive,2026-10-06 10:06:49
506,2026-09-27 01:00:00,LOC-JKT-01,29.1,65.0,2.3,176.0,0.0,Open-Meteo-Archive,2026-10-06 10:06:49
507,2026-09-27 02:00:00,LOC-JKT-01,30.3,60.0,2.2,138.0,0.0,Open-Meteo-Archive,2026-10-06 10:06:49
508,2026-09-27 03:00:00,LOC-JKT-01,31.5,57.0,0.0,270.0,0.0,Open-Meteo-Archive,2026-10-06 10:06:49
509,2026-09-27 04:00:00,LOC-JKT-01,32.7,53.0,2.1,15.0,0.0,Open-Meteo-Archive,2026-10-06 10:06:49
510,2026-09-27 05:00:00,LOC-JKT-01,33.5,50.0,4.1,2.0,0.0,Open-Meteo-Archive,2026-10-06 10:06:49
511,2026-09-27 06:00:00,LOC-JKT-01,31.9,55.0,8.3,2.0,0.2,Open-Meteo-Archive,2026-10-06 10:06:49
512,2026-09-27 07:00:00,LOC-JKT-01,31.8,56.0,10.2,350.0,2.3,Open-Meteo-Archive,2026-10-06 10:06:49
513,2026-09-27 08:00:00,LOC-JKT-01,31.8,57.0,8.1,6.0,0.2,Open-Meteo-Archive,2026-10-06 10:06:49
514,2026-09-27 09:00:00,LOC-JKT-01,29.4,68.0,9.7,329.0,1.6,Open-Meteo-Archive,2026-10-06 10:06:49
515,2026-09-27 10:00:00,LOC-JKT-01,28.6,72.0,1.2,63.0,0.2,Open-Meteo-Archive,2026-10-06 10:06:49
516,2026-09-27 11:00:00,LOC-JKT-01,27.8,76.0,7.0,13.0,0.1,Open-Meteo-Archive,2026-10-06 10:06:49
517,2026-09-27 12:00:00,LOC-JKT-01,28.7,73.0,4.2,80.0,0.1,Open-Meteo-Archive,2026-10-06 10:06:49
518,2026-09-27 13:00:00,LOC-JKT-01,27.3,76.0,4.3,237.0,0.6,Open-Meteo-Archive,2026-10-06 10:06:49
519,2026-09-27 14:00:00,LOC-JKT-01,24.1,93.0,7.1,279.0,3.7,Open-Meteo-Archive,2026-10-06 10:06:49
520,2026-09-27 15:00:00,LOC-JKT-01,24.7,95.0,1.3,214.0,2.6,Open-Meteo-Archive,2026-10-06 10:06:49
521,2026-09-27 16:00:00,LOC-JKT-01,24.6,95.0,8.6,112.0,0.2,Open-Meteo-Archive,2026-10-06 10:06:49
522,2026-09-27 17:00:00,LOC-JKT-01,24.7,90.0,4.1,90.0,0.1,Open-Meteo-Archive,2026-10-06 10:06:49
523,2026-09-27 18:00:00,LOC-JKT-01,25.4,90.0,2.0,225.0,0.1,Open-Meteo-Archive,2026-10-06 10:06:49
524,2026-09-27 19:00:00,LOC-JKT-01,25.1,91.0,2.3,162.0,0.0,Open-Meteo-Archive,2026-10-06 10:06:49
525,2026-09-27 20:00:00,LOC-JKT-01,25.1,91.0,3.8,149.0,0.0,Open-Meteo-Archive,2026-10-06 10:06:49
526,2026-09-27 21:00:00,LOC-JKT-01,25.1,90.0,4.7,152.0,0.0,Open-Meteo-Archive,2026-10-06 10:06:49
527,2026-09-27 22:00:00,LOC-JKT-01,25.0,90.0,4.4,159.0,0.0,Open-Meteo-Archive,2026-10-06 10:06:49
528,2026-09-27 23:00:00,LOC-JKT-01,25.1,89.0,3.6,183.0,0.0,Open-Meteo-Archive,2026-10-06 10:06:49
529,2026-09-28 00:00:00,LOC-JKT-01,27.2,75.0,3.4,106.0,0.0,Open-Meteo-Archive,2026-10-06 10:06:49
530,2026-09-28 01:00:00,LOC-JKT-01,29.1,67.0,5.4,96.0,0.0,Open-Meteo-Archive,2026-10-06 10:06:49
531,2026-09-28 02:00:00,LOC-JKT-01,30.7,61.0,5.0,88.0,0.0,Open-Meteo-Archive,2026-10-06 10:06:49
532,2026-09-28 03:00:00,LOC-JKT-01,32.2,54.0,4.6,64.0,0.0,Open-Meteo-Archive,2026-10-06 10:06:49
533,2026-09-28 04:00:00,LOC-JKT-01,33.6,48.0,5.0,49.0,0.0,Open-Meteo-Archive,2026-10-06 10:06:49
534,2026-09-28 05:00:00,LOC-JKT-01,34.4,43.0,6.3,18.0,0.0,Open-Meteo-Archive,2026-10-06 10:06:49
535,2026-09-28 06:00:00,LOC-JKT-01,34.8,43.0,9.8,7.0,0.0,Open-Meteo-Archive,2026-10-06 10:06:49
536,2026-09-28 07:00:00,LOC-JKT-01,33.3,48.0,14.2,1.0,1.7,Open-Meteo-Archive,2026-10-06 10:06:49
537,2026-09-28 08:00:00,LOC-JKT-01,32.3,54.0,12.8,4.0,0.6,Open-Meteo-Archive,2026-10-06 10:06:49
538,2026-09-28 09:00:00,LOC-JKT-01,32.1,55.0,10.9,12.0,0.0,Open-Meteo-Archive,2026-10-06 10:06:49
539,2026-09-28 10:00:00,LOC-JKT-01,30.8,61.0,8.6,2.0,0.0,Open-Meteo-Archive,2026-10-06 10:06:49
540,2026-09-28 11:00:00,LOC-JKT-01,29.8,64.0,0.4,207.0,0.5,Open-Meteo-Archive,2026-10-06 10:06:49
541,2026-09-28 12:00:00,LOC-JKT-01,30.2,61.0,2.5,176.0,0.8,Open-Meteo-Archive,2026-10-06 10:06:49
542,2026-09-28 13:00:00,LOC-JKT-01,28.5,72.0,2.8,145.0,0.5,Open-Meteo-Archive,2026-10-06 10:06:49
543,2026-09-28 14:00:00,LOC-JKT-01,28.0,74.0,6.3,127.0,0.1,Open-Meteo-Archive,2026-10-06 10:06:49
544,2026-09-28 15:00:00,LOC-JKT-01,27.8,74.0,4.9,147.0,0.0,Open-Meteo-Archive,2026-10-06 10:06:49
545,2026-09-28 16:00:00,LOC-JKT-01,27.2,77.0,5.0,128.0,0.0,Open-Meteo-Archive,2026-10-06 10:06:49
546,2026-09-28 17:00:00,LOC-JKT-01,26.9,81.0,2.3,122.0,0.0,Open-Meteo-Archive,2026-10-06 10:06:49
547,2026-09-28 18:00:00,LOC-JKT-01,24.0,92.0,8.3,292.0,0.1,Open-Meteo-Archive,2026-10-06 10:06:49
548,2026-09-28 19:00:00,LOC-JKT-01,24.8,90.0,4.2,170.0,0.3,Open-Meteo-Archive,2026-10-06 10:06:49
549,2026-09-28 20:00:00,LOC-JKT-01,25.1,89.0,0.9,169.0,0.0,Open-Meteo-Archive,2026-10-06 10:06:49
550,2026-09-28 21:00:00,LOC-JKT-01,25.3,87.0,1.4,90.0,0.0,Open-Meteo-Archive,2026-10-06 10:06:50
551,2026-09-28 22:00:00,LOC-JKT-01,25.4,86.0,3.1,144.0,0.0,Open-Meteo-Archive,2026-10-06 10:06:50
552,2026-09-28 23:00:00,LOC-JKT-01,25.6,85.0,3.1,152.0,0.0,Open-Meteo-Archive,2026-10-06 10:06:50
553,2026-09-29 00:00:00,LOC-JKT-01,27.3,77.0,3.1,126.0,0.0,Open-Meteo-Archive,2026-10-06 10:06:50
554,2026-09-29 01:00:00,LOC-JKT-01,28.7,71.0,4.9,94.0,0.0,Open-Meteo-Archive,2026-10-06 10:06:50
555,2026-09-29 02:00:00,LOC-JKT-01,30.3,64.0,7.2,86.0,0.0,Open-Meteo-Archive,2026-10-06 10:06:50
556,2026-09-29 03:00:00,LOC-JKT-01,31.4,61.0,8.9,96.0,0.1,Open-Meteo-Archive,2026-10-06 10:06:50
557,2026-09-29 04:00:00,LOC-JKT-01,32.6,56.0,7.5,79.0,0.1,Open-Meteo-Archive,2026-10-06 10:06:50
558,2026-09-29 05:00:00,LOC-JKT-01,33.4,52.0,6.9,31.0,0.1,Open-Meteo-Archive,2026-10-06 10:06:50
559,2026-09-29 06:00:00,LOC-JKT-01,33.6,51.0,9.6,4.0,0.1,Open-Meteo-Archive,2026-10-06 10:06:50
560,2026-09-29 07:00:00,LOC-JKT-01,32.1,60.0,13.6,352.0,1.7,Open-Meteo-Archive,2026-10-06 10:06:50
561,2026-09-29 08:00:00,LOC-JKT-01,32.1,60.0,12.8,4.0,0.2,Open-Meteo-Archive,2026-10-06 10:06:50
562,2026-09-29 09:00:00,LOC-JKT-01,31.1,62.0,10.7,31.0,0.3,Open-Meteo-Archive,2026-10-06 10:06:50
563,2026-09-29 10:00:00,LOC-JKT-01,30.3,68.0,9.3,28.0,0.2,Open-Meteo-Archive,2026-10-06 10:06:50
564,2026-09-29 11:00:00,LOC-JKT-01,29.2,74.0,3.7,51.0,0.2,Open-Meteo-Archive,2026-10-06 10:06:50
565,2026-09-29 12:00:00,LOC-JKT-01,29.6,69.0,7.3,73.0,0.2,Open-Meteo-Archive,2026-10-06 10:06:50
566,2026-09-29 13:00:00,LOC-JKT-01,28.9,72.0,6.1,88.0,0.0,Open-Meteo-Archive,2026-10-06 10:06:50
567,2026-09-29 14:00:00,LOC-JKT-01,28.5,76.0,4.5,104.0,0.0,Open-Meteo-Archive,2026-10-06 10:06:50
568,2026-09-29 15:00:00,LOC-JKT-01,28.4,77.0,3.0,115.0,0.0,Open-Meteo-Archive,2026-10-06 10:06:50
569,2026-09-29 16:00:00,LOC-JKT-01,28.0,79.0,3.2,161.0,0.0,Open-Meteo-Archive,2026-10-06 10:06:50
570,2026-09-29 17:00:00,LOC-JKT-01,27.6,81.0,3.1,180.0,0.0,Open-Meteo-Archive,2026-10-06 10:06:50
571,2026-09-29 18:00:00,LOC-JKT-01,27.7,77.0,2.7,118.0,0.0,Open-Meteo-Archive,2026-10-06 10:06:50
572,2026-09-29 19:00:00,LOC-JKT-01,27.3,79.0,3.2,124.0,0.0,Open-Meteo-Archive,2026-10-06 10:06:50
573,2026-09-29 20:00:00,LOC-JKT-01,27.0,81.0,3.1,126.0,0.0,Open-Meteo-Archive,2026-10-06 10:06:50
574,2026-09-29 21:00:00,LOC-JKT-01,26.7,83.0,2.8,125.0,0.0,Open-Meteo-Archive,2026-10-06 10:06:50
575,2026-09-29 22:00:00,LOC-JKT-01,26.5,84.0,2.2,180.0,0.0,Open-Meteo-Archive,2026-10-06 10:06:50
576,2026-09-29 23:00:00,LOC-JKT-01,26.5,83.0,3.4,205.0,0.0,Open-Meteo-Archive,2026-10-06 10:06:50
577,2026-09-30 00:00:00,LOC-JKT-01,27.4,81.0,2.3,184.0,0.0,Open-Meteo-Archive,2026-10-06 10:06:50
578,2026-09-30 01:00:00,LOC-JKT-01,28.9,72.0,2.0,100.0,0.0,Open-Meteo-Archive,2026-10-06 10:06:50
579,2026-09-30 02:00:00,LOC-JKT-01,30.2,65.0,3.2,90.0,0.0,Open-Meteo-Archive,2026-10-06 10:06:50
580,2026-09-30 03:00:00,LOC-JKT-01,31.7,58.0,3.4,90.0,0.1,Open-Meteo-Archive,2026-10-06 10:06:50
581,2026-09-30 04:00:00,LOC-JKT-01,32.9,52.0,3.7,67.0,0.1,Open-Meteo-Archive,2026-10-06 10:06:50
582,2026-09-30 05:00:00,LOC-JKT-01,34.0,48.0,3.7,47.0,0.1,Open-Meteo-Archive,2026-10-06 10:06:50
583,2026-09-30 06:00:00,LOC-JKT-01,31.6,58.0,10.7,6.0,0.0,Open-Meteo-Archive,2026-10-06 10:06:50
584,2026-09-30 07:00:00,LOC-JKT-01,31.5,59.0,9.5,359.0,0.8,Open-Meteo-Archive,2026-10-06 10:06:50
585,2026-09-30 08:00:00,LOC-JKT-01,31.8,53.0,8.0,14.0,0.7,Open-Meteo-Archive,2026-10-06 10:06:50
586,2026-09-30 09:00:00,LOC-JKT-01,31.5,54.0,8.5,360.0,0.8,Open-Meteo-Archive,2026-10-06 10:06:50
587,2026-09-30 10:00:00,LOC-JKT-01,31.0,57.0,3.4,360.0,0.1,Open-Meteo-Archive,2026-10-06 10:06:50
588,2026-09-30 11:00:00,LOC-JKT-01,30.2,62.0,1.3,315.0,0.0,Open-Meteo-Archive,2026-10-06 10:06:50
589,2026-09-30 12:00:00,LOC-JKT-01,27.1,80.0,9.5,249.0,0.0,Open-Meteo-Archive,2026-10-06 10:06:50
590,2026-09-30 13:00:00,LOC-JKT-01,25.8,85.0,10.1,231.0,0.0,Open-Meteo-Archive,2026-10-06 10:06:50
591,2026-09-30 14:00:00,LOC-JKT-01,25.7,86.0,5.1,260.0,0.0,Open-Meteo-Archive,2026-10-06 10:06:50
592,2026-09-30 15:00:00,LOC-JKT-01,26.1,85.0,3.5,242.0,0.0,Open-Meteo-Archive,2026-10-06 10:06:50
593,2026-09-30 16:00:00,LOC-JKT-01,25.8,88.0,3.6,217.0,0.0,Open-Meteo-Archive,2026-10-06 10:06:50
594,2026-09-30 17:00:00,LOC-JKT-01,25.7,89.0,3.0,205.0,0.0,Open-Meteo-Archive,2026-10-06 10:06:50
595,2026-09-30 18:00:00,LOC-JKT-01,25.3,91.0,5.6,211.0,0.2,Open-Meteo-Archive,2026-10-06 10:06:50
596,2026-09-30 19:00:00,LOC-JKT-01,25.1,93.0,3.1,201.0,1.0,Open-Meteo-Archive,2026-10-06 10:06:50
597,2026-09-30 20:00:00,LOC-JKT-01,25.3,92.0,2.3,4.0,0.1,Open-Meteo-Archive,2026-10-06 10:06:50
598,2026-09-30 21:00:00,LOC-JKT-01,25.6,87.0,1.5,353.0,0.0,Open-Meteo-Archive,2026-10-06 10:06:50
599,2026-09-30 22:00:00,LOC-JKT-01,25.6,86.0,1.2,39.0,0.0,Open-Meteo-Archive,2026-10-06 10:06:50
600,2026-09-30 23:00:00,LOC-JKT-01,25.8,84.0,1.7,41.0,0.0,Open-Meteo-Archive,2026-10-06 10:06:50
601,2026-10-01 00:00:00,LOC-JKT-01,26.2,86.0,3.7,194.0,0.0,Open-Meteo-Archive,2026-10-06 10:06:50
602,2026-10-01 01:00:00,LOC-JKT-01,27.8,76.0,1.1,108.0,0.0,Open-Meteo-Archive,2026-10-06 10:06:50
603,2026-10-01 02:00:00,LOC-JKT-01,29.1,71.0,2.1,160.0,0.0,Open-Meteo-Archive,2026-10-06 10:06:50
604,2026-10-01 03:00:00,LOC-JKT-01,30.4,67.0,1.2,117.0,0.0,Open-Meteo-Archive,2026-10-06 10:06:50
605,2026-10-01 04:00:00,LOC-JKT-01,31.4,63.0,2.6,39.0,0.0,Open-Meteo-Archive,2026-10-06 10:06:50
606,2026-10-01 05:00:00,LOC-JKT-01,31.8,63.0,5.0,2.0,0.0,Open-Meteo-Archive,2026-10-06 10:06:50
607,2026-10-01 06:00:00,LOC-JKT-01,32.0,61.0,6.8,343.0,0.0,Open-Meteo-Archive,2026-10-06 10:06:50
608,2026-10-01 07:00:00,LOC-JKT-01,32.1,61.0,8.7,330.0,0.1,Open-Meteo-Archive,2026-10-06 10:06:50
609,2026-10-01 08:00:00,LOC-JKT-01,31.2,63.0,8.5,7.0,0.3,Open-Meteo-Archive,2026-10-06 10:06:50
610,2026-10-01 09:00:00,LOC-JKT-01,29.9,67.0,6.8,29.0,0.9,Open-Meteo-Archive,2026-10-06 10:06:50
611,2026-10-01 10:00:00,LOC-JKT-01,29.8,68.0,3.6,330.0,2.0,Open-Meteo-Archive,2026-10-06 10:06:50
612,2026-10-01 11:00:00,LOC-JKT-01,26.9,88.0,9.1,243.0,1.8,Open-Meteo-Archive,2026-10-06 10:06:50
613,2026-10-01 12:00:00,LOC-JKT-01,26.0,93.0,6.9,264.0,2.5,Open-Meteo-Archive,2026-10-06 10:06:50
614,2026-10-01 13:00:00,LOC-JKT-01,26.6,93.0,6.0,249.0,0.3,Open-Meteo-Archive,2026-10-06 10:06:50
615,2026-10-01 14:00:00,LOC-JKT-01,27.0,90.0,5.9,218.0,0.0,Open-Meteo-Archive,2026-10-06 10:06:50
616,2026-10-01 15:00:00,LOC-JKT-01,26.7,89.0,6.4,227.0,0.0,Open-Meteo-Archive,2026-10-06 10:06:50
617,2026-10-01 16:00:00,LOC-JKT-01,26.3,89.0,5.0,229.0,0.0,Open-Meteo-Archive,2026-10-06 10:06:50
618,2026-10-01 17:00:00,LOC-JKT-01,26.1,91.0,3.9,236.0,0.0,Open-Meteo-Archive,2026-10-06 10:06:50
619,2026-10-01 18:00:00,LOC-JKT-01,26.2,91.0,3.5,235.0,0.0,Open-Meteo-Archive,2026-10-06 10:06:50
620,2026-10-01 19:00:00,LOC-JKT-01,26.0,92.0,3.3,209.0,0.0,Open-Meteo-Archive,2026-10-06 10:06:50
621,2026-10-01 20:00:00,LOC-JKT-01,25.9,93.0,2.2,185.0,0.0,Open-Meteo-Archive,2026-10-06 10:06:50
622,2026-10-01 21:00:00,LOC-JKT-01,25.8,93.0,2.2,185.0,0.0,Open-Meteo-Archive,2026-10-06 10:06:50
623,2026-10-01 22:00:00,LOC-JKT-01,25.9,93.0,3.1,177.0,0.0,Open-Meteo-Archive,2026-10-06 10:06:50
624,2026-10-01 23:00:00,LOC-JKT-01,26.1,90.0,2.7,184.0,0.0,Open-Meteo-Archive,2026-10-06 10:06:50
625,2026-10-02 00:00:00,LOC-JKT-01,27.4,82.0,1.4,247.0,0.0,Open-Meteo-Archive,2026-10-06 10:06:50
626,2026-10-02 01:00:00,LOC-JKT-01,29.1,72.0,2.1,70.0,0.0,Open-Meteo-Archive,2026-10-06 10:06:50
627,2026-10-02 02:00:00,LOC-JKT-01,30.3,64.0,5.2,78.0,0.0,Open-Meteo-Archive,2026-10-06 10:06:50
628,2026-10-02 03:00:00,LOC-JKT-01,31.6,58.0,4.8,77.0,0.0,Open-Meteo-Archive,2026-10-06 10:06:50
629,2026-10-02 04:00:00,LOC-JKT-01,32.8,53.0,2.8,18.0,0.0,Open-Meteo-Archive,2026-10-06 10:06:50
630,2026-10-02 05:00:00,LOC-JKT-01,32.5,54.0,9.1,342.0,0.3,Open-Meteo-Archive,2026-10-06 10:06:50
631,2026-10-02 06:00:00,LOC-JKT-01,32.2,56.0,11.8,334.0,0.8,Open-Meteo-Archive,2026-10-06 10:06:50
632,2026-10-02 07:00:00,LOC-JKT-01,31.7,56.0,14.6,340.0,0.6,Open-Meteo-Archive,2026-10-06 10:06:50
633,2026-10-02 08:00:00,LOC-JKT-01,31.5,56.0,11.8,6.0,0.2,Open-Meteo-Archive,2026-10-06 10:06:50
634,2026-10-02 09:00:00,LOC-JKT-01,31.4,58.0,11.6,7.0,0.0,Open-Meteo-Archive,2026-10-06 10:06:50
635,2026-10-02 10:00:00,LOC-JKT-01,30.0,66.0,10.7,354.0,0.1,Open-Meteo-Archive,2026-10-06 10:06:50
636,2026-10-02 11:00:00,LOC-JKT-01,26.7,88.0,8.7,172.0,2.0,Open-Meteo-Archive,2026-10-06 10:06:50
637,2026-10-02 12:00:00,LOC-JKT-01,26.9,85.0,10.7,240.0,7.0,Open-Meteo-Archive,2026-10-06 10:06:50
638,2026-10-02 13:00:00,LOC-JKT-01,26.5,86.0,7.5,220.0,0.2,Open-Meteo-Archive,2026-10-06 10:06:50
639,2026-10-02 14:00:00,LOC-JKT-01,26.2,85.0,8.4,211.0,0.0,Open-Meteo-Archive,2026-10-06 10:06:50
640,2026-10-02 15:00:00,LOC-JKT-01,25.9,85.0,5.1,198.0,0.0,Open-Meteo-Archive,2026-10-06 10:06:50
641,2026-10-02 16:00:00,LOC-JKT-01,25.8,86.0,2.7,157.0,0.2,Open-Meteo-Archive,2026-10-06 10:06:50
642,2026-10-02 17:00:00,LOC-JKT-01,25.7,87.0,3.9,202.0,0.0,Open-Meteo-Archive,2026-10-06 10:06:50
643,2026-10-02 18:00:00,LOC-JKT-01,26.0,85.0,2.6,164.0,0.0,Open-Meteo-Archive,2026-10-06 10:06:50
644,2026-10-02 19:00:00,LOC-JKT-01,25.8,84.0,3.3,221.0,0.0,Open-Meteo-Archive,2026-10-06 10:06:50
645,2026-10-02 20:00:00,LOC-JKT-01,25.9,84.0,2.1,195.0,0.0,Open-Meteo-Archive,2026-10-06 10:06:50
646,2026-10-02 21:00:00,LOC-JKT-01,26.0,83.0,3.5,215.0,0.0,Open-Meteo-Archive,2026-10-06 10:06:50
647,2026-10-02 22:00:00,LOC-JKT-01,25.8,85.0,1.9,241.0,0.0,Open-Meteo-Archive,2026-10-06 10:06:50
648,2026-10-02 23:00:00,LOC-JKT-01,25.8,85.0,3.5,231.0,0.0,Open-Meteo-Archive,2026-10-06 10:06:50
649,2026-10-03 00:00:00,LOC-JKT-01,26.3,87.0,2.9,330.0,0.0,Open-Meteo-Archive,2026-10-06 10:06:50
650,2026-10-03 01:00:00,LOC-JKT-01,26.7,84.0,2.5,356.0,0.0,Open-Meteo-Archive,2026-10-06 10:06:50
651,2026-10-03 02:00:00,LOC-JKT-01,29.2,71.0,2.8,135.0,0.1,Open-Meteo-Archive,2026-10-06 10:06:50
652,2026-10-03 03:00:00,LOC-JKT-01,31.0,62.0,3.0,123.0,0.0,Open-Meteo-Archive,2026-10-06 10:06:50
653,2026-10-03 04:00:00,LOC-JKT-01,32.4,54.0,3.7,113.0,0.0,Open-Meteo-Archive,2026-10-06 10:06:50
654,2026-10-03 05:00:00,LOC-JKT-01,32.2,54.0,6.9,23.0,0.1,Open-Meteo-Archive,2026-10-06 10:06:50
655,2026-10-03 06:00:00,LOC-JKT-01,30.7,65.0,13.5,337.0,0.1,Open-Meteo-Archive,2026-10-06 10:06:50
656,2026-10-03 07:00:00,LOC-JKT-01,33.2,52.0,6.0,355.0,0.1,Open-Meteo-Archive,2026-10-06 10:06:50
657,2026-10-03 08:00:00,LOC-JKT-01,34.1,41.0,9.6,52.0,0.0,Open-Meteo-Archive,2026-10-06 10:06:50
658,2026-10-03 09:00:00,LOC-JKT-01,33.3,40.0,13.4,53.0,0.0,Open-Meteo-Archive,2026-10-06 10:06:50
659,2026-10-03 10:00:00,LOC-JKT-01,32.1,46.0,6.6,68.0,0.0,Open-Meteo-Archive,2026-10-06 10:06:50
660,2026-10-03 11:00:00,LOC-JKT-01,29.9,56.0,6.0,209.0,0.0,Open-Meteo-Archive,2026-10-06 10:06:50
661,2026-10-03 12:00:00,LOC-JKT-01,30.0,55.0,3.9,167.0,0.0,Open-Meteo-Archive,2026-10-06 10:06:50
662,2026-10-03 13:00:00,LOC-JKT-01,29.8,54.0,3.3,103.0,0.0,Open-Meteo-Archive,2026-10-06 10:06:50
663,2026-10-03 14:00:00,LOC-JKT-01,29.4,57.0,5.2,106.0,0.0,Open-Meteo-Archive,2026-10-06 10:06:50
664,2026-10-03 15:00:00,LOC-JKT-01,28.7,61.0,4.9,123.0,0.0,Open-Meteo-Archive,2026-10-06 10:06:50
665,2026-10-03 16:00:00,LOC-JKT-01,28.2,64.0,4.2,137.0,0.0,Open-Meteo-Archive,2026-10-06 10:06:50
666,2026-10-03 17:00:00,LOC-JKT-01,27.8,67.0,2.9,158.0,0.0,Open-Meteo-Archive,2026-10-06 10:06:50
667,2026-10-03 18:00:00,LOC-JKT-01,27.7,66.0,1.3,236.0,0.0,Open-Meteo-Archive,2026-10-06 10:06:50
668,2026-10-03 19:00:00,LOC-JKT-01,26.9,73.0,1.9,241.0,0.0,Open-Meteo-Archive,2026-10-06 10:06:50
669,2026-10-03 20:00:00,LOC-JKT-01,26.8,74.0,2.2,256.0,0.0,Open-Meteo-Archive,2026-10-06 10:06:50
670,2026-10-03 21:00:00,LOC-JKT-01,26.7,73.0,2.7,233.0,0.0,Open-Meteo-Archive,2026-10-06 10:06:50
671,2026-10-03 22:00:00,LOC-JKT-01,26.4,74.0,3.6,225.0,0.0,Open-Meteo-Archive,2026-10-06 10:06:50
672,2026-10-03 23:00:00,LOC-JKT-01,26.3,74.0,4.7,220.0,0.0,Open-Meteo-Archive,2026-10-06 10:06:50
673,2026-10-04 00:00:00,LOC-JKT-01,27.6,69.0,3.5,231.0,0.0,Open-Meteo-Archive,2026-10-06 10:06:50
674,2026-10-04 01:00:00,LOC-JKT-01,29.4,59.0,0.6,288.0,0.0,Open-Meteo-Archive,2026-10-06 10:06:50
675,2026-10-04 02:00:00,LOC-JKT-01,31.2,51.0,1.5,36.0,0.0,Open-Meteo-Archive,2026-10-06 10:06:50
676,2026-10-04 03:00:00,LOC-JKT-01,32.9,45.0,1.8,45.0,0.0,Open-Meteo-Archive,2026-10-06 10:06:50
677,2026-10-04 04:00:00,LOC-JKT-01,34.3,41.0,2.3,61.0,0.0,Open-Meteo-Archive,2026-10-06 10:06:50
678,2026-10-04 05:00:00,LOC-JKT-01,35.2,39.0,4.6,11.0,0.0,Open-Meteo-Archive,2026-10-06 10:06:50
679,2026-10-04 06:00:00,LOC-JKT-01,34.3,44.0,11.2,19.0,0.2,Open-Meteo-Archive,2026-10-06 10:06:50
680,2026-10-04 07:00:00,LOC-JKT-01,33.9,44.0,11.1,13.0,0.0,Open-Meteo-Archive,2026-10-06 10:06:50
681,2026-10-04 08:00:00,LOC-JKT-01,33.6,43.0,13.3,8.0,0.2,Open-Meteo-Archive,2026-10-06 10:06:50
682,2026-10-04 09:00:00,LOC-JKT-01,31.7,53.0,12.9,21.0,0.2,Open-Meteo-Archive,2026-10-06 10:06:50
683,2026-10-04 10:00:00,LOC-JKT-01,31.2,57.0,8.1,12.0,0.0,Open-Meteo-Archive,2026-10-06 10:06:50
684,2026-10-04 11:00:00,LOC-JKT-01,27.2,71.0,7.8,230.0,0.4,Open-Meteo-Archive,2026-10-06 10:06:50
685,2026-10-04 12:00:00,LOC-JKT-01,29.3,62.0,7.6,236.0,2.3,Open-Meteo-Archive,2026-10-06 10:06:50
686,2026-10-04 13:00:00,LOC-JKT-01,28.8,64.0,5.8,219.0,0.0,Open-Meteo-Archive,2026-10-06 10:06:50
687,2026-10-04 14:00:00,LOC-JKT-01,28.6,66.0,5.3,208.0,0.0,Open-Meteo-Archive,2026-10-06 10:06:50
688,2026-10-04 15:00:00,LOC-JKT-01,28.5,68.0,3.6,174.0,0.0,Open-Meteo-Archive,2026-10-06 10:06:50
689,2026-10-04 16:00:00,LOC-JKT-01,28.3,70.0,3.3,144.0,0.0,Open-Meteo-Archive,2026-10-06 10:06:50
690,2026-10-04 17:00:00,LOC-JKT-01,28.1,71.0,3.0,128.0,0.0,Open-Meteo-Archive,2026-10-06 10:06:50
691,2026-10-04 18:00:00,LOC-JKT-01,27.8,69.0,4.0,122.0,0.0,Open-Meteo-Archive,2026-10-06 10:06:50
692,2026-10-04 19:00:00,LOC-JKT-01,27.3,71.0,3.4,162.0,0.0,Open-Meteo-Archive,2026-10-06 10:06:50
693,2026-10-04 20:00:00,LOC-JKT-01,27.1,71.0,3.8,172.0,0.0,Open-Meteo-Archive,2026-10-06 10:06:50
694,2026-10-04 21:00:00,LOC-JKT-01,26.9,72.0,3.5,171.0,0.0,Open-Meteo-Archive,2026-10-06 10:06:50
695,2026-10-04 22:00:00,LOC-JKT-01,26.7,73.0,2.6,192.0,0.0,Open-Meteo-Archive,2026-10-06 10:06:50
696,2026-10-04 23:00:00,LOC-JKT-01,26.6,74.0,3.4,205.0,0.0,Open-Meteo-Archive,2026-10-06 10:06:50
697,2026-10-05 00:00:00,LOC-JKT-01,28.2,70.0,3.1,177.0,0.0,Open-Meteo-Archive,2026-10-06 10:06:50
698,2026-10-05 01:00:00,LOC-JKT-01,29.5,64.0,3.3,135.0,0.0,Open-Meteo-Archive,2026-10-06 10:06:50
699,2026-10-05 02:00:00,LOC-JKT-01,31.1,56.0,4.4,122.0,0.0,Open-Meteo-Archive,2026-10-06 10:06:50
700,2026-10-05 03:00:00,LOC-JKT-01,32.8,49.0,5.5,109.0,0.0,Open-Meteo-Archive,2026-10-06 10:06:50
701,2026-10-05 04:00:00,LOC-JKT-01,34.4,42.0,4.0,82.0,0.0,Open-Meteo-Archive,2026-10-06 10:06:50
702,2026-10-05 05:00:00,LOC-JKT-01,35.1,41.0,7.7,342.0,0.0,Open-Meteo-Archive,2026-10-06 10:06:50
703,2026-10-05 06:00:00,LOC-JKT-01,35.3,37.0,10.2,346.0,1.5,Open-Meteo-Archive,2026-10-06 10:06:50
704,2026-10-05 07:00:00,LOC-JKT-01,34.0,43.0,11.4,348.0,2.8,Open-Meteo-Archive,2026-10-06 10:06:50
705,2026-10-05 08:00:00,LOC-JKT-01,31.9,55.0,11.2,348.0,2.5,Open-Meteo-Archive,2026-10-06 10:06:50
706,2026-10-05 09:00:00,LOC-JKT-01,31.5,59.0,9.9,4.0,0.5,Open-Meteo-Archive,2026-10-06 10:06:50
707,2026-10-05 10:00:00,LOC-JKT-01,30.5,63.0,8.8,358.0,0.1,Open-Meteo-Archive,2026-10-06 10:06:50
708,2026-10-05 11:00:00,LOC-JKT-01,29.7,66.0,6.5,352.0,0.0,Open-Meteo-Archive,2026-10-06 10:06:50
709,2026-10-05 12:00:00,LOC-JKT-01,29.9,65.0,1.5,210.0,0.1,Open-Meteo-Archive,2026-10-06 10:06:50
710,2026-10-05 13:00:00,LOC-JKT-01,29.3,70.0,4.6,193.0,0.0,Open-Meteo-Archive,2026-10-06 10:06:50
711,2026-10-05 14:00:00,LOC-JKT-01,28.6,75.0,5.9,218.0,0.0,Open-Meteo-Archive,2026-10-06 10:06:50
712,2026-10-05 15:00:00,LOC-JKT-01,28.2,77.0,4.6,216.0,0.0,Open-Meteo-Archive,2026-10-06 10:06:50
713,2026-10-05 16:00:00,LOC-JKT-01,27.9,79.0,3.4,196.0,0.0,Open-Meteo-Archive,2026-10-06 10:06:50
714,2026-10-05 17:00:00,LOC-JKT-01,27.7,80.0,3.8,197.0,0.0,Open-Meteo-Archive,2026-10-06 10:06:50
715,2026-10-05 18:00:00,LOC-JKT-01,27.5,80.0,3.5,189.0,0.0,Open-Meteo-Archive,2026-10-06 10:06:50
716,2026-10-05 19:00:00,LOC-JKT-01,27.2,80.0,2.8,195.0,0.0,Open-Meteo-Archive,2026-10-06 10:06:50
717,2026-10-05 20:00:00,LOC-JKT-01,27.0,82.0,2.9,202.0,0.0,Open-Meteo-Archive,2026-10-06 10:06:50
718,2026-10-05 21:00:00,LOC-JKT-01,26.7,83.0,3.5,201.0,0.0,Open-Meteo-Archive,2026-10-06 10:06:50
719,2026-10-05 22:00:00,LOC-JKT-01,26.5,84.0,3.3,209.0,0.0,Open-Meteo-Archive,2026-10-06 10:06:50
720,2026-10-05 23:00:00,LOC-JKT-01,26.3,85.0,4.0,190.0,0.0,Open-Meteo-Archive,2026-10-06 10:06:50
721,2026-10-06 00:00:00,LOC-JKT-01,28.2,75.0,2.9,180.0,0.0,Open-Meteo-Archive,2026-10-06 10:06:50
722,2026-10-06 01:00:00,LOC-JKT-01,29.5,68.0,4.1,151.0,0.0,Open-Meteo-Archive,2026-10-06 10:06:50
723,2026-10-06 02:00:00,LOC-JKT-01,31.0,60.0,5.6,112.0,0.0,Open-Meteo-Archive,2026-10-06 10:06:50
724,2026-10-06 03:00:00,LOC-JKT-01,32.5,52.0,6.3,105.0,0.0,Open-Meteo-Archive,2026-10-06 10:06:50
725,2026-10-06 04:00:00,LOC-JKT-01,33.9,47.0,5.1,98.0,0.0,Open-Meteo-Archive,2026-10-06 10:06:50
726,2026-10-06 05:00:00,LOC-JKT-01,34.7,43.0,4.9,2.0,0.0,Open-Meteo-Archive,2026-10-06 10:06:50
727,2026-10-06 06:00:00,LOC-JKT-01,33.6,49.0,11.6,334.0,0.0,Open-Meteo-Archive,2026-10-06 10:06:50
728,2026-10-06 07:00:00,LOC-JKT-01,33.1,49.0,12.3,337.0,0.1,Open-Meteo-Archive,2026-10-06 10:06:50
729,2026-10-06 08:00:00,LOC-JKT-01,33.1,49.0,10.7,343.0,0.0,Open-Meteo-Archive,2026-10-06 10:06:50
730,2026-10-06 09:00:00,LOC-JKT-01,32.6,53.0,10.5,353.0,0.0,Open-Meteo-Archive,2026-10-06 10:06:50
731,2026-10-06 10:00:00,LOC-JKT-01,31.4,60.0,10.0,354.0,0.0,Open-Meteo-Archive,2026-10-06 10:06:50
732,2026-10-06 11:00:00,LOC-JKT-01,30.3,66.0,9.2,353.0,0.0,Open-Meteo-Archive,2026-10-06 10:06:50
733,2026-10-06 12:00:00,LOC-JKT-01,29.9,69.0,7.3,349.0,0.0,Open-Meteo-Archive,2026-10-06 10:06:50
734,2026-10-06 13:00:00,LOC-JKT-01,29.7,70.0,6.7,6.0,0.0,Open-Meteo-Archive,2026-10-06 10:06:50
735,2026-10-06 14:00:00,LOC-JKT-01,29.5,72.0,5.2,31.0,0.1,Open-Meteo-Archive,2026-10-06 10:06:50
736,2026-10-06 15:00:00,LOC-JKT-01,29.5,72.0,4.3,22.0,0.0,Open-Meteo-Archive,2026-10-06 10:06:50
737,2026-10-06 16:00:00,LOC-JKT-01,29.2,73.0,3.4,47.0,0.0,Open-Meteo-Archive,2026-10-06 10:06:50
738,2026-10-06 17:00:00,LOC-JKT-01,28.8,71.0,0.8,333.0,0.2,Open-Meteo-Archive,2026-10-06 10:06:50
739,2026-10-06 18:00:00,LOC-JKT-01,26.5,78.0,10.4,99.0,0.5,Open-Meteo-Archive,2026-10-06 10:06:50
740,2026-10-06 19:00:00,LOC-JKT-01,25.4,79.0,2.9,79.0,0.3,Open-Meteo-Archive,2026-10-06 10:06:50
741,2026-10-06 20:00:00,LOC-JKT-01,25.1,80.0,3.1,135.0,0.0,Open-Meteo-Archive,2026-10-06 10:06:50
742,2026-10-06 21:00:00,LOC-JKT-01,24.8,83.0,3.0,194.0,0.0,Open-Meteo-Archive,2026-10-06 10:06:50
743,2026-10-06 22:00:00,LOC-JKT-01,24.8,85.0,2.2,256.0,0.0,Open-Meteo-Archive,2026-10-06 10:06:50
744,2026-10-06 23:00:00,LOC-JKT-01,25.0,86.0,2.7,290.0,0.0,Open-Meteo-Archive,2026-10-06 10:06:50
745,2026-10-07 00:00:00,LOC-JKT-01,26.5,78.0,2.4,279.0,0.0,Open-Meteo-Archive,2026-10-06 10:06:50
746,2026-10-07 01:00:00,LOC-JKT-01,28.6,68.0,3.3,279.0,0.0,Open-Meteo-Archive,2026-10-06 10:06:50
747,2026-10-07 02:00:00,LOC-JKT-01,30.6,61.0,3.6,307.0,0.0,Open-Meteo-Archive,2026-10-06 10:06:50
748,2026-10-07 03:00:00,LOC-JKT-01,32.2,54.0,1.9,338.0,0.0,Open-Meteo-Archive,2026-10-06 10:06:50
749,2026-10-07 04:00:00,LOC-JKT-01,33.4,48.0,2.5,4.0,0.1,Open-Meteo-Archive,2026-10-06 10:06:50
750,2026-10-07 05:00:00,LOC-JKT-01,34.1,45.0,5.4,4.0,0.1,Open-Meteo-Archive,2026-10-06 10:06:50
751,2026-10-07 06:00:00,LOC-JKT-01,34.2,45.0,8.0,14.0,0.1,Open-Meteo-Archive,2026-10-06 10:06:50
752,2026-10-07 07:00:00,LOC-JKT-01,33.5,46.0,10.8,10.0,1.0,Open-Meteo-Archive,2026-10-06 10:06:50
753,2026-10-07 08:00:00,LOC-JKT-01,31.5,61.0,11.7,5.0,1.2,Open-Meteo-Archive,2026-10-06 10:06:50
754,2026-10-07 09:00:00,LOC-JKT-01,31.4,59.0,9.5,359.0,0.4,Open-Meteo-Archive,2026-10-06 10:06:50
755,2026-10-07 10:00:00,LOC-JKT-01,30.4,62.0,9.0,5.0,0.1,Open-Meteo-Archive,2026-10-06 10:06:50
756,2026-10-07 11:00:00,LOC-JKT-01,29.6,65.0,7.7,357.0,0.0,Open-Meteo-Archive,2026-10-06 10:06:50
757,2026-10-07 12:00:00,LOC-JKT-01,29.5,67.0,5.9,52.0,0.0,Open-Meteo-Archive,2026-10-06 10:06:50
758,2026-10-07 13:00:00,LOC-JKT-01,28.1,74.0,5.8,141.0,0.0,Open-Meteo-Archive,2026-10-06 10:06:50
759,2026-10-07 14:00:00,LOC-JKT-01,27.4,79.0,6.7,234.0,0.0,Open-Meteo-Archive,2026-10-06 10:06:50
760,2026-10-07 15:00:00,LOC-JKT-01,26.8,81.0,7.0,222.0,0.0,Open-Meteo-Archive,2026-10-06 10:06:50
761,2026-10-07 16:00:00,LOC-JKT-01,26.2,82.0,5.0,201.0,0.0,Open-Meteo-Archive,2026-10-06 10:06:50
762,2026-10-07 17:00:00,LOC-JKT-01,26.1,83.0,2.2,194.0,0.1,Open-Meteo-Archive,2026-10-06 10:06:50
763,2026-10-07 18:00:00,LOC-JKT-01,26.1,84.0,2.7,212.0,0.0,Open-Meteo-Archive,2026-10-06 10:06:50
764,2026-10-07 19:00:00,LOC-JKT-01,26.0,86.0,2.4,253.0,0.0,Open-Meteo-Archive,2026-10-06 10:06:50
765,2026-10-07 20:00:00,LOC-JKT-01,26.0,86.0,2.5,249.0,0.0,Open-Meteo-Archive,2026-10-06 10:06:50
766,2026-10-07 21:00:00,LOC-JKT-01,26.0,87.0,3.2,227.0,0.0,Open-Meteo-Archive,2026-10-06 10:06:50
767,2026-10-07 22:00:00,LOC-JKT-01,25.7,88.0,3.5,204.0,0.0,Open-Meteo-Archive,2026-10-06 10:06:50
768,2026-10-07 23:00:00,LOC-JKT-01,25.6,88.0,3.4,205.0,0.0,Open-Meteo-Archive,2026-10-06 10:06:50
769,2026-10-08 00:00:00,LOC-JKT-01,26.8,80.0,2.7,222.0,0.0,Open-Meteo-Archive,2026-10-06 10:06:50
770,2026-10-08 01:00:00,LOC-JKT-01,28.8,69.0,2.4,222.0,0.0,Open-Meteo-Archive,2026-10-06 10:06:50
771,2026-10-08 02:00:00,LOC-JKT-01,30.7,58.0,1.1,198.0,0.0,Open-Meteo-Archive,2026-10-06 10:06:50
772,2026-10-08 03:00:00,LOC-JKT-01,32.3,50.0,1.0,329.0,0.0,Open-Meteo-Archive,2026-10-06 10:06:50
773,2026-10-08 04:00:00,LOC-JKT-01,33.5,44.0,4.1,347.0,0.0,Open-Meteo-Archive,2026-10-06 10:06:50
774,2026-10-08 05:00:00,LOC-JKT-01,34.1,42.0,9.4,352.0,0.1,Open-Meteo-Archive,2026-10-06 10:06:50
775,2026-10-08 06:00:00,LOC-JKT-01,33.5,45.0,12.9,353.0,0.2,Open-Meteo-Archive,2026-10-06 10:06:50
776,2026-10-08 07:00:00,LOC-JKT-01,33.3,47.0,11.4,355.0,0.0,Open-Meteo-Archive,2026-10-06 10:06:50
777,2026-10-08 08:00:00,LOC-JKT-01,32.8,49.0,9.6,355.0,0.1,Open-Meteo-Archive,2026-10-06 10:06:50
778,2026-10-08 09:00:00,LOC-JKT-01,31.9,53.0,9.0,355.0,0.1,Open-Meteo-Archive,2026-10-06 10:06:50
779,2026-10-08 10:00:00,LOC-JKT-01,31.0,58.0,9.4,360.0,0.0,Open-Meteo-Archive,2026-10-06 10:06:50
780,2026-10-08 11:00:00,LOC-JKT-01,29.9,65.0,7.9,1.0,0.0,Open-Meteo-Archive,2026-10-06 10:06:50
781,2026-10-08 12:00:00,LOC-JKT-01,29.5,67.0,6.5,360.0,0.0,Open-Meteo-Archive,2026-10-06 10:06:50
782,2026-10-08 13:00:00,LOC-JKT-01,29.4,69.0,4.6,351.0,0.0,Open-Meteo-Archive,2026-10-06 10:06:50
783,2026-10-08 14:00:00,LOC-JKT-01,29.3,70.0,2.2,325.0,0.0,Open-Meteo-Archive,2026-10-06 10:06:50
784,2026-10-08 15:00:00,LOC-JKT-01,29.1,71.0,0.9,127.0,0.0,Open-Meteo-Archive,2026-10-06 10:06:50
785,2026-10-08 16:00:00,LOC-JKT-01,28.5,73.0,2.3,129.0,0.1,Open-Meteo-Archive,2026-10-06 10:06:50
786,2026-10-08 17:00:00,LOC-JKT-01,27.7,78.0,4.7,122.0,0.3,Open-Meteo-Archive,2026-10-06 10:06:50
787,2026-10-08 18:00:00,LOC-JKT-01,27.1,80.0,2.9,180.0,0.2,Open-Meteo-Archive,2026-10-06 10:06:50
788,2026-10-08 19:00:00,LOC-JKT-01,27.0,81.0,2.0,207.0,0.1,Open-Meteo-Archive,2026-10-06 10:06:50
789,2026-10-08 20:00:00,LOC-JKT-01,26.9,82.0,2.6,168.0,0.0,Open-Meteo-Archive,2026-10-06 10:06:50
790,2026-10-08 21:00:00,LOC-JKT-01,26.5,84.0,2.4,222.0,0.0,Open-Meteo-Archive,2026-10-06 10:06:50
791,2026-10-08 22:00:00,LOC-JKT-01,26.4,85.0,2.3,180.0,0.1,Open-Meteo-Archive,2026-10-06 10:06:50
792,2026-10-08 23:00:00,LOC-JKT-01,26.4,85.0,1.8,156.0,0.0,Open-Meteo-Archive,2026-10-06 10:06:50
793,2026-10-09 00:00:00,LOC-JKT-01,27.5,77.0,1.0,112.0,0.1,Open-Meteo-Archive,2026-10-06 10:06:50
794,2026-10-09 01:00:00,LOC-JKT-01,29.0,68.0,0.5,180.0,0.1,Open-Meteo-Archive,2026-10-06 10:06:50
795,2026-10-09 02:00:00,LOC-JKT-01,30.5,61.0,1.9,343.0,0.1,Open-Meteo-Archive,2026-10-06 10:06:50
796,2026-10-09 03:00:00,LOC-JKT-01,31.6,56.0,4.7,342.0,0.2,Open-Meteo-Archive,2026-10-06 10:06:50
797,2026-10-09 04:00:00,LOC-JKT-01,32.5,53.0,7.2,347.0,0.0,Open-Meteo-Archive,2026-10-06 10:06:50
798,2026-10-09 05:00:00,LOC-JKT-01,33.0,48.0,10.2,351.0,0.0,Open-Meteo-Archive,2026-10-06 10:06:50
799,2026-10-09 06:00:00,LOC-JKT-01,32.8,48.0,12.1,356.0,0.0,Open-Meteo-Archive,2026-10-06 10:06:50
800,2026-10-09 07:00:00,LOC-JKT-01,32.3,51.0,11.7,357.0,0.0,Open-Meteo-Archive,2026-10-06 10:06:50
801,2026-10-09 08:00:00,LOC-JKT-01,31.8,55.0,10.4,358.0,0.0,Open-Meteo-Archive,2026-10-06 10:06:50
802,2026-10-09 09:00:00,LOC-JKT-01,31.1,58.0,9.1,352.0,0.0,Open-Meteo-Archive,2026-10-06 10:06:50
803,2026-10-09 10:00:00,LOC-JKT-01,30.3,62.0,7.8,355.0,0.0,Open-Meteo-Archive,2026-10-06 10:06:50
804,2026-10-09 11:00:00,LOC-JKT-01,29.7,65.0,6.2,10.0,0.0,Open-Meteo-Archive,2026-10-06 10:06:50
805,2026-10-09 12:00:00,LOC-JKT-01,29.3,67.0,5.2,27.0,0.0,Open-Meteo-Archive,2026-10-06 10:06:50
806,2026-10-09 13:00:00,LOC-JKT-01,29.2,67.0,4.4,35.0,0.0,Open-Meteo-Archive,2026-10-06 10:06:50
807,2026-10-09 14:00:00,LOC-JKT-01,29.1,67.0,3.1,90.0,0.0,Open-Meteo-Archive,2026-10-06 10:06:50
808,2026-10-09 15:00:00,LOC-JKT-01,28.7,68.0,4.9,129.0,0.0,Open-Meteo-Archive,2026-10-06 10:06:50
809,2026-10-09 16:00:00,LOC-JKT-01,28.3,71.0,4.5,113.0,0.0,Open-Meteo-Archive,2026-10-06 10:06:50
810,2026-10-09 17:00:00,LOC-JKT-01,28.0,73.0,3.8,101.0,0.0,Open-Meteo-Archive,2026-10-06 10:06:50
811,2026-10-09 18:00:00,LOC-JKT-01,27.7,74.0,2.7,110.0,0.0,Open-Meteo-Archive,2026-10-06 10:06:50
812,2026-10-09 19:00:00,LOC-JKT-01,27.3,76.0,2.2,125.0,0.0,Open-Meteo-Archive,2026-10-06 10:06:50
813,2026-10-09 20:00:00,LOC-JKT-01,26.9,78.0,1.9,158.0,0.0,Open-Meteo-Archive,2026-10-06 10:06:50
814,2026-10-09 21:00:00,LOC-JKT-01,26.6,79.0,2.3,180.0,0.0,Open-Meteo-Archive,2026-10-06 10:06:50
815,2026-10-09 22:00:00,LOC-JKT-01,26.5,79.0,2.6,192.0,0.0,Open-Meteo-Archive,2026-10-06 10:06:50
816,2026-10-09 23:00:00,LOC-JKT-01,26.6,79.0,2.8,198.0,0.0,Open-Meteo-Archive,2026-10-06 10:06:50
817,2026-10-10 00:00:00,LOC-JKT-01,27.3,75.0,2.4,207.0,0.0,Open-Meteo-Archive,2026-10-06 10:06:50
818,2026-10-10 01:00:00,LOC-JKT-01,29.0,65.0,1.2,219.0,0.0,Open-Meteo-Archive,2026-10-06 10:06:50
819,2026-10-10 02:00:00,LOC-JKT-01,31.4,55.0,0.7,360.0,0.0,Open-Meteo-Archive,2026-10-06 10:06:50
820,2026-10-10 03:00:00,LOC-JKT-01,33.0,48.0,2.9,7.0,0.0,Open-Meteo-Archive,2026-10-06 10:06:50
821,2026-10-10 04:00:00,LOC-JKT-01,33.5,47.0,5.8,360.0,0.5,Open-Meteo-Archive,2026-10-06 10:06:50
822,2026-10-10 05:00:00,LOC-JKT-01,33.3,48.0,9.0,357.0,0.5,Open-Meteo-Archive,2026-10-06 10:06:50
823,2026-10-10 06:00:00,LOC-JKT-01,32.9,50.0,11.2,356.0,0.5,Open-Meteo-Archive,2026-10-06 10:06:50
824,2026-10-10 07:00:00,LOC-JKT-01,32.4,53.0,11.5,359.0,0.5,Open-Meteo-Archive,2026-10-06 10:06:50
825,2026-10-10 08:00:00,LOC-JKT-01,31.7,57.0,10.6,3.0,0.5,Open-Meteo-Archive,2026-10-06 10:06:50
826,2026-10-10 09:00:00,LOC-JKT-01,31.0,61.0,9.8,7.0,0.5,Open-Meteo-Archive,2026-10-06 10:06:50
827,2026-10-10 10:00:00,LOC-JKT-01,30.4,64.0,9.2,11.0,0.0,Open-Meteo-Archive,2026-10-06 10:06:50
828,2026-10-10 11:00:00,LOC-JKT-01,29.8,67.0,8.6,15.0,0.0,Open-Meteo-Archive,2026-10-06 10:06:50
829,2026-10-10 12:00:00,LOC-JKT-01,29.4,69.0,7.5,21.0,0.0,Open-Meteo-Archive,2026-10-06 10:06:50
830,2026-10-10 13:00:00,LOC-JKT-01,29.1,70.0,5.8,36.0,0.0,Open-Meteo-Archive,2026-10-06 10:06:50
831,2026-10-10 14:00:00,LOC-JKT-01,29.0,70.0,4.7,67.0,0.0,Open-Meteo-Archive,2026-10-06 10:06:50
832,2026-10-10 15:00:00,LOC-JKT-01,28.8,71.0,4.1,90.0,0.0,Open-Meteo-Archive,2026-10-06 10:06:50
833,2026-10-10 16:00:00,LOC-JKT-01,28.2,74.0,2.2,90.0,0.1,Open-Meteo-Archive,2026-10-06 10:06:50
834,2026-10-10 17:00:00,LOC-JKT-01,27.5,78.0,1.4,320.0,0.1,Open-Meteo-Archive,2026-10-06 10:06:50
835,2026-10-10 18:00:00,LOC-JKT-01,27.0,81.0,3.1,298.0,0.1,Open-Meteo-Archive,2026-10-06 10:06:50
836,2026-10-10 19:00:00,LOC-JKT-01,26.6,84.0,2.2,275.0,0.0,Open-Meteo-Archive,2026-10-06 10:06:50
837,2026-10-10 20:00:00,LOC-JKT-01,26.3,86.0,1.8,204.0,0.0,Open-Meteo-Archive,2026-10-06 10:06:50
838,2026-10-10 21:00:00,LOC-JKT-01,26.2,87.0,2.8,169.0,0.0,Open-Meteo-Archive,2026-10-06 10:06:50
839,2026-10-10 22:00:00,LOC-JKT-01,26.2,87.0,2.1,165.0,0.0,Open-Meteo-Archive,2026-10-06 10:06:50
840,2026-10-10 23:00:00,LOC-JKT-01,26.4,86.0,0.5,135.0,0.0,Open-Meteo-Archive,2026-10-06 10:06:50
841,2026-10-11 00:00:00,LOC-JKT-01,27.0,82.0,0.7,14.0,0.0,Open-Meteo-Archive,2026-10-06 10:06:50
842,2026-10-11 01:00:00,LOC-JKT-01,28.4,73.0,0.9,53.0,0.0,Open-Meteo-Archive,2026-10-06 10:06:50
843,2026-10-11 02:00:00,LOC-JKT-01,30.3,63.0,1.6,90.0,0.0,Open-Meteo-Archive,2026-10-06 10:06:50
844,2026-10-11 03:00:00,LOC-JKT-01,31.8,57.0,2.1,70.0,0.0,Open-Meteo-Archive,2026-10-06 10:06:50
845,2026-10-11 04:00:00,LOC-JKT-01,32.6,54.0,4.2,18.0,0.1,Open-Meteo-Archive,2026-10-06 10:06:50
846,2026-10-11 05:00:00,LOC-JKT-01,33.0,52.0,8.5,360.0,0.1,Open-Meteo-Archive,2026-10-06 10:06:50
847,2026-10-11 06:00:00,LOC-JKT-01,33.1,52.0,11.7,356.0,0.1,Open-Meteo-Archive,2026-10-06 10:06:50
848,2026-10-11 07:00:00,LOC-JKT-01,32.7,54.0,12.3,355.0,0.2,Open-Meteo-Archive,2026-10-06 10:06:50
849,2026-10-11 08:00:00,LOC-JKT-01,32.0,57.0,11.6,355.0,0.2,Open-Meteo-Archive,2026-10-06 10:06:50
850,2026-10-11 09:00:00,LOC-JKT-01,31.3,61.0,10.5,357.0,0.2,Open-Meteo-Archive,2026-10-06 10:06:50
851,2026-10-11 10:00:00,LOC-JKT-01,30.9,62.0,9.9,4.0,0.0,Open-Meteo-Archive,2026-10-06 10:06:50
852,2026-10-11 11:00:00,LOC-JKT-01,30.5,64.0,9.3,13.0,0.0,Open-Meteo-Archive,2026-10-06 10:06:50
853,2026-10-11 12:00:00,LOC-JKT-01,29.8,66.0,7.8,22.0,0.0,Open-Meteo-Archive,2026-10-06 10:06:50
854,2026-10-11 13:00:00,LOC-JKT-01,28.4,71.0,3.4,25.0,0.6,Open-Meteo-Archive,2026-10-06 10:06:50
855,2026-10-11 14:00:00,LOC-JKT-01,26.8,79.0,2.3,198.0,0.6,Open-Meteo-Archive,2026-10-06 10:06:50
856,2026-10-11 15:00:00,LOC-JKT-01,25.6,84.0,5.9,200.0,0.6,Open-Meteo-Archive,2026-10-06 10:06:50
857,2026-10-11 16:00:00,LOC-JKT-01,25.2,87.0,5.6,187.0,0.0,Open-Meteo-Archive,2026-10-06 10:06:50
858,2026-10-11 17:00:00,LOC-JKT-01,25.2,87.0,3.9,156.0,0.0,Open-Meteo-Archive,2026-10-06 10:06:50
859,2026-10-11 18:00:00,LOC-JKT-01,25.3,87.0,3.9,124.0,0.0,Open-Meteo-Archive,2026-10-06 10:06:50
860,2026-10-11 19:00:00,LOC-JKT-01,25.3,88.0,4.0,117.0,0.0,Open-Meteo-Archive,2026-10-06 10:06:50
861,2026-10-11 20:00:00,LOC-JKT-01,25.3,90.0,3.8,121.0,0.0,Open-Meteo-Archive,2026-10-06 10:06:50
862,2026-10-11 21:00:00,LOC-JKT-01,25.4,90.0,3.3,126.0,0.0,Open-Meteo-Archive,2026-10-06 10:06:50
863,2026-10-11 22:00:00,LOC-JKT-01,25.6,86.0,3.4,155.0,0.0,Open-Meteo-Archive,2026-10-06 10:06:50
864,2026-10-11 23:00:00,LOC-JKT-01,26.1,84.0,2.7,157.0,0.0,Open-Meteo-Archive,2026-10-06 10:06:51
865,2026-10-12 00:00:00,LOC-JKT-01,26.7,80.0,2.0,153.0,0.0,Open-Meteo-Archive,2026-10-06 10:06:51
866,2026-10-12 01:00:00,LOC-JKT-01,27.6,75.0,1.2,117.0,0.0,Open-Meteo-Archive,2026-10-06 10:06:51
867,2026-10-12 02:00:00,LOC-JKT-01,29.0,69.0,2.1,38.0,0.0,Open-Meteo-Archive,2026-10-06 10:06:51
868,2026-10-12 03:00:00,LOC-JKT-01,30.4,62.0,4.2,25.0,0.0,Open-Meteo-Archive,2026-10-06 10:06:51
869,2026-10-12 04:00:00,LOC-JKT-01,31.8,56.0,6.3,20.0,0.0,Open-Meteo-Archive,2026-10-06 10:06:51
870,2026-10-12 05:00:00,LOC-JKT-01,33.0,52.0,8.0,20.0,0.0,Open-Meteo-Archive,2026-10-06 10:06:51
871,2026-10-12 06:00:00,LOC-JKT-01,33.6,50.0,8.8,20.0,0.0,Open-Meteo-Archive,2026-10-06 10:06:51
872,2026-10-12 07:00:00,LOC-JKT-01,33.6,50.0,8.5,24.0,0.1,Open-Meteo-Archive,2026-10-06 10:06:51
873,2026-10-12 08:00:00,LOC-JKT-01,33.1,51.0,7.4,32.0,0.1,Open-Meteo-Archive,2026-10-06 10:06:51
874,2026-10-12 09:00:00,LOC-JKT-01,32.4,53.0,6.0,46.0,0.1,Open-Meteo-Archive,2026-10-06 10:06:51
875,2026-10-12 10:00:00,LOC-JKT-01,31.5,56.0,5.1,67.0,0.1,Open-Meteo-Archive,2026-10-06 10:06:51
876,2026-10-12 11:00:00,LOC-JKT-01,30.7,59.0,4.9,90.0,0.1,Open-Meteo-Archive,2026-10-06 10:06:51
877,2026-10-12 12:00:00,LOC-JKT-01,30.0,62.0,4.8,105.0,0.1,Open-Meteo-Archive,2026-10-06 10:06:51
878,2026-10-12 13:00:00,LOC-JKT-01,29.5,64.0,4.4,117.0,0.0,Open-Meteo-Archive,2026-10-06 10:06:51
879,2026-10-12 14:00:00,LOC-JKT-01,29.0,67.0,3.5,129.0,0.0,Open-Meteo-Archive,2026-10-06 10:06:51
880,2026-10-12 15:00:00,LOC-JKT-01,28.4,70.0,2.7,148.0,0.0,Open-Meteo-Archive,2026-10-06 10:06:51
881,2026-10-12 16:00:00,LOC-JKT-01,28.0,73.0,2.2,180.0,0.0,Open-Meteo-Archive,2026-10-06 10:06:51
882,2026-10-12 17:00:00,LOC-JKT-01,27.6,75.0,2.3,209.0,0.0,Open-Meteo-Archive,2026-10-06 10:06:51
883,2026-10-12 18:00:00,LOC-JKT-01,27.3,77.0,2.3,225.0,0.0,Open-Meteo-Archive,2026-10-06 10:06:51
884,2026-10-12 19:00:00,LOC-JKT-01,27.0,79.0,1.9,229.0,0.1,Open-Meteo-Archive,2026-10-06 10:06:51
885,2026-10-12 20:00:00,LOC-JKT-01,26.8,80.0,1.0,225.0,0.1,Open-Meteo-Archive,2026-10-06 10:06:51
886,2026-10-12 21:00:00,LOC-JKT-01,26.6,82.0,0.3,135.0,0.1,Open-Meteo-Archive,2026-10-06 10:06:51
887,2026-10-12 22:00:00,LOC-JKT-01,26.5,82.0,1.4,67.0,0.1,Open-Meteo-Archive,2026-10-06 10:06:51
888,2026-10-12 23:00:00,LOC-JKT-01,26.7,81.0,2.5,60.0,0.1,Open-Meteo-Archive,2026-10-06 10:06:51
