id,recorded_at,location_id,traffic_index,is_weekend,is_holiday,source_api,created_at
1,2026-09-06 10:00:00,LOC-JKT-01,70.85,1,0,TrafficModel-Historical,2026-10-06 10:07:19
2,2026-09-06 11:00:00,LOC-JKT-01,59.99,1,0,TrafficModel-Historical,2026-10-06 10:07:19
3,2026-09-06 12:00:00,LOC-JKT-01,51.79,1,0,TrafficModel-Historical,2026-10-06 10:07:19
4,2026-09-06 13:00:00,LOC-JKT-01,57.11,1,0,TrafficModel-Historical,2026-10-06 10:07:20
5,2026-09-06 14:00:00,LOC-JKT-01,41.53,1,0,TrafficModel-Historical,2026-10-06 10:07:20
6,2026-09-06 15:00:00,LOC-JKT-01,39.48,1,0,TrafficModel-Historical,2026-10-06 10:07:20
7,2026-09-06 16:00:00,LOC-JKT-01,35.63,1,0,TrafficModel-Historical,2026-10-06 10:07:20
8,2026-09-06 17:00:00,LOC-JKT-01,5.0,1,0,TrafficModel-Historical,2026-10-06 10:07:20
9,2026-09-06 18:00:00,LOC-JKT-01,7.3,1,0,TrafficModel-Historical,2026-10-06 10:07:20
10,2026-09-06 19:00:00,LOC-JKT-01,9.18,1,0,TrafficModel-Historical,2026-10-06 10:07:20
11,2026-09-06 20:00:00,LOC-JKT-01,16.98,1,0,TrafficModel-Historical,2026-10-06 10:07:20
12,2026-09-06 21:00:00,LOC-JKT-01,16.28,1,0,TrafficModel-Historical,2026-10-06 10:07:20
13,2026-09-06 22:00:00,LOC-JKT-01,21.66,1,0,TrafficModel-Historical,2026-10-06 10:07:20
14,2026-09-06 23:00:00,LOC-JKT-01,29.49,1,0,TrafficModel-Historical,2026-10-06 10:07:20
15,2026-09-07 00:00:00,LOC-JKT-01,85.44,0,0,TrafficModel-Historical,2026-10-06 10:07:20
16,2026-09-07 01:00:00,LOC-JKT-01,82.03,0,0,TrafficModel-Historical,2026-10-06 10:07:20
17,2026-09-07 02:00:00,LOC-JKT-01,85.43,0,0,TrafficModel-Historical,2026-10-06 10:07:20
18,2026-09-07 03:00:00,LOC-JKT-01,60.9,0,0,TrafficModel-Historical,2026-10-06 10:07:20
19,2026-09-07 04:00:00,LOC-JKT-01,61.99,0,0,TrafficModel-Historical,2026-10-06 10:07:20
20,2026-09-07 05:00:00,LOC-JKT-01,58.59,0,0,TrafficModel-Historical,2026-10-06 10:07:20
21,2026-09-07 06:00:00,LOC-JKT-01,49.46,0,0,TrafficModel-Historical,2026-10-06 10:07:20
22,2026-09-07 07:00:00,LOC-JKT-01,58.85,0,0,TrafficModel-Historical,2026-10-06 10:07:20
23,2026-09-07 08:00:00,LOC-JKT-01,45.79,0,0,TrafficModel-Historical,2026-10-06 10:07:20
24,2026-09-07 09:00:00,LOC-JKT-01,53.75,0,0,TrafficModel-Historical,2026-10-06 10:07:20
25,2026-09-07 10:00:00,LOC-JKT-01,91.18,0,0,TrafficModel-Historical,2026-10-06 10:07:20
26,2026-09-07 11:00:00,LOC-JKT-01,90.21,0,0,TrafficModel-Historical,2026-10-06 10:07:20
27,2026-09-07 12:00:00,LOC-JKT-01,88.2,0,0,TrafficModel-Historical,2026-10-06 10:07:20
28,2026-09-07 13:00:00,LOC-JKT-01,23.92,0,0,TrafficModel-Historical,2026-10-06 10:07:20
29,2026-09-07 14:00:00,LOC-JKT-01,19.27,0,0,TrafficModel-Historical,2026-10-06 10:07:20
30,2026-09-07 15:00:00,LOC-JKT-01,17.54,0,0,TrafficModel-Historical,2026-10-06 10:07:20
31,2026-09-07 16:00:00,LOC-JKT-01,20.94,0,0,TrafficModel-Historical,2026-10-06 10:07:20
32,2026-09-07 17:00:00,LOC-JKT-01,21.53,0,0,TrafficModel-Historical,2026-10-06 10:07:20
33,2026-09-07 18:00:00,LOC-JKT-01,19.25,0,0,TrafficModel-Historical,2026-10-06 10:07:20
34,2026-09-07 19:00:00,LOC-JKT-01,17.13,0,0,TrafficModel-Historical,2026-10-06 10:07:20
35,2026-09-07 20:00:00,LOC-JKT-01,22.35,0,0,TrafficModel-Historical,2026-10-06 10:07:20
36,2026-09-07 21:00:00,LOC-JKT-01,17.86,0,0,TrafficModel-Historical,2026-10-06 10:07:20
37,2026-09-07 22:00:00,LOC-JKT-01,19.7,0,0,TrafficModel-Historical,2026-10-06 10:07:20
38,2026-09-07 23:00:00,LOC-JKT-01,22.95,0,0,TrafficModel-Historical,2026-10-06 10:07:20
39,2026-09-08 00:00:00,LOC-JKT-01,83.48,0,0,TrafficModel-Historical,2026-10-06 10:07:20
40,2026-09-08 01:00:00,LOC-JKT-01,84.12,0,0,TrafficModel-Historical,2026-10-06 10:07:20
41,2026-09-08 02:00:00,LOC-JKT-01,88.07,0,0,TrafficModel-Historical,2026-10-06 10:07:20
42,2026-09-08 03:00:00,LOC-JKT-01,62.14,0,0,TrafficModel-Historical,2026-10-06 10:07:20
43,2026-09-08 04:00:00,LOC-JKT-01,56.55,0,0,TrafficModel-Historical,2026-10-06 10:07:20
44,2026-09-08 05:00:00,LOC-JKT-01,52.02,0,0,TrafficModel-Historical,2026-10-06 10:07:20
45,2026-09-08 06:00:00,LOC-JKT-01,45.45,0,0,TrafficModel-Historical,2026-10-06 10:07:20
46,2026-09-08 07:00:00,LOC-JKT-01,48.9,0,0,TrafficModel-Historical,2026-10-06 10:07:20
47,2026-09-08 08:00:00,LOC-JKT-01,42.34,0,0,TrafficModel-Historical,2026-10-06 10:07:20
48,2026-09-08 09:00:00,LOC-JKT-01,50.81,0,0,TrafficModel-Historical,2026-10-06 10:07:20
49,2026-09-08 10:00:00,LOC-JKT-01,83.09,0,0,TrafficModel-Historical,2026-10-06 10:07:20
50,2026-09-08 11:00:00,LOC-JKT-01,84.37,0,0,TrafficModel-Historical,2026-10-06 10:07:20
51,2026-09-08 12:00:00,LOC-JKT-01,84.62,0,0,TrafficModel-Historical,2026-10-06 10:07:20
52,2026-09-08 13:00:00,LOC-JKT-01,18.08,0,0,TrafficModel-Historical,2026-10-06 10:07:20
53,2026-09-08 14:00:00,LOC-JKT-01,22.83,0,0,TrafficModel-Historical,2026-10-06 10:07:20
54,2026-09-08 15:00:00,LOC-JKT-01,24.22,0,0,TrafficModel-Historical,2026-10-06 10:07:20
55,2026-09-08 16:00:00,LOC-JKT-01,15.53,0,0,TrafficModel-Historical,2026-10-06 10:07:20
56,2026-09-08 17:00:00,LOC-JKT-01,22.7,0,0,TrafficModel-Historical,2026-10-06 10:07:20
57,2026-09-08 18:00:00,LOC-JKT-01,22.19,0,0,TrafficModel-Historical,2026-10-06 10:07:20
58,2026-09-08 19:00:00,LOC-JKT-01,18.81,0,0,TrafficModel-Historical,2026-10-06 10:07:20
59,2026-09-08 20:00:00,LOC-JKT-01,17.17,0,0,TrafficModel-Historical,2026-10-06 10:07:20
60,2026-09-08 21:00:00,LOC-JKT-01,15.78,0,0,TrafficModel-Historical,2026-10-06 10:07:20
61,2026-09-08 22:00:00,LOC-JKT-01,19.28,0,0,TrafficModel-Historical,2026-10-06 10:07:20
62,2026-09-08 23:00:00,LOC-JKT-01,22.27,0,0,TrafficModel-Historical,2026-10-06 10:07:20
63,2026-09-09 00:00:00,LOC-JKT-01,79.21,0,0,TrafficModel-Historical,2026-10-06 10:07:20
64,2026-09-09 01:00:00,LOC-JKT-01,79.81,0,0,TrafficModel-Historical,2026-10-06 10:07:20
65,2026-09-09 02:00:00,LOC-JKT-01,77.85,0,0,TrafficModel-Historical,2026-10-06 10:07:20
66,2026-09-09 03:00:00,LOC-JKT-01,45.67,0,0,TrafficModel-Historical,2026-10-06 10:07:20
67,2026-09-09 04:00:00,LOC-JKT-01,47.4,0,0,TrafficModel-Historical,2026-10-06 10:07:20
68,2026-09-09 05:00:00,LOC-JKT-01,56.58,0,0,TrafficModel-Historical,2026-10-06 10:07:20
69,2026-09-09 06:00:00,LOC-JKT-01,61.26,0,0,TrafficModel-Historical,2026-10-06 10:07:20
70,2026-09-09 07:00:00,LOC-JKT-01,52.36,0,0,TrafficModel-Historical,2026-10-06 10:07:20
71,2026-09-09 08:00:00,LOC-JKT-01,49.59,0,0,TrafficModel-Historical,2026-10-06 10:07:20
72,2026-09-09 09:00:00,LOC-JKT-01,54.96,0,0,TrafficModel-Historical,2026-10-06 10:07:20
73,2026-09-09 10:00:00,LOC-JKT-01,87.27,0,0,TrafficModel-Historical,2026-10-06 10:07:20
74,2026-09-09 11:00:00,LOC-JKT-01,88.12,0,0,TrafficModel-Historical,2026-10-06 10:07:20
75,2026-09-09 12:00:00,LOC-JKT-01,85.23,0,0,TrafficModel-Historical,2026-10-06 10:07:20
76,2026-09-09 13:00:00,LOC-JKT-01,22.31,0,0,TrafficModel-Historical,2026-10-06 10:07:20
77,2026-09-09 14:00:00,LOC-JKT-01,15.58,0,0,TrafficModel-Historical,2026-10-06 10:07:20
78,2026-09-09 15:00:00,LOC-JKT-01,17.95,0,0,TrafficModel-Historical,2026-10-06 10:07:20
79,2026-09-09 16:00:00,LOC-JKT-01,22.51,0,0,TrafficModel-Historical,2026-10-06 10:07:20
80,2026-09-09 17:00:00,LOC-JKT-01,17.58,0,0,TrafficModel-Historical,2026-10-06 10:07:20
81,2026-09-09 18:00:00,LOC-JKT-01,21.87,0,0,TrafficModel-Historical,2026-10-06 10:07:20
82,2026-09-09 19:00:00,LOC-JKT-01,19.52,0,0,TrafficModel-Historical,2026-10-06 10:07:20
83,2026-09-09 20:00:00,LOC-JKT-01,17.02,0,0,TrafficModel-Historical,2026-10-06 10:07:20
84,2026-09-09 21:00:00,LOC-JKT-01,15.29,0,0,TrafficModel-Historical,2026-10-06 10:07:20
85,2026-09-09 22:00:00,LOC-JKT-01,17.29,0,0,TrafficModel-Historical,2026-10-06 10:07:20
86,2026-09-09 23:00:00,LOC-JKT-01,19.89,0,0,TrafficModel-Historical,2026-10-06 10:07:20
87,2026-09-10 00:00:00,LOC-JKT-01,86.62,0,0,TrafficModel-Historical,2026-10-06 10:07:20
88,2026-09-10 01:00:00,LOC-JKT-01,86.44,0,0,TrafficModel-Historical,2026-10-06 10:07:20
89,2026-09-10 02:00:00,LOC-JKT-01,87.41,0,0,TrafficModel-Historical,2026-10-06 10:07:20
90,2026-09-10 03:00:00,LOC-JKT-01,55.62,0,0,TrafficModel-Historical,2026-10-06 10:07:20
91,2026-09-10 04:00:00,LOC-JKT-01,59.13,0,0,TrafficModel-Historical,2026-10-06 10:07:20
92,2026-09-10 05:00:00,LOC-JKT-01,53.87,0,0,TrafficModel-Historical,2026-10-06 10:07:20
93,2026-09-10 06:00:00,LOC-JKT-01,60.34,0,0,TrafficModel-Historical,2026-10-06 10:07:20
94,2026-09-10 07:00:00,LOC-JKT-01,54.9,0,0,TrafficModel-Historical,2026-10-06 10:07:20
95,2026-09-10 08:00:00,LOC-JKT-01,49.23,0,0,TrafficModel-Historical,2026-10-06 10:07:20
96,2026-09-10 09:00:00,LOC-JKT-01,57.19,0,0,TrafficModel-Historical,2026-10-06 10:07:20
97,2026-09-10 10:00:00,LOC-JKT-01,96.97,0,0,TrafficModel-Historical,2026-10-06 10:07:20
98,2026-09-10 11:00:00,LOC-JKT-01,97.99,0,0,TrafficModel-Historical,2026-10-06 10:07:20
99,2026-09-10 12:00:00,LOC-JKT-01,86.25,0,0,TrafficModel-Historical,2026-10-06 10:07:20
100,2026-09-10 13:00:00,LOC-JKT-01,18.76,0,0,TrafficModel-Historical,2026-10-06 10:07:20
101,2026-09-10 14:00:00,LOC-JKT-01,17.74,0,0,TrafficModel-Historical,2026-10-06 10:07:20
102,2026-09-10 15:00:00,LOC-JKT-01,21.21,0,0,TrafficModel-Historical,2026-10-06 10:07:20
103,2026-09-10 16:00:00,LOC-JKT-01,16.48,0,0,TrafficModel-Historical,2026-10-06 10:07:20
104,2026-09-10 17:00:00,LOC-JKT-01,19.42,0,0,TrafficModel-Historical,2026-10-06 10:07:20
105,2026-09-10 18:00:00,LOC-JKT-01,20.32,0,0,TrafficModel-Historical,2026-10-06 10:07:20
106,2026-09-10 19:00:00,LOC-JKT-01,22.97,0,0,TrafficModel-Historical,2026-10-06 10:07:20
107,2026-09-10 20:00:00,LOC-JKT-01,17.79,0,0,TrafficModel-Historical,2026-10-06 10:07:20
108,2026-09-10 21:00:00,LOC-JKT-01,16.34,0,0,TrafficModel-Historical,2026-10-06 10:07:20
109,2026-09-10 22:00:00,LOC-JKT-01,18.69,0,0,TrafficModel-Historical,2026-10-06 10:07:20
110,2026-09-10 23:00:00,LOC-JKT-01,21.44,0,0,TrafficModel-Historical,2026-10-06 10:07:20
111,2026-09-11 00:00:00,LOC-JKT-01,81.91,0,0,TrafficModel-Historical,2026-10-06 10:07:20
112,2026-09-11 01:00:00,LOC-JKT-01,77.26,0,0,TrafficModel-Historical,2026-10-06 10:07:20
113,2026-09-11 02:00:00,LOC-JKT-01,86.96,0,0,TrafficModel-Historical,2026-10-06 10:07:20
114,2026-09-11 03:00:00,LOC-JKT-01,54.43,0,0,TrafficModel-Historical,2026-10-06 10:07:20
115,2026-09-11 04:00:00,LOC-JKT-01,44.69,0,0,TrafficModel-Historical,2026-10-06 10:07:20
116,2026-09-11 05:00:00,LOC-JKT-01,63.84,0,0,TrafficModel-Historical,2026-10-06 10:07:20
117,2026-09-11 06:00:00,LOC-JKT-01,55.37,0,0,TrafficModel-Historical,2026-10-06 10:07:20
118,2026-09-11 07:00:00,LOC-JKT-01,45.74,0,0,TrafficModel-Historical,2026-10-06 10:07:20
119,2026-09-11 08:00:00,LOC-JKT-01,59.34,0,0,TrafficModel-Historical,2026-10-06 10:07:20
120,2026-09-11 09:00:00,LOC-JKT-01,43.64,0,0,TrafficModel-Historical,2026-10-06 10:07:20
121,2026-09-11 10:00:00,LOC-JKT-01,90.47,0,0,TrafficModel-Historical,2026-10-06 10:07:20
122,2026-09-11 11:00:00,LOC-JKT-01,84.59,0,0,TrafficModel-Historical,2026-10-06 10:07:20
123,2026-09-11 12:00:00,LOC-JKT-01,84.81,0,0,TrafficModel-Historical,2026-10-06 10:07:20
124,2026-09-11 13:00:00,LOC-JKT-01,21.03,0,0,TrafficModel-Historical,2026-10-06 10:07:20
125,2026-09-11 14:00:00,LOC-JKT-01,19.52,0,0,TrafficModel-Historical,2026-10-06 10:07:20
126,2026-09-11 15:00:00,LOC-JKT-01,21.09,0,0,TrafficModel-Historical,2026-10-06 10:07:20
127,2026-09-11 16:00:00,LOC-JKT-01,22.86,0,0,TrafficModel-Historical,2026-10-06 10:07:20
128,2026-09-11 17:00:00,LOC-JKT-01,18.64,0,0,TrafficModel-Historical,2026-10-06 10:07:20
129,2026-09-11 18:00:00,LOC-JKT-01,19.36,0,0,TrafficModel-Historical,2026-10-06 10:07:20
130,2026-09-11 19:00:00,LOC-JKT-01,19.54,0,0,TrafficModel-Historical,2026-10-06 10:07:20
131,2026-09-11 20:00:00,LOC-JKT-01,23.59,0,0,TrafficModel-Historical,2026-10-06 10:07:20
132,2026-09-11 21:00:00,LOC-JKT-01,20.33,0,0,TrafficModel-Historical,2026-10-06 10:07:20
133,2026-09-11 22:00:00,LOC-JKT-01,22.86,0,0,TrafficModel-Historical,2026-10-06 10:07:20
134,2026-09-11 23:00:00,LOC-JKT-01,24.35,0,0,TrafficModel-Historical,2026-10-06 10:07:20
135,2026-09-12 00:00:00,LOC-JKT-01,35.84,1,0,TrafficModel-Historical,2026-10-06 10:07:20
136,2026-09-12 01:00:00,LOC-JKT-01,43.26,1,0,TrafficModel-Historical,2026-10-06 10:07:20
137,2026-09-12 02:00:00,LOC-JKT-01,43.75,1,0,TrafficModel-Historical,2026-10-06 10:07:20
138,2026-09-12 03:00:00,LOC-JKT-01,51.85,1,0,TrafficModel-Historical,2026-10-06 10:07:20
139,2026-09-12 04:00:00,LOC-JKT-01,49.04,1,0,TrafficModel-Historical,2026-10-06 10:07:20
140,2026-09-12 05:00:00,LOC-JKT-01,57.9,1,0,TrafficModel-Historical,2026-10-06 10:07:20
141,2026-09-12 06:00:00,LOC-JKT-01,59.6,1,0,TrafficModel-Historical,2026-10-06 10:07:20
142,2026-09-12 07:00:00,LOC-JKT-01,62.45,1,0,TrafficModel-Historical,2026-10-06 10:07:20
143,2026-09-12 08:00:00,LOC-JKT-01,64.52,1,0,TrafficModel-Historical,2026-10-06 10:07:20
144,2026-09-12 09:00:00,LOC-JKT-01,67.34,1,0,TrafficModel-Historical,2026-10-06 10:07:20
145,2026-09-12 10:00:00,LOC-JKT-01,57.62,1,0,TrafficModel-Historical,2026-10-06 10:07:20
146,2026-09-12 11:00:00,LOC-JKT-01,58.85,1,0,TrafficModel-Historical,2026-10-06 10:07:20
147,2026-09-12 12:00:00,LOC-JKT-01,56.01,1,0,TrafficModel-Historical,2026-10-06 10:07:20
148,2026-09-12 13:00:00,LOC-JKT-01,50.79,1,0,TrafficModel-Historical,2026-10-06 10:07:20
149,2026-09-12 14:00:00,LOC-JKT-01,46.14,1,0,TrafficModel-Historical,2026-10-06 10:07:20
150,2026-09-12 15:00:00,LOC-JKT-01,45.4,1,0,TrafficModel-Historical,2026-10-06 10:07:20
151,2026-09-12 16:00:00,LOC-JKT-01,35.06,1,0,TrafficModel-Historical,2026-10-06 10:07:20
152,2026-09-12 17:00:00,LOC-JKT-01,8.84,1,0,TrafficModel-Historical,2026-10-06 10:07:20
153,2026-09-12 18:00:00,LOC-JKT-01,6.93,1,0,TrafficModel-Historical,2026-10-06 10:07:20
154,2026-09-12 19:00:00,LOC-JKT-01,10.59,1,0,TrafficModel-Historical,2026-10-06 10:07:20
155,2026-09-12 20:00:00,LOC-JKT-01,8.93,1,0,TrafficModel-Historical,2026-10-06 10:07:20
156,2026-09-12 21:00:00,LOC-JKT-01,13.32,1,0,TrafficModel-Historical,2026-10-06 10:07:20
157,2026-09-12 22:00:00,LOC-JKT-01,24.73,1,0,TrafficModel-Historical,2026-10-06 10:07:20
158,2026-09-12 23:00:00,LOC-JKT-01,30.53,1,0,TrafficModel-Historical,2026-10-06 10:07:20
159,2026-09-13 00:00:00,LOC-JKT-01,33.82,1,0,TrafficModel-Historical,2026-10-06 10:07:20
160,2026-09-13 01:00:00,LOC-JKT-01,45.61,1,0,TrafficModel-Historical,2026-10-06 10:07:20
161,2026-09-13 02:00:00,LOC-JKT-01,42.78,1,0,TrafficModel-Historical,2026-10-06 10:07:20
162,2026-09-13 03:00:00,LOC-JKT-01,50.86,1,0,TrafficModel-Historical,2026-10-06 10:07:20
163,2026-09-13 04:00:00,LOC-JKT-01,55.16,1,0,TrafficModel-Historical,2026-10-06 10:07:20
164,2026-09-13 05:00:00,LOC-JKT-01,59.34,1,0,TrafficModel-Historical,2026-10-06 10:07:20
165,2026-09-13 06:00:00,LOC-JKT-01,65.86,1,0,TrafficModel-Historical,2026-10-06 10:07:20
166,2026-09-13 07:00:00,LOC-JKT-01,67.41,1,0,TrafficModel-Historical,2026-10-06 10:07:20
167,2026-09-13 08:00:00,LOC-JKT-01,60.7,1,0,TrafficModel-Historical,2026-10-06 10:07:20
168,2026-09-13 09:00:00,LOC-JKT-01,61.47,1,0,TrafficModel-Historical,2026-10-06 10:07:20
169,2026-09-13 10:00:00,LOC-JKT-01,65.38,1,0,TrafficModel-Historical,2026-10-06 10:07:20
170,2026-09-13 11:00:00,LOC-JKT-01,59.86,1,0,TrafficModel-Historical,2026-10-06 10:07:20
171,2026-09-13 12:00:00,LOC-JKT-01,50.16,1,0,TrafficModel-Historical,2026-10-06 10:07:20
172,2026-09-13 13:00:00,LOC-JKT-01,55.69,1,0,TrafficModel-Historical,2026-10-06 10:07:20
173,2026-09-13 14:00:00,LOC-JKT-01,43.69,1,0,TrafficModel-Historical,2026-10-06 10:07:20
174,2026-09-13 15:00:00,LOC-JKT-01,38.06,1,0,TrafficModel-Historical,2026-10-06 10:07:20
175,2026-09-13 16:00:00,LOC-JKT-01,33.44,1,0,TrafficModel-Historical,2026-10-06 10:07:20
176,2026-09-13 17:00:00,LOC-JKT-01,5.92,1,0,TrafficModel-Historical,2026-10-06 10:07:20
177,2026-09-13 18:00:00,LOC-JKT-01,6.8,1,0,TrafficModel-Historical,2026-10-06 10:07:20
178,2026-09-13 19:00:00,LOC-JKT-01,12.81,1,0,TrafficModel-Historical,2026-10-06 10:07:20
179,2026-09-13 20:00:00,LOC-JKT-01,12.13,1,0,TrafficModel-Historical,2026-10-06 10:07:20
180,2026-09-13 21:00:00,LOC-JKT-01,22.26,1,0,TrafficModel-Historical,2026-10-06 10:07:20
181,2026-09-13 22:00:00,LOC-JKT-01,21.64,1,0,TrafficModel-Historical,2026-10-06 10:07:20
182,2026-09-13 23:00:00,LOC-JKT-01,27.44,1,0,TrafficModel-Historical,2026-10-06 10:07:20
183,2026-09-14 00:00:00,LOC-JKT-01,84.63,0,0,TrafficModel-Historical,2026-10-06 10:07:20
184,2026-09-14 01:00:00,LOC-JKT-01,85.11,0,0,TrafficModel-Historical,2026-10-06 10:07:20
185,2026-09-14 02:00:00,LOC-JKT-01,91.78,0,0,TrafficModel-Historical,2026-10-06 10:07:20
186,2026-09-14 03:00:00,LOC-JKT-01,54.48,0,0,TrafficModel-Historical,2026-10-06 10:07:20
187,2026-09-14 04:00:00,LOC-JKT-01,53.58,0,0,TrafficModel-Historical,2026-10-06 10:07:20
188,2026-09-14 05:00:00,LOC-JKT-01,52.94,0,0,TrafficModel-Historical,2026-10-06 10:07:20
189,2026-09-14 06:00:00,LOC-JKT-01,46.27,0,0,TrafficModel-Historical,2026-10-06 10:07:20
190,2026-09-14 07:00:00,LOC-JKT-01,54.32,0,0,TrafficModel-Historical,2026-10-06 10:07:20
191,2026-09-14 08:00:00,LOC-JKT-01,62.54,0,0,TrafficModel-Historical,2026-10-06 10:07:20
192,2026-09-14 09:00:00,LOC-JKT-01,51.83,0,0,TrafficModel-Historical,2026-10-06 10:07:20
193,2026-09-14 10:00:00,LOC-JKT-01,83.73,0,0,TrafficModel-Historical,2026-10-06 10:07:20
194,2026-09-14 11:00:00,LOC-JKT-01,93.05,0,0,TrafficModel-Historical,2026-10-06 10:07:20
195,2026-09-14 12:00:00,LOC-JKT-01,89.45,0,0,TrafficModel-Historical,2026-10-06 10:07:20
196,2026-09-14 13:00:00,LOC-JKT-01,23.12,0,0,TrafficModel-Historical,2026-10-06 10:07:20
197,2026-09-14 14:00:00,LOC-JKT-01,19.45,0,0,TrafficModel-Historical,2026-10-06 10:07:20
198,2026-09-14 15:00:00,LOC-JKT-01,18.73,0,0,TrafficModel-Historical,2026-10-06 10:07:20
199,2026-09-14 16:00:00,LOC-JKT-01,25.96,0,0,TrafficModel-Historical,2026-10-06 10:07:20
200,2026-09-14 17:00:00,LOC-JKT-01,24.16,0,0,TrafficModel-Historical,2026-10-06 10:07:20
201,2026-09-14 18:00:00,LOC-JKT-01,26.18,0,0,TrafficModel-Historical,2026-10-06 10:07:20
202,2026-09-14 19:00:00,LOC-JKT-01,23.92,0,0,TrafficModel-Historical,2026-10-06 10:07:20
203,2026-09-14 20:00:00,LOC-JKT-01,18.59,0,0,TrafficModel-Historical,2026-10-06 10:07:20
204,2026-09-14 21:00:00,LOC-JKT-01,14.67,0,0,TrafficModel-Historical,2026-10-06 10:07:20
205,2026-09-14 22:00:00,LOC-JKT-01,19.46,0,0,TrafficModel-Historical,2026-10-06 10:07:20
206,2026-09-14 23:00:00,LOC-JKT-01,17.0,0,0,TrafficModel-Historical,2026-10-06 10:07:20
207,2026-09-15 00:00:00,LOC-JKT-01,79.02,0,0,TrafficModel-Historical,2026-10-06 10:07:20
208,2026-09-15 01:00:00,LOC-JKT-01,89.56,0,0,TrafficModel-Historical,2026-10-06 10:07:20
209,2026-09-15 02:00:00,LOC-JKT-01,87.45,0,0,TrafficModel-Historical,2026-10-06 10:07:20
210,2026-09-15 03:00:00,LOC-JKT-01,42.98,0,0,TrafficModel-Historical,2026-10-06 10:07:20
211,2026-09-15 04:00:00,LOC-JKT-01,56.19,0,0,TrafficModel-Historical,2026-10-06 10:07:20
212,2026-09-15 05:00:00,LOC-JKT-01,54.0,0,0,TrafficModel-Historical,2026-10-06 10:07:20
213,2026-09-15 06:00:00,LOC-JKT-01,59.68,0,0,TrafficModel-Historical,2026-10-06 10:07:20
214,2026-09-15 07:00:00,LOC-JKT-01,49.86,0,0,TrafficModel-Historical,2026-10-06 10:07:20
215,2026-09-15 08:00:00,LOC-JKT-01,56.41,0,0,TrafficModel-Historical,2026-10-06 10:07:20
216,2026-09-15 09:00:00,LOC-JKT-01,52.46,0,0,TrafficModel-Historical,2026-10-06 10:07:20
217,2026-09-15 10:00:00,LOC-JKT-01,84.25,0,0,TrafficModel-Historical,2026-10-06 10:07:20
218,2026-09-15 11:00:00,LOC-JKT-01,77.28,0,0,TrafficModel-Historical,2026-10-06 10:07:20
219,2026-09-15 12:00:00,LOC-JKT-01,82.76,0,0,TrafficModel-Historical,2026-10-06 10:07:20
220,2026-09-15 13:00:00,LOC-JKT-01,21.12,0,0,TrafficModel-Historical,2026-10-06 10:07:20
221,2026-09-15 14:00:00,LOC-JKT-01,18.95,0,0,TrafficModel-Historical,2026-10-06 10:07:20
222,2026-09-15 15:00:00,LOC-JKT-01,19.7,0,0,TrafficModel-Historical,2026-10-06 10:07:20
223,2026-09-15 16:00:00,LOC-JKT-01,14.3,0,0,TrafficModel-Historical,2026-10-06 10:07:20
224,2026-09-15 17:00:00,LOC-JKT-01,22.0,0,0,TrafficModel-Historical,2026-10-06 10:07:20
225,2026-09-15 18:00:00,LOC-JKT-01,23.9,0,0,TrafficModel-Historical,2026-10-06 10:07:20
226,2026-09-15 19:00:00,LOC-JKT-01,21.78,0,0,TrafficModel-Historical,2026-10-06 10:07:20
227,2026-09-15 20:00:00,LOC-JKT-01,19.77,0,0,TrafficModel-Historical,2026-10-06 10:07:20
228,2026-09-15 21:00:00,LOC-JKT-01,14.29,0,0,TrafficModel-Historical,2026-10-06 10:07:20
229,2026-09-15 22:00:00,LOC-JKT-01,17.09,0,0,TrafficModel-Historical,2026-10-06 10:07:20
230,2026-09-15 23:00:00,LOC-JKT-01,17.4,0,0,TrafficModel-Historical,2026-10-06 10:07:20
231,2026-09-16 00:00:00,LOC-JKT-01,84.11,0,0,TrafficModel-Historical,2026-10-06 10:07:20
232,2026-09-16 01:00:00,LOC-JKT-01,87.48,0,0,TrafficModel-Historical,2026-10-06 10:07:20
233,2026-09-16 02:00:00,LOC-JKT-01,85.58,0,0,TrafficModel-Historical,2026-10-06 10:07:20
234,2026-09-16 03:00:00,LOC-JKT-01,63.81,0,0,TrafficModel-Historical,2026-10-06 10:07:20
235,2026-09-16 04:00:00,LOC-JKT-01,50.96,0,0,TrafficModel-Historical,2026-10-06 10:07:20
236,2026-09-16 05:00:00,LOC-JKT-01,56.46,0,0,TrafficModel-Historical,2026-10-06 10:07:20
237,2026-09-16 06:00:00,LOC-JKT-01,57.9,0,0,TrafficModel-Historical,2026-10-06 10:07:20
238,2026-09-16 07:00:00,LOC-JKT-01,51.61,0,0,TrafficModel-Historical,2026-10-06 10:07:20
239,2026-09-16 08:00:00,LOC-JKT-01,65.26,0,0,TrafficModel-Historical,2026-10-06 10:07:20
240,2026-09-16 09:00:00,LOC-JKT-01,48.36,0,0,TrafficModel-Historical,2026-10-06 10:07:20
241,2026-09-16 10:00:00,LOC-JKT-01,90.41,0,0,TrafficModel-Historical,2026-10-06 10:07:20
242,2026-09-16 11:00:00,LOC-JKT-01,81.18,0,0,TrafficModel-Historical,2026-10-06 10:07:20
243,2026-09-16 12:00:00,LOC-JKT-01,89.58,0,0,TrafficModel-Historical,2026-10-06 10:07:20
244,2026-09-16 13:00:00,LOC-JKT-01,12.97,0,0,TrafficModel-Historical,2026-10-06 10:07:20
245,2026-09-16 14:00:00,LOC-JKT-01,25.4,0,0,TrafficModel-Historical,2026-10-06 10:07:20
246,2026-09-16 15:00:00,LOC-JKT-01,19.59,0,0,TrafficModel-Historical,2026-10-06 10:07:20
247,2026-09-16 16:00:00,LOC-JKT-01,20.56,0,0,TrafficModel-Historical,2026-10-06 10:07:20
248,2026-09-16 17:00:00,LOC-JKT-01,18.11,0,0,TrafficModel-Historical,2026-10-06 10:07:20
249,2026-09-16 18:00:00,LOC-JKT-01,18.37,0,0,TrafficModel-Historical,2026-10-06 10:07:20
250,2026-09-16 19:00:00,LOC-JKT-01,18.98,0,0,TrafficModel-Historical,2026-10-06 10:07:20
251,2026-09-16 20:00:00,LOC-JKT-01,22.66,0,0,TrafficModel-Historical,2026-10-06 10:07:20
252,2026-09-16 21:00:00,LOC-JKT-01,24.09,0,0,TrafficModel-Historical,2026-10-06 10:07:20
253,2026-09-16 22:00:00,LOC-JKT-01,17.44,0,0,TrafficModel-Historical,2026-10-06 10:07:20
254,2026-09-16 23:00:00,LOC-JKT-01,16.03,0,0,TrafficModel-Historical,2026-10-06 10:07:20
255,2026-09-17 00:00:00,LOC-JKT-01,78.57,0,0,TrafficModel-Historical,2026-10-06 10:07:20
256,2026-09-17 01:00:00,LOC-JKT-01,78.72,0,0,TrafficModel-Historical,2026-10-06 10:07:20
257,2026-09-17 02:00:00,LOC-JKT-01,80.59,0,0,TrafficModel-Historical,2026-10-06 10:07:20
258,2026-09-17 03:00:00,LOC-JKT-01,65.52,0,0,TrafficModel-Historical,2026-10-06 10:07:20
259,2026-09-17 04:00:00,LOC-JKT-01,57.45,0,0,TrafficModel-Historical,2026-10-06 10:07:21
260,2026-09-17 05:00:00,LOC-JKT-01,53.17,0,0,TrafficModel-Historical,2026-10-06 10:07:21
261,2026-09-17 06:00:00,LOC-JKT-01,60.46,0,0,TrafficModel-Historical,2026-10-06 10:07:21
262,2026-09-17 07:00:00,LOC-JKT-01,56.87,0,0,TrafficModel-Historical,2026-10-06 10:07:21
263,2026-09-17 08:00:00,LOC-JKT-01,48.69,0,0,TrafficModel-Historical,2026-10-06 10:07:21
264,2026-09-17 09:00:00,LOC-JKT-01,58.18,0,0,TrafficModel-Historical,2026-10-06 10:07:21
265,2026-09-17 10:00:00,LOC-JKT-01,89.75,0,0,TrafficModel-Historical,2026-10-06 10:07:21
266,2026-09-17 11:00:00,LOC-JKT-01,85.89,0,0,TrafficModel-Historical,2026-10-06 10:07:21
267,2026-09-17 12:00:00,LOC-JKT-01,87.68,0,0,TrafficModel-Historical,2026-10-06 10:07:21
268,2026-09-17 13:00:00,LOC-JKT-01,22.9,0,0,TrafficModel-Historical,2026-10-06 10:07:21
269,2026-09-17 14:00:00,LOC-JKT-01,20.77,0,0,TrafficModel-Historical,2026-10-06 10:07:21
270,2026-09-17 15:00:00,LOC-JKT-01,19.85,0,0,TrafficModel-Historical,2026-10-06 10:07:21
271,2026-09-17 16:00:00,LOC-JKT-01,10.94,0,0,TrafficModel-Historical,2026-10-06 10:07:21
272,2026-09-17 17:00:00,LOC-JKT-01,12.61,0,0,TrafficModel-Historical,2026-10-06 10:07:21
273,2026-09-17 18:00:00,LOC-JKT-01,22.41,0,0,TrafficModel-Historical,2026-10-06 10:07:21
274,2026-09-17 19:00:00,LOC-JKT-01,23.15,0,0,TrafficModel-Historical,2026-10-06 10:07:21
275,2026-09-17 20:00:00,LOC-JKT-01,17.06,0,0,TrafficModel-Historical,2026-10-06 10:07:21
276,2026-09-17 21:00:00,LOC-JKT-01,28.4,0,0,TrafficModel-Historical,2026-10-06 10:07:21
277,2026-09-17 22:00:00,LOC-JKT-01,21.29,0,0,TrafficModel-Historical,2026-10-06 10:07:21
278,2026-09-17 23:00:00,LOC-JKT-01,13.75,0,0,TrafficModel-Historical,2026-10-06 10:07:21
279,2026-09-18 00:00:00,LOC-JKT-01,86.69,0,0,TrafficModel-Historical,2026-10-06 10:07:21
280,2026-09-18 01:00:00,LOC-JKT-01,84.68,0,0,TrafficModel-Historical,2026-10-06 10:07:21
281,2026-09-18 02:00:00,LOC-JKT-01,87.01,0,0,TrafficModel-Historical,2026-10-06 10:07:21
282,2026-09-18 03:00:00,LOC-JKT-01,48.24,0,0,TrafficModel-Historical,2026-10-06 10:07:21
283,2026-09-18 04:00:00,LOC-JKT-01,58.5,0,0,TrafficModel-Historical,2026-10-06 10:07:21
284,2026-09-18 05:00:00,LOC-JKT-01,51.29,0,0,TrafficModel-Historical,2026-10-06 10:07:21
285,2026-09-18 06:00:00,LOC-JKT-01,54.13,0,0,TrafficModel-Historical,2026-10-06 10:07:21
286,2026-09-18 07:00:00,LOC-JKT-01,61.25,0,0,TrafficModel-Historical,2026-10-06 10:07:21
287,2026-09-18 08:00:00,LOC-JKT-01,56.97,0,0,TrafficModel-Historical,2026-10-06 10:07:21
288,2026-09-18 09:00:00,LOC-JKT-01,52.83,0,0,TrafficModel-Historical,2026-10-06 10:07:21
289,2026-09-18 10:00:00,LOC-JKT-01,92.41,0,0,TrafficModel-Historical,2026-10-06 10:07:21
290,2026-09-18 11:00:00,LOC-JKT-01,82.54,0,0,TrafficModel-Historical,2026-10-06 10:07:21
291,2026-09-18 12:00:00,LOC-JKT-01,94.03,0,0,TrafficModel-Historical,2026-10-06 10:07:21
292,2026-09-18 13:00:00,LOC-JKT-01,23.59,0,0,TrafficModel-Historical,2026-10-06 10:07:21
293,2026-09-18 14:00:00,LOC-JKT-01,13.92,0,0,TrafficModel-Historical,2026-10-06 10:07:21
294,2026-09-18 15:00:00,LOC-JKT-01,19.79,0,0,TrafficModel-Historical,2026-10-06 10:07:21
295,2026-09-18 16:00:00,LOC-JKT-01,18.86,0,0,TrafficModel-Historical,2026-10-06 10:07:21
296,2026-09-18 17:00:00,LOC-JKT-01,15.23,0,0,TrafficModel-Historical,2026-10-06 10:07:21
297,2026-09-18 18:00:00,LOC-JKT-01,22.56,0,0,TrafficModel-Historical,2026-10-06 10:07:21
298,2026-09-18 19:00:00,LOC-JKT-01,17.35,0,0,TrafficModel-Historical,2026-10-06 10:07:21
299,2026-09-18 20:00:00,LOC-JKT-01,17.34,0,0,TrafficModel-Historical,2026-10-06 10:07:21
300,2026-09-18 21:00:00,LOC-JKT-01,23.27,0,0,TrafficModel-Historical,2026-10-06 10:07:21
301,2026-09-18 22:00:00,LOC-JKT-01,26.22,0,0,TrafficModel-Historical,2026-10-06 10:07:21
302,2026-09-18 23:00:00,LOC-JKT-01,17.04,0,0,TrafficModel-Historical,2026-10-06 10:07:21
303,2026-09-19 00:00:00,LOC-JKT-01,39.64,1,0,TrafficModel-Historical,2026-10-06 10:07:21
304,2026-09-19 01:00:00,LOC-JKT-01,38.49,1,0,TrafficModel-Historical,2026-10-06 10:07:21
305,2026-09-19 02:00:00,LOC-JKT-01,51.38,1,0,TrafficModel-Historical,2026-10-06 10:07:21
306,2026-09-19 03:00:00,LOC-JKT-01,50.66,1,0,TrafficModel-Historical,2026-10-06 10:07:21
307,2026-09-19 04:00:00,LOC-JKT-01,57.39,1,0,TrafficModel-Historical,2026-10-06 10:07:21
308,2026-09-19 05:00:00,LOC-JKT-01,58.9,1,0,TrafficModel-Historical,2026-10-06 10:07:21
309,2026-09-19 06:00:00,LOC-JKT-01,62.72,1,0,TrafficModel-Historical,2026-10-06 10:07:21
310,2026-09-19 07:00:00,LOC-JKT-01,60.18,1,0,TrafficModel-Historical,2026-10-06 10:07:21
311,2026-09-19 08:00:00,LOC-JKT-01,62.65,1,0,TrafficModel-Historical,2026-10-06 10:07:21
312,2026-09-19 09:00:00,LOC-JKT-01,67.12,1,0,TrafficModel-Historical,2026-10-06 10:07:21
313,2026-09-19 10:00:00,LOC-JKT-01,64.78,1,0,TrafficModel-Historical,2026-10-06 10:07:21
314,2026-09-19 11:00:00,LOC-JKT-01,59.35,1,0,TrafficModel-Historical,2026-10-06 10:07:21
315,2026-09-19 12:00:00,LOC-JKT-01,56.57,1,0,TrafficModel-Historical,2026-10-06 10:07:21
316,2026-09-19 13:00:00,LOC-JKT-01,50.78,1,0,TrafficModel-Historical,2026-10-06 10:07:21
317,2026-09-19 14:00:00,LOC-JKT-01,43.29,1,0,TrafficModel-Historical,2026-10-06 10:07:21
318,2026-09-19 15:00:00,LOC-JKT-01,43.35,1,0,TrafficModel-Historical,2026-10-06 10:07:21
319,2026-09-19 16:00:00,LOC-JKT-01,38.36,1,0,TrafficModel-Historical,2026-10-06 10:07:21
320,2026-09-19 17:00:00,LOC-JKT-01,5.58,1,0,TrafficModel-Historical,2026-10-06 10:07:21
321,2026-09-19 18:00:00,LOC-JKT-01,5.0,1,0,TrafficModel-Historical,2026-10-06 10:07:21
322,2026-09-19 19:00:00,LOC-JKT-01,8.57,1,0,TrafficModel-Historical,2026-10-06 10:07:21
323,2026-09-19 20:00:00,LOC-JKT-01,11.41,1,0,TrafficModel-Historical,2026-10-06 10:07:21
324,2026-09-19 21:00:00,LOC-JKT-01,14.6,1,0,TrafficModel-Historical,2026-10-06 10:07:21
325,2026-09-19 22:00:00,LOC-JKT-01,21.2,1,0,TrafficModel-Historical,2026-10-06 10:07:21
326,2026-09-19 23:00:00,LOC-JKT-01,26.92,1,0,TrafficModel-Historical,2026-10-06 10:07:21
327,2026-09-20 00:00:00,LOC-JKT-01,34.13,1,0,TrafficModel-Historical,2026-10-06 10:07:21
328,2026-09-20 01:00:00,LOC-JKT-01,35.89,1,0,TrafficModel-Historical,2026-10-06 10:07:21
329,2026-09-20 02:00:00,LOC-JKT-01,43.61,1,0,TrafficModel-Historical,2026-10-06 10:07:21
330,2026-09-20 03:00:00,LOC-JKT-01,57.98,1,0,TrafficModel-Historical,2026-10-06 10:07:21
331,2026-09-20 04:00:00,LOC-JKT-01,57.46,1,0,TrafficModel-Historical,2026-10-06 10:07:21
332,2026-09-20 05:00:00,LOC-JKT-01,56.96,1,0,TrafficModel-Historical,2026-10-06 10:07:21
333,2026-09-20 06:00:00,LOC-JKT-01,63.45,1,0,TrafficModel-Historical,2026-10-06 10:07:21
334,2026-09-20 07:00:00,LOC-JKT-01,60.69,1,0,TrafficModel-Historical,2026-10-06 10:07:21
335,2026-09-20 08:00:00,LOC-JKT-01,65.77,1,0,TrafficModel-Historical,2026-10-06 10:07:21
336,2026-09-20 09:00:00,LOC-JKT-01,70.26,1,0,TrafficModel-Historical,2026-10-06 10:07:21
337,2026-09-20 10:00:00,LOC-JKT-01,64.41,1,0,TrafficModel-Historical,2026-10-06 10:07:21
338,2026-09-20 11:00:00,LOC-JKT-01,56.14,1,0,TrafficModel-Historical,2026-10-06 10:07:21
339,2026-09-20 12:00:00,LOC-JKT-01,50.53,1,0,TrafficModel-Historical,2026-10-06 10:07:21
340,2026-09-20 13:00:00,LOC-JKT-01,49.81,1,0,TrafficModel-Historical,2026-10-06 10:07:21
341,2026-09-20 14:00:00,LOC-JKT-01,45.44,1,0,TrafficModel-Historical,2026-10-06 10:07:21
342,2026-09-20 15:00:00,LOC-JKT-01,42.68,1,0,TrafficModel-Historical,2026-10-06 10:07:21
343,2026-09-20 16:00:00,LOC-JKT-01,38.68,1,0,TrafficModel-Historical,2026-10-06 10:07:21
344,2026-09-20 17:00:00,LOC-JKT-01,8.86,1,0,TrafficModel-Historical,2026-10-06 10:07:21
345,2026-09-20 18:00:00,LOC-JKT-01,5.0,1,0,TrafficModel-Historical,2026-10-06 10:07:21
346,2026-09-20 19:00:00,LOC-JKT-01,9.81,1,0,TrafficModel-Historical,2026-10-06 10:07:21
347,2026-09-20 20:00:00,LOC-JKT-01,13.05,1,0,TrafficModel-Historical,2026-10-06 10:07:21
348,2026-09-20 21:00:00,LOC-JKT-01,19.29,1,0,TrafficModel-Historical,2026-10-06 10:07:21
349,2026-09-20 22:00:00,LOC-JKT-01,24.38,1,0,TrafficModel-Historical,2026-10-06 10:07:21
350,2026-09-20 23:00:00,LOC-JKT-01,26.2,1,0,TrafficModel-Historical,2026-10-06 10:07:21
351,2026-09-21 00:00:00,LOC-JKT-01,89.07,0,0,TrafficModel-Historical,2026-10-06 10:07:21
352,2026-09-21 01:00:00,LOC-JKT-01,78.06,0,0,TrafficModel-Historical,2026-10-06 10:07:21
353,2026-09-21 02:00:00,LOC-JKT-01,90.46,0,0,TrafficModel-Historical,2026-10-06 10:07:21
354,2026-09-21 03:00:00,LOC-JKT-01,55.99,0,0,TrafficModel-Historical,2026-10-06 10:07:21
355,2026-09-21 04:00:00,LOC-JKT-01,62.69,0,0,TrafficModel-Historical,2026-10-06 10:07:21
356,2026-09-21 05:00:00,LOC-JKT-01,51.54,0,0,TrafficModel-Historical,2026-10-06 10:07:21
357,2026-09-21 06:00:00,LOC-JKT-01,57.53,0,0,TrafficModel-Historical,2026-10-06 10:07:21
358,2026-09-21 07:00:00,LOC-JKT-01,57.66,0,0,TrafficModel-Historical,2026-10-06 10:07:21
359,2026-09-21 08:00:00,LOC-JKT-01,63.14,0,0,TrafficModel-Historical,2026-10-06 10:07:21
360,2026-09-21 09:00:00,LOC-JKT-01,52.92,0,0,TrafficModel-Historical,2026-10-06 10:07:21
361,2026-09-21 10:00:00,LOC-JKT-01,90.87,0,0,TrafficModel-Historical,2026-10-06 10:07:21
362,2026-09-21 11:00:00,LOC-JKT-01,91.95,0,0,TrafficModel-Historical,2026-10-06 10:07:21
363,2026-09-21 12:00:00,LOC-JKT-01,94.84,0,0,TrafficModel-Historical,2026-10-06 10:07:21
364,2026-09-21 13:00:00,LOC-JKT-01,20.72,0,0,TrafficModel-Historical,2026-10-06 10:07:21
365,2026-09-21 14:00:00,LOC-JKT-01,16.87,0,0,TrafficModel-Historical,2026-10-06 10:07:21
366,2026-09-21 15:00:00,LOC-JKT-01,17.54,0,0,TrafficModel-Historical,2026-10-06 10:07:21
367,2026-09-21 16:00:00,LOC-JKT-01,17.22,0,0,TrafficModel-Historical,2026-10-06 10:07:21
368,2026-09-21 17:00:00,LOC-JKT-01,18.16,0,0,TrafficModel-Historical,2026-10-06 10:07:21
369,2026-09-21 18:00:00,LOC-JKT-01,15.6,0,0,TrafficModel-Historical,2026-10-06 10:07:21
370,2026-09-21 19:00:00,LOC-JKT-01,17.23,0,0,TrafficModel-Historical,2026-10-06 10:07:21
371,2026-09-21 20:00:00,LOC-JKT-01,19.7,0,0,TrafficModel-Historical,2026-10-06 10:07:21
372,2026-09-21 21:00:00,LOC-JKT-01,25.96,0,0,TrafficModel-Historical,2026-10-06 10:07:21
373,2026-09-21 22:00:00,LOC-JKT-01,18.25,0,0,TrafficModel-Historical,2026-10-06 10:07:21
374,2026-09-21 23:00:00,LOC-JKT-01,22.26,0,0,TrafficModel-Historical,2026-10-06 10:07:21
375,2026-09-22 00:00:00,LOC-JKT-01,87.29,0,0,TrafficModel-Historical,2026-10-06 10:07:21
376,2026-09-22 01:00:00,LOC-JKT-01,82.39,0,0,TrafficModel-Historical,2026-10-06 10:07:21
377,2026-09-22 02:00:00,LOC-JKT-01,85.93,0,0,TrafficModel-Historical,2026-10-06 10:07:21
378,2026-09-22 03:00:00,LOC-JKT-01,63.64,0,0,TrafficModel-Historical,2026-10-06 10:07:21
379,2026-09-22 04:00:00,LOC-JKT-01,47.17,0,0,TrafficModel-Historical,2026-10-06 10:07:21
380,2026-09-22 05:00:00,LOC-JKT-01,60.34,0,0,TrafficModel-Historical,2026-10-06 10:07:21
381,2026-09-22 06:00:00,LOC-JKT-01,49.04,0,0,TrafficModel-Historical,2026-10-06 10:07:21
382,2026-09-22 07:00:00,LOC-JKT-01,50.13,0,0,TrafficModel-Historical,2026-10-06 10:07:21
383,2026-09-22 08:00:00,LOC-JKT-01,50.96,0,0,TrafficModel-Historical,2026-10-06 10:07:21
384,2026-09-22 09:00:00,LOC-JKT-01,52.24,0,0,TrafficModel-Historical,2026-10-06 10:07:21
385,2026-09-22 10:00:00,LOC-JKT-01,86.38,0,0,TrafficModel-Historical,2026-10-06 10:07:21
386,2026-09-22 11:00:00,LOC-JKT-01,93.17,0,0,TrafficModel-Historical,2026-10-06 10:07:21
387,2026-09-22 12:00:00,LOC-JKT-01,88.85,0,0,TrafficModel-Historical,2026-10-06 10:07:21
388,2026-09-22 13:00:00,LOC-JKT-01,24.15,0,0,TrafficModel-Historical,2026-10-06 10:07:21
389,2026-09-22 14:00:00,LOC-JKT-01,15.9,0,0,TrafficModel-Historical,2026-10-06 10:07:21
390,2026-09-22 15:00:00,LOC-JKT-01,15.81,0,0,TrafficModel-Historical,2026-10-06 10:07:21
391,2026-09-22 16:00:00,LOC-JKT-01,18.75,0,0,TrafficModel-Historical,2026-10-06 10:07:21
392,2026-09-22 17:00:00,LOC-JKT-01,22.53,0,0,TrafficModel-Historical,2026-10-06 10:07:21
393,2026-09-22 18:00:00,LOC-JKT-01,19.79,0,0,TrafficModel-Historical,2026-10-06 10:07:21
394,2026-09-22 19:00:00,LOC-JKT-01,22.93,0,0,TrafficModel-Historical,2026-10-06 10:07:21
395,2026-09-22 20:00:00,LOC-JKT-01,17.3,0,0,TrafficModel-Historical,2026-10-06 10:07:21
396,2026-09-22 21:00:00,LOC-JKT-01,19.88,0,0,TrafficModel-Historical,2026-10-06 10:07:21
397,2026-09-22 22:00:00,LOC-JKT-01,21.3,0,0,TrafficModel-Historical,2026-10-06 10:07:21
398,2026-09-22 23:00:00,LOC-JKT-01,13.49,0,0,TrafficModel-Historical,2026-10-06 10:07:21
399,2026-09-23 00:00:00,LOC-JKT-01,92.7,0,0,TrafficModel-Historical,2026-10-06 10:07:21
400,2026-09-23 01:00:00,LOC-JKT-01,83.48,0,0,TrafficModel-Historical,2026-10-06 10:07:21
401,2026-09-23 02:00:00,LOC-JKT-01,80.52,0,0,TrafficModel-Historical,2026-10-06 10:07:21
402,2026-09-23 03:00:00,LOC-JKT-01,50.08,0,0,TrafficModel-Historical,2026-10-06 10:07:21
403,2026-09-23 04:00:00,LOC-JKT-01,46.83,0,0,TrafficModel-Historical,2026-10-06 10:07:21
404,2026-09-23 05:00:00,LOC-JKT-01,48.43,0,0,TrafficModel-Historical,2026-10-06 10:07:21
405,2026-09-23 06:00:00,LOC-JKT-01,51.63,0,0,TrafficModel-Historical,2026-10-06 10:07:21
406,2026-09-23 07:00:00,LOC-JKT-01,50.24,0,0,TrafficModel-Historical,2026-10-06 10:07:21
407,2026-09-23 08:00:00,LOC-JKT-01,65.04,0,0,TrafficModel-Historical,2026-10-06 10:07:21
408,2026-09-23 09:00:00,LOC-JKT-01,53.1,0,0,TrafficModel-Historical,2026-10-06 10:07:21
409,2026-09-23 10:00:00,LOC-JKT-01,81.71,0,0,TrafficModel-Historical,2026-10-06 10:07:21
410,2026-09-23 11:00:00,LOC-JKT-01,88.11,0,0,TrafficModel-Historical,2026-10-06 10:07:21
411,2026-09-23 12:00:00,LOC-JKT-01,86.17,0,0,TrafficModel-Historical,2026-10-06 10:07:21
412,2026-09-23 13:00:00,LOC-JKT-01,30.69,0,0,TrafficModel-Historical,2026-10-06 10:07:21
413,2026-09-23 14:00:00,LOC-JKT-01,22.3,0,0,TrafficModel-Historical,2026-10-06 10:07:21
414,2026-09-23 15:00:00,LOC-JKT-01,18.22,0,0,TrafficModel-Historical,2026-10-06 10:07:21
415,2026-09-23 16:00:00,LOC-JKT-01,13.73,0,0,TrafficModel-Historical,2026-10-06 10:07:21
416,2026-09-23 17:00:00,LOC-JKT-01,24.0,0,0,TrafficModel-Historical,2026-10-06 10:07:21
417,2026-09-23 18:00:00,LOC-JKT-01,20.24,0,0,TrafficModel-Historical,2026-10-06 10:07:21
418,2026-09-23 19:00:00,LOC-JKT-01,22.71,0,0,TrafficModel-Historical,2026-10-06 10:07:21
419,2026-09-23 20:00:00,LOC-JKT-01,15.13,0,0,TrafficModel-Historical,2026-10-06 10:07:21
420,2026-09-23 21:00:00,LOC-JKT-01,23.04,0,0,TrafficModel-Historical,2026-10-06 10:07:21
421,2026-09-23 22:00:00,LOC-JKT-01,20.59,0,0,TrafficModel-Historical,2026-10-06 10:07:21
422,2026-09-23 23:00:00,LOC-JKT-01,22.77,0,0,TrafficModel-Historical,2026-10-06 10:07:21
423,2026-09-24 00:00:00,LOC-JKT-01,84.3,0,0,TrafficModel-Historical,2026-10-06 10:07:21
424,2026-09-24 01:00:00,LOC-JKT-01,84.44,0,0,TrafficModel-Historical,2026-10-06 10:07:21
425,2026-09-24 02:00:00,LOC-JKT-01,90.73,0,0,TrafficModel-Historical,2026-10-06 10:07:21
426,2026-09-24 03:00:00,LOC-JKT-01,50.49,0,0,TrafficModel-Historical,2026-10-06 10:07:21
427,2026-09-24 04:00:00,LOC-JKT-01,63.14,0,0,TrafficModel-Historical,2026-10-06 10:07:22
428,2026-09-24 05:00:00,LOC-JKT-01,58.72,0,0,TrafficModel-Historical,2026-10-06 10:07:22
429,2026-09-24 06:00:00,LOC-JKT-01,44.4,0,0,TrafficModel-Historical,2026-10-06 10:07:22
430,2026-09-24 07:00:00,LOC-JKT-01,53.69,0,0,TrafficModel-Historical,2026-10-06 10:07:22
431,2026-09-24 08:00:00,LOC-JKT-01,49.23,0,0,TrafficModel-Historical,2026-10-06 10:07:22
432,2026-09-24 09:00:00,LOC-JKT-01,51.11,0,0,TrafficModel-Historical,2026-10-06 10:07:22
433,2026-09-24 10:00:00,LOC-JKT-01,77.44,0,0,TrafficModel-Historical,2026-10-06 10:07:22
434,2026-09-24 11:00:00,LOC-JKT-01,81.94,0,0,TrafficModel-Historical,2026-10-06 10:07:22
435,2026-09-24 12:00:00,LOC-JKT-01,83.79,0,0,TrafficModel-Historical,2026-10-06 10:07:22
436,2026-09-24 13:00:00,LOC-JKT-01,16.13,0,0,TrafficModel-Historical,2026-10-06 10:07:22
437,2026-09-24 14:00:00,LOC-JKT-01,15.94,0,0,TrafficModel-Historical,2026-10-06 10:07:22
438,2026-09-24 15:00:00,LOC-JKT-01,24.64,0,0,TrafficModel-Historical,2026-10-06 10:07:22
439,2026-09-24 16:00:00,LOC-JKT-01,20.51,0,0,TrafficModel-Historical,2026-10-06 10:07:22
440,2026-09-24 17:00:00,LOC-JKT-01,25.14,0,0,TrafficModel-Historical,2026-10-06 10:07:22
441,2026-09-24 18:00:00,LOC-JKT-01,21.11,0,0,TrafficModel-Historical,2026-10-06 10:07:22
442,2026-09-24 19:00:00,LOC-JKT-01,22.27,0,0,TrafficModel-Historical,2026-10-06 10:07:22
443,2026-09-24 20:00:00,LOC-JKT-01,19.2,0,0,TrafficModel-Historical,2026-10-06 10:07:22
444,2026-09-24 21:00:00,LOC-JKT-01,22.11,0,0,TrafficModel-Historical,2026-10-06 10:07:22
445,2026-09-24 22:00:00,LOC-JKT-01,20.88,0,0,TrafficModel-Historical,2026-10-06 10:07:22
446,2026-09-24 23:00:00,LOC-JKT-01,21.24,0,0,TrafficModel-Historical,2026-10-06 10:07:22
447,2026-09-25 00:00:00,LOC-JKT-01,79.44,0,0,TrafficModel-Historical,2026-10-06 10:07:22
448,2026-09-25 01:00:00,LOC-JKT-01,84.84,0,0,TrafficModel-Historical,2026-10-06 10:07:22
449,2026-09-25 02:00:00,LOC-JKT-01,84.4,0,0,TrafficModel-Historical,2026-10-06 10:07:22
450,2026-09-25 03:00:00,LOC-JKT-01,51.6,0,0,TrafficModel-Historical,2026-10-06 10:07:22
451,2026-09-25 04:00:00,LOC-JKT-01,63.49,0,0,TrafficModel-Historical,2026-10-06 10:07:22
452,2026-09-25 05:00:00,LOC-JKT-01,49.8,0,0,TrafficModel-Historical,2026-10-06 10:07:22
453,2026-09-25 06:00:00,LOC-JKT-01,52.72,0,0,TrafficModel-Historical,2026-10-06 10:07:22
454,2026-09-25 07:00:00,LOC-JKT-01,54.5,0,0,TrafficModel-Historical,2026-10-06 10:07:22
455,2026-09-25 08:00:00,LOC-JKT-01,65.04,0,0,TrafficModel-Historical,2026-10-06 10:07:22
456,2026-09-25 09:00:00,LOC-JKT-01,56.74,0,0,TrafficModel-Historical,2026-10-06 10:07:22
457,2026-09-25 10:00:00,LOC-JKT-01,84.96,0,0,TrafficModel-Historical,2026-10-06 10:07:22
458,2026-09-25 11:00:00,LOC-JKT-01,95.6,0,0,TrafficModel-Historical,2026-10-06 10:07:22
459,2026-09-25 12:00:00,LOC-JKT-01,89.81,0,0,TrafficModel-Historical,2026-10-06 10:07:22
460,2026-09-25 13:00:00,LOC-JKT-01,23.7,0,0,TrafficModel-Historical,2026-10-06 10:07:22
461,2026-09-25 14:00:00,LOC-JKT-01,21.99,0,0,TrafficModel-Historical,2026-10-06 10:07:22
462,2026-09-25 15:00:00,LOC-JKT-01,17.26,0,0,TrafficModel-Historical,2026-10-06 10:07:22
463,2026-09-25 16:00:00,LOC-JKT-01,17.22,0,0,TrafficModel-Historical,2026-10-06 10:07:22
464,2026-09-25 17:00:00,LOC-JKT-01,13.02,0,0,TrafficModel-Historical,2026-10-06 10:07:22
465,2026-09-25 18:00:00,LOC-JKT-01,20.08,0,0,TrafficModel-Historical,2026-10-06 10:07:22
466,2026-09-25 19:00:00,LOC-JKT-01,18.52,0,0,TrafficModel-Historical,2026-10-06 10:07:22
467,2026-09-25 20:00:00,LOC-JKT-01,22.82,0,0,TrafficModel-Historical,2026-10-06 10:07:22
468,2026-09-25 21:00:00,LOC-JKT-01,22.34,0,0,TrafficModel-Historical,2026-10-06 10:07:22
469,2026-09-25 22:00:00,LOC-JKT-01,24.63,0,0,TrafficModel-Historical,2026-10-06 10:07:22
470,2026-09-25 23:00:00,LOC-JKT-01,20.38,0,0,TrafficModel-Historical,2026-10-06 10:07:22
471,2026-09-26 00:00:00,LOC-JKT-01,30.06,1,0,TrafficModel-Historical,2026-10-06 10:07:22
472,2026-09-26 01:00:00,LOC-JKT-01,45.05,1,0,TrafficModel-Historical,2026-10-06 10:07:22
473,2026-09-26 02:00:00,LOC-JKT-01,46.99,1,0,TrafficModel-Historical,2026-10-06 10:07:22
474,2026-09-26 03:00:00,LOC-JKT-01,47.32,1,0,TrafficModel-Historical,2026-10-06 10:07:22
475,2026-09-26 04:00:00,LOC-JKT-01,59.62,1,0,TrafficModel-Historical,2026-10-06 10:07:22
476,2026-09-26 05:00:00,LOC-JKT-01,63.62,1,0,TrafficModel-Historical,2026-10-06 10:07:22
477,2026-09-26 06:00:00,LOC-JKT-01,61.9,1,0,TrafficModel-Historical,2026-10-06 10:07:22
478,2026-09-26 07:00:00,LOC-JKT-01,63.34,1,0,TrafficModel-Historical,2026-10-06 10:07:22
479,2026-09-26 08:00:00,LOC-JKT-01,67.68,1,0,TrafficModel-Historical,2026-10-06 10:07:22
480,2026-09-26 09:00:00,LOC-JKT-01,60.2,1,0,TrafficModel-Historical,2026-10-06 10:07:22
481,2026-09-26 10:00:00,LOC-JKT-01,61.01,1,0,TrafficModel-Historical,2026-10-06 10:07:22
482,2026-09-26 11:00:00,LOC-JKT-01,59.5,1,0,TrafficModel-Historical,2026-10-06 10:07:22
483,2026-09-26 12:00:00,LOC-JKT-01,55.68,1,0,TrafficModel-Historical,2026-10-06 10:07:22
484,2026-09-26 13:00:00,LOC-JKT-01,50.08,1,0,TrafficModel-Historical,2026-10-06 10:07:22
485,2026-09-26 14:00:00,LOC-JKT-01,47.25,1,0,TrafficModel-Historical,2026-10-06 10:07:22
486,2026-09-26 15:00:00,LOC-JKT-01,38.35,1,0,TrafficModel-Historical,2026-10-06 10:07:22
487,2026-09-26 16:00:00,LOC-JKT-01,36.92,1,0,TrafficModel-Historical,2026-10-06 10:07:22
488,2026-09-26 17:00:00,LOC-JKT-01,5.0,1,0,TrafficModel-Historical,2026-10-06 10:07:22
489,2026-09-26 18:00:00,LOC-JKT-01,8.24,1,0,TrafficModel-Historical,2026-10-06 10:07:22
490,2026-09-26 19:00:00,LOC-JKT-01,6.61,1,0,TrafficModel-Historical,2026-10-06 10:07:22
491,2026-09-26 20:00:00,LOC-JKT-01,9.72,1,0,TrafficModel-Historical,2026-10-06 10:07:22
492,2026-09-26 21:00:00,LOC-JKT-01,24.27,1,0,TrafficModel-Historical,2026-10-06 10:07:22
493,2026-09-26 22:00:00,LOC-JKT-01,23.38,1,0,TrafficModel-Historical,2026-10-06 10:07:22
494,2026-09-26 23:00:00,LOC-JKT-01,29.85,1,0,TrafficModel-Historical,2026-10-06 10:07:22
495,2026-09-27 00:00:00,LOC-JKT-01,33.72,1,0,TrafficModel-Historical,2026-10-06 10:07:22
496,2026-09-27 01:00:00,LOC-JKT-01,39.85,1,0,TrafficModel-Historical,2026-10-06 10:07:22
497,2026-09-27 02:00:00,LOC-JKT-01,48.33,1,0,TrafficModel-Historical,2026-10-06 10:07:22
498,2026-09-27 03:00:00,LOC-JKT-01,50.53,1,0,TrafficModel-Historical,2026-10-06 10:07:22
499,2026-09-27 04:00:00,LOC-JKT-01,56.47,1,0,TrafficModel-Historical,2026-10-06 10:07:22
500,2026-09-27 05:00:00,LOC-JKT-01,62.73,1,0,TrafficModel-Historical,2026-10-06 10:07:22
501,2026-09-27 06:00:00,LOC-JKT-01,69.98,1,0,TrafficModel-Historical,2026-10-06 10:07:22
502,2026-09-27 07:00:00,LOC-JKT-01,56.9,1,0,TrafficModel-Historical,2026-10-06 10:07:22
503,2026-09-27 08:00:00,LOC-JKT-01,65.35,1,0,TrafficModel-Historical,2026-10-06 10:07:22
504,2026-09-27 09:00:00,LOC-JKT-01,67.17,1,0,TrafficModel-Historical,2026-10-06 10:07:22
505,2026-09-27 10:00:00,LOC-JKT-01,64.1,1,0,TrafficModel-Historical,2026-10-06 10:07:22
506,2026-09-27 11:00:00,LOC-JKT-01,59.15,1,0,TrafficModel-Historical,2026-10-06 10:07:22
507,2026-09-27 12:00:00,LOC-JKT-01,55.1,1,0,TrafficModel-Historical,2026-10-06 10:07:22
508,2026-09-27 13:00:00,LOC-JKT-01,52.46,1,0,TrafficModel-Historical,2026-10-06 10:07:22
509,2026-09-27 14:00:00,LOC-JKT-01,46.13,1,0,TrafficModel-Historical,2026-10-06 10:07:22
510,2026-09-27 15:00:00,LOC-JKT-01,37.41,1,0,TrafficModel-Historical,2026-10-06 10:07:22
511,2026-09-27 16:00:00,LOC-JKT-01,32.14,1,0,TrafficModel-Historical,2026-10-06 10:07:22
512,2026-09-27 17:00:00,LOC-JKT-01,7.61,1,0,TrafficModel-Historical,2026-10-06 10:07:22
513,2026-09-27 18:00:00,LOC-JKT-01,5.0,1,0,TrafficModel-Historical,2026-10-06 10:07:22
514,2026-09-27 19:00:00,LOC-JKT-01,11.69,1,0,TrafficModel-Historical,2026-10-06 10:07:22
515,2026-09-27 20:00:00,LOC-JKT-01,16.66,1,0,TrafficModel-Historical,2026-10-06 10:07:22
516,2026-09-27 21:00:00,LOC-JKT-01,18.18,1,0,TrafficModel-Historical,2026-10-06 10:07:22
517,2026-09-27 22:00:00,LOC-JKT-01,25.25,1,0,TrafficModel-Historical,2026-10-06 10:07:22
518,2026-09-27 23:00:00,LOC-JKT-01,29.29,1,0,TrafficModel-Historical,2026-10-06 10:07:22
519,2026-09-28 00:00:00,LOC-JKT-01,85.83,0,0,TrafficModel-Historical,2026-10-06 10:07:22
520,2026-09-28 01:00:00,LOC-JKT-01,82.44,0,0,TrafficModel-Historical,2026-10-06 10:07:22
521,2026-09-28 02:00:00,LOC-JKT-01,83.83,0,0,TrafficModel-Historical,2026-10-06 10:07:22
522,2026-09-28 03:00:00,LOC-JKT-01,50.93,0,0,TrafficModel-Historical,2026-10-06 10:07:22
523,2026-09-28 04:00:00,LOC-JKT-01,64.96,0,0,TrafficModel-Historical,2026-10-06 10:07:22
524,2026-09-28 05:00:00,LOC-JKT-01,49.39,0,0,TrafficModel-Historical,2026-10-06 10:07:22
525,2026-09-28 06:00:00,LOC-JKT-01,55.52,0,0,TrafficModel-Historical,2026-10-06 10:07:22
526,2026-09-28 07:00:00,LOC-JKT-01,62.66,0,0,TrafficModel-Historical,2026-10-06 10:07:22
527,2026-09-28 08:00:00,LOC-JKT-01,54.57,0,0,TrafficModel-Historical,2026-10-06 10:07:22
528,2026-09-28 09:00:00,LOC-JKT-01,50.59,0,0,TrafficModel-Historical,2026-10-06 10:07:22
529,2026-09-28 10:00:00,LOC-JKT-01,88.2,0,0,TrafficModel-Historical,2026-10-06 10:07:22
530,2026-09-28 11:00:00,LOC-JKT-01,82.49,0,0,TrafficModel-Historical,2026-10-06 10:07:22
531,2026-09-28 12:00:00,LOC-JKT-01,90.44,0,0,TrafficModel-Historical,2026-10-06 10:07:22
532,2026-09-28 13:00:00,LOC-JKT-01,21.08,0,0,TrafficModel-Historical,2026-10-06 10:07:22
533,2026-09-28 14:00:00,LOC-JKT-01,22.6,0,0,TrafficModel-Historical,2026-10-06 10:07:22
534,2026-09-28 15:00:00,LOC-JKT-01,20.85,0,0,TrafficModel-Historical,2026-10-06 10:07:22
535,2026-09-28 16:00:00,LOC-JKT-01,19.57,0,0,TrafficModel-Historical,2026-10-06 10:07:22
536,2026-09-28 17:00:00,LOC-JKT-01,23.91,0,0,TrafficModel-Historical,2026-10-06 10:07:22
537,2026-09-28 18:00:00,LOC-JKT-01,21.5,0,0,TrafficModel-Historical,2026-10-06 10:07:22
538,2026-09-28 19:00:00,LOC-JKT-01,21.36,0,0,TrafficModel-Historical,2026-10-06 10:07:22
539,2026-09-28 20:00:00,LOC-JKT-01,19.81,0,0,TrafficModel-Historical,2026-10-06 10:07:22
540,2026-09-28 21:00:00,LOC-JKT-01,21.5,0,0,TrafficModel-Historical,2026-10-06 10:07:22
541,2026-09-28 22:00:00,LOC-JKT-01,22.07,0,0,TrafficModel-Historical,2026-10-06 10:07:22
542,2026-09-28 23:00:00,LOC-JKT-01,10.73,0,0,TrafficModel-Historical,2026-10-06 10:07:22
543,2026-09-29 00:00:00,LOC-JKT-01,89.65,0,0,TrafficModel-Historical,2026-10-06 10:07:22
544,2026-09-29 01:00:00,LOC-JKT-01,86.05,0,0,TrafficModel-Historical,2026-10-06 10:07:22
545,2026-09-29 02:00:00,LOC-JKT-01,83.4,0,0,TrafficModel-Historical,2026-10-06 10:07:22
546,2026-09-29 03:00:00,LOC-JKT-01,59.2,0,0,TrafficModel-Historical,2026-10-06 10:07:22
547,2026-09-29 04:00:00,LOC-JKT-01,48.2,0,0,TrafficModel-Historical,2026-10-06 10:07:22
548,2026-09-29 05:00:00,LOC-JKT-01,57.12,0,0,TrafficModel-Historical,2026-10-06 10:07:22
549,2026-09-29 06:00:00,LOC-JKT-01,59.13,0,0,TrafficModel-Historical,2026-10-06 10:07:22
550,2026-09-29 07:00:00,LOC-JKT-01,58.35,0,0,TrafficModel-Historical,2026-10-06 10:07:22
551,2026-09-29 08:00:00,LOC-JKT-01,53.98,0,0,TrafficModel-Historical,2026-10-06 10:07:22
552,2026-09-29 09:00:00,LOC-JKT-01,51.88,0,0,TrafficModel-Historical,2026-10-06 10:07:22
553,2026-09-29 10:00:00,LOC-JKT-01,88.9,0,0,TrafficModel-Historical,2026-10-06 10:07:22
554,2026-09-29 11:00:00,LOC-JKT-01,85.51,0,0,TrafficModel-Historical,2026-10-06 10:07:22
555,2026-09-29 12:00:00,LOC-JKT-01,91.46,0,0,TrafficModel-Historical,2026-10-06 10:07:22
556,2026-09-29 13:00:00,LOC-JKT-01,18.07,0,0,TrafficModel-Historical,2026-10-06 10:07:22
557,2026-09-29 14:00:00,LOC-JKT-01,21.69,0,0,TrafficModel-Historical,2026-10-06 10:07:22
558,2026-09-29 15:00:00,LOC-JKT-01,20.2,0,0,TrafficModel-Historical,2026-10-06 10:07:22
559,2026-09-29 16:00:00,LOC-JKT-01,24.07,0,0,TrafficModel-Historical,2026-10-06 10:07:22
560,2026-09-29 17:00:00,LOC-JKT-01,16.18,0,0,TrafficModel-Historical,2026-10-06 10:07:22
561,2026-09-29 18:00:00,LOC-JKT-01,13.77,0,0,TrafficModel-Historical,2026-10-06 10:07:22
562,2026-09-29 19:00:00,LOC-JKT-01,17.31,0,0,TrafficModel-Historical,2026-10-06 10:07:22
563,2026-09-29 20:00:00,LOC-JKT-01,19.76,0,0,TrafficModel-Historical,2026-10-06 10:07:22
564,2026-09-29 21:00:00,LOC-JKT-01,19.66,0,0,TrafficModel-Historical,2026-10-06 10:07:22
565,2026-09-29 22:00:00,LOC-JKT-01,16.42,0,0,TrafficModel-Historical,2026-10-06 10:07:22
566,2026-09-29 23:00:00,LOC-JKT-01,17.63,0,0,TrafficModel-Historical,2026-10-06 10:07:22
567,2026-09-30 00:00:00,LOC-JKT-01,87.19,0,0,TrafficModel-Historical,2026-10-06 10:07:22
568,2026-09-30 01:00:00,LOC-JKT-01,88.53,0,0,TrafficModel-Historical,2026-10-06 10:07:22
569,2026-09-30 02:00:00,LOC-JKT-01,90.62,0,0,TrafficModel-Historical,2026-10-06 10:07:22
570,2026-09-30 03:00:00,LOC-JKT-01,53.65,0,0,TrafficModel-Historical,2026-10-06 10:07:22
571,2026-09-30 04:00:00,LOC-JKT-01,52.04,0,0,TrafficModel-Historical,2026-10-06 10:07:22
572,2026-09-30 05:00:00,LOC-JKT-01,53.08,0,0,TrafficModel-Historical,2026-10-06 10:07:22
573,2026-09-30 06:00:00,LOC-JKT-01,48.59,0,0,TrafficModel-Historical,2026-10-06 10:07:22
574,2026-09-30 07:00:00,LOC-JKT-01,58.87,0,0,TrafficModel-Historical,2026-10-06 10:07:22
575,2026-09-30 08:00:00,LOC-JKT-01,54.83,0,0,TrafficModel-Historical,2026-10-06 10:07:22
576,2026-09-30 09:00:00,LOC-JKT-01,52.42,0,0,TrafficModel-Historical,2026-10-06 10:07:22
577,2026-09-30 10:00:00,LOC-JKT-01,85.83,0,0,TrafficModel-Historical,2026-10-06 10:07:22
578,2026-09-30 11:00:00,LOC-JKT-01,91.26,0,0,TrafficModel-Historical,2026-10-06 10:07:22
579,2026-09-30 12:00:00,LOC-JKT-01,86.5,0,0,TrafficModel-Historical,2026-10-06 10:07:22
580,2026-09-30 13:00:00,LOC-JKT-01,17.12,0,0,TrafficModel-Historical,2026-10-06 10:07:22
581,2026-09-30 14:00:00,LOC-JKT-01,26.82,0,0,TrafficModel-Historical,2026-10-06 10:07:22
582,2026-09-30 15:00:00,LOC-JKT-01,15.89,0,0,TrafficModel-Historical,2026-10-06 10:07:22
583,2026-09-30 16:00:00,LOC-JKT-01,20.44,0,0,TrafficModel-Historical,2026-10-06 10:07:22
584,2026-09-30 17:00:00,LOC-JKT-01,18.87,0,0,TrafficModel-Historical,2026-10-06 10:07:22
585,2026-09-30 18:00:00,LOC-JKT-01,15.29,0,0,TrafficModel-Historical,2026-10-06 10:07:22
586,2026-09-30 19:00:00,LOC-JKT-01,23.58,0,0,TrafficModel-Historical,2026-10-06 10:07:22
587,2026-09-30 20:00:00,LOC-JKT-01,18.45,0,0,TrafficModel-Historical,2026-10-06 10:07:22
588,2026-09-30 21:00:00,LOC-JKT-01,25.33,0,0,TrafficModel-Historical,2026-10-06 10:07:22
589,2026-09-30 22:00:00,LOC-JKT-01,16.69,0,0,TrafficModel-Historical,2026-10-06 10:07:22
590,2026-09-30 23:00:00,LOC-JKT-01,25.23,0,0,TrafficModel-Historical,2026-10-06 10:07:22
591,2026-10-01 00:00:00,LOC-JKT-01,87.23,0,0,TrafficModel-Historical,2026-10-06 10:07:22
592,2026-10-01 01:00:00,LOC-JKT-01,81.3,0,0,TrafficModel-Historical,2026-10-06 10:07:22
593,2026-10-01 02:00:00,LOC-JKT-01,89.4,0,0,TrafficModel-Historical,2026-10-06 10:07:22
594,2026-10-01 03:00:00,LOC-JKT-01,62.57,0,0,TrafficModel-Historical,2026-10-06 10:07:22
595,2026-10-01 04:00:00,LOC-JKT-01,49.65,0,0,TrafficModel-Historical,2026-10-06 10:07:22
596,2026-10-01 05:00:00,LOC-JKT-01,47.57,0,0,TrafficModel-Historical,2026-10-06 10:07:22
597,2026-10-01 06:00:00,LOC-JKT-01,52.29,0,0,TrafficModel-Historical,2026-10-06 10:07:22
598,2026-10-01 07:00:00,LOC-JKT-01,56.69,0,0,TrafficModel-Historical,2026-10-06 10:07:22
599,2026-10-01 08:00:00,LOC-JKT-01,53.79,0,0,TrafficModel-Historical,2026-10-06 10:07:22
600,2026-10-01 09:00:00,LOC-JKT-01,65.9,0,0,TrafficModel-Historical,2026-10-06 10:07:22
601,2026-10-01 10:00:00,LOC-JKT-01,85.81,0,0,TrafficModel-Historical,2026-10-06 10:07:22
602,2026-10-01 11:00:00,LOC-JKT-01,85.21,0,0,TrafficModel-Historical,2026-10-06 10:07:22
603,2026-10-01 12:00:00,LOC-JKT-01,88.46,0,0,TrafficModel-Historical,2026-10-06 10:07:22
604,2026-10-01 13:00:00,LOC-JKT-01,19.3,0,0,TrafficModel-Historical,2026-10-06 10:07:22
605,2026-10-01 14:00:00,LOC-JKT-01,19.38,0,0,TrafficModel-Historical,2026-10-06 10:07:22
606,2026-10-01 15:00:00,LOC-JKT-01,17.36,0,0,TrafficModel-Historical,2026-10-06 10:07:22
607,2026-10-01 16:00:00,LOC-JKT-01,17.48,0,0,TrafficModel-Historical,2026-10-06 10:07:22
608,2026-10-01 17:00:00,LOC-JKT-01,18.52,0,0,TrafficModel-Historical,2026-10-06 10:07:22
609,2026-10-01 18:00:00,LOC-JKT-01,20.11,0,0,TrafficModel-Historical,2026-10-06 10:07:22
610,2026-10-01 19:00:00,LOC-JKT-01,14.82,0,0,TrafficModel-Historical,2026-10-06 10:07:22
611,2026-10-01 20:00:00,LOC-JKT-01,20.98,0,0,TrafficModel-Historical,2026-10-06 10:07:22
612,2026-10-01 21:00:00,LOC-JKT-01,18.15,0,0,TrafficModel-Historical,2026-10-06 10:07:22
613,2026-10-01 22:00:00,LOC-JKT-01,12.94,0,0,TrafficModel-Historical,2026-10-06 10:07:22
614,2026-10-01 23:00:00,LOC-JKT-01,21.6,0,0,TrafficModel-Historical,2026-10-06 10:07:22
615,2026-10-02 00:00:00,LOC-JKT-01,82.2,0,0,TrafficModel-Historical,2026-10-06 10:07:22
616,2026-10-02 01:00:00,LOC-JKT-01,80.16,0,0,TrafficModel-Historical,2026-10-06 10:07:22
617,2026-10-02 02:00:00,LOC-JKT-01,85.54,0,0,TrafficModel-Historical,2026-10-06 10:07:22
618,2026-10-02 03:00:00,LOC-JKT-01,57.11,0,0,TrafficModel-Historical,2026-10-06 10:07:22
619,2026-10-02 04:00:00,LOC-JKT-01,55.24,0,0,TrafficModel-Historical,2026-10-06 10:07:22
620,2026-10-02 05:00:00,LOC-JKT-01,57.28,0,0,TrafficModel-Historical,2026-10-06 10:07:22
621,2026-10-02 06:00:00,LOC-JKT-01,52.48,0,0,TrafficModel-Historical,2026-10-06 10:07:22
622,2026-10-02 07:00:00,LOC-JKT-01,49.45,0,0,TrafficModel-Historical,2026-10-06 10:07:22
623,2026-10-02 08:00:00,LOC-JKT-01,52.83,0,0,TrafficModel-Historical,2026-10-06 10:07:22
624,2026-10-02 09:00:00,LOC-JKT-01,65.6,0,0,TrafficModel-Historical,2026-10-06 10:07:22
625,2026-10-02 10:00:00,LOC-JKT-01,87.31,0,0,TrafficModel-Historical,2026-10-06 10:07:22
626,2026-10-02 11:00:00,LOC-JKT-01,89.2,0,0,TrafficModel-Historical,2026-10-06 10:07:22
627,2026-10-02 12:00:00,LOC-JKT-01,90.02,0,0,TrafficModel-Historical,2026-10-06 10:07:22
628,2026-10-02 13:00:00,LOC-JKT-01,15.2,0,0,TrafficModel-Historical,2026-10-06 10:07:22
629,2026-10-02 14:00:00,LOC-JKT-01,15.66,0,0,TrafficModel-Historical,2026-10-06 10:07:22
630,2026-10-02 15:00:00,LOC-JKT-01,20.8,0,0,TrafficModel-Historical,2026-10-06 10:07:22
631,2026-10-02 16:00:00,LOC-JKT-01,23.69,0,0,TrafficModel-Historical,2026-10-06 10:07:22
632,2026-10-02 17:00:00,LOC-JKT-01,16.22,0,0,TrafficModel-Historical,2026-10-06 10:07:22
633,2026-10-02 18:00:00,LOC-JKT-01,22.04,0,0,TrafficModel-Historical,2026-10-06 10:07:22
634,2026-10-02 19:00:00,LOC-JKT-01,22.88,0,0,TrafficModel-Historical,2026-10-06 10:07:22
635,2026-10-02 20:00:00,LOC-JKT-01,15.77,0,0,TrafficModel-Historical,2026-10-06 10:07:22
636,2026-10-02 21:00:00,LOC-JKT-01,18.88,0,0,TrafficModel-Historical,2026-10-06 10:07:22
637,2026-10-02 22:00:00,LOC-JKT-01,16.63,0,0,TrafficModel-Historical,2026-10-06 10:07:22
638,2026-10-02 23:00:00,LOC-JKT-01,21.23,0,0,TrafficModel-Historical,2026-10-06 10:07:22
639,2026-10-03 00:00:00,LOC-JKT-01,29.1,1,0,TrafficModel-Historical,2026-10-06 10:07:22
640,2026-10-03 01:00:00,LOC-JKT-01,39.56,1,0,TrafficModel-Historical,2026-10-06 10:07:22
641,2026-10-03 02:00:00,LOC-JKT-01,42.95,1,0,TrafficModel-Historical,2026-10-06 10:07:22
642,2026-10-03 03:00:00,LOC-JKT-01,48.67,1,0,TrafficModel-Historical,2026-10-06 10:07:22
643,2026-10-03 04:00:00,LOC-JKT-01,59.16,1,0,TrafficModel-Historical,2026-10-06 10:07:22
644,2026-10-03 05:00:00,LOC-JKT-01,58.67,1,0,TrafficModel-Historical,2026-10-06 10:07:22
645,2026-10-03 06:00:00,LOC-JKT-01,60.16,1,0,TrafficModel-Historical,2026-10-06 10:07:22
646,2026-10-03 07:00:00,LOC-JKT-01,65.95,1,0,TrafficModel-Historical,2026-10-06 10:07:22
647,2026-10-03 08:00:00,LOC-JKT-01,70.18,1,0,TrafficModel-Historical,2026-10-06 10:07:22
648,2026-10-03 09:00:00,LOC-JKT-01,58.47,1,0,TrafficModel-Historical,2026-10-06 10:07:22
649,2026-10-03 10:00:00,LOC-JKT-01,62.72,1,0,TrafficModel-Historical,2026-10-06 10:07:22
650,2026-10-03 11:00:00,LOC-JKT-01,57.55,1,0,TrafficModel-Historical,2026-10-06 10:07:22
651,2026-10-03 12:00:00,LOC-JKT-01,55.57,1,0,TrafficModel-Historical,2026-10-06 10:07:22
652,2026-10-03 13:00:00,LOC-JKT-01,55.07,1,0,TrafficModel-Historical,2026-10-06 10:07:22
653,2026-10-03 14:00:00,LOC-JKT-01,47.66,1,0,TrafficModel-Historical,2026-10-06 10:07:22
654,2026-10-03 15:00:00,LOC-JKT-01,40.08,1,0,TrafficModel-Historical,2026-10-06 10:07:22
655,2026-10-03 16:00:00,LOC-JKT-01,40.66,1,0,TrafficModel-Historical,2026-10-06 10:07:22
656,2026-10-03 17:00:00,LOC-JKT-01,5.25,1,0,TrafficModel-Historical,2026-10-06 10:07:22
657,2026-10-03 18:00:00,LOC-JKT-01,6.94,1,0,TrafficModel-Historical,2026-10-06 10:07:22
658,2026-10-03 19:00:00,LOC-JKT-01,9.11,1,0,TrafficModel-Historical,2026-10-06 10:07:22
659,2026-10-03 20:00:00,LOC-JKT-01,16.35,1,0,TrafficModel-Historical,2026-10-06 10:07:23
660,2026-10-03 21:00:00,LOC-JKT-01,20.14,1,0,TrafficModel-Historical,2026-10-06 10:07:23
661,2026-10-03 22:00:00,LOC-JKT-01,20.46,1,0,TrafficModel-Historical,2026-10-06 10:07:23
662,2026-10-03 23:00:00,LOC-JKT-01,33.33,1,0,TrafficModel-Historical,2026-10-06 10:07:23
663,2026-10-04 00:00:00,LOC-JKT-01,34.38,1,0,TrafficModel-Historical,2026-10-06 10:07:23
664,2026-10-04 01:00:00,LOC-JKT-01,44.31,1,0,TrafficModel-Historical,2026-10-06 10:07:23
665,2026-10-04 02:00:00,LOC-JKT-01,48.46,1,0,TrafficModel-Historical,2026-10-06 10:07:23
666,2026-10-04 03:00:00,LOC-JKT-01,55.0,1,0,TrafficModel-Historical,2026-10-06 10:07:23
667,2026-10-04 04:00:00,LOC-JKT-01,55.6,1,0,TrafficModel-Historical,2026-10-06 10:07:23
668,2026-10-04 05:00:00,LOC-JKT-01,62.24,1,0,TrafficModel-Historical,2026-10-06 10:07:23
669,2026-10-04 06:00:00,LOC-JKT-01,65.3,1,0,TrafficModel-Historical,2026-10-06 10:07:23
670,2026-10-04 07:00:00,LOC-JKT-01,65.51,1,0,TrafficModel-Historical,2026-10-06 10:07:23
671,2026-10-04 08:00:00,LOC-JKT-01,62.94,1,0,TrafficModel-Historical,2026-10-06 10:07:23
672,2026-10-04 09:00:00,LOC-JKT-01,62.08,1,0,TrafficModel-Historical,2026-10-06 10:07:23
673,2026-10-04 10:00:00,LOC-JKT-01,57.82,1,0,TrafficModel-Historical,2026-10-06 10:07:23
674,2026-10-04 11:00:00,LOC-JKT-01,61.69,1,0,TrafficModel-Historical,2026-10-06 10:07:23
675,2026-10-04 12:00:00,LOC-JKT-01,52.8,1,0,TrafficModel-Historical,2026-10-06 10:07:23
676,2026-10-04 13:00:00,LOC-JKT-01,52.13,1,0,TrafficModel-Historical,2026-10-06 10:07:23
677,2026-10-04 14:00:00,LOC-JKT-01,40.43,1,0,TrafficModel-Historical,2026-10-06 10:07:23
678,2026-10-04 15:00:00,LOC-JKT-01,37.36,1,0,TrafficModel-Historical,2026-10-06 10:07:23
679,2026-10-04 16:00:00,LOC-JKT-01,33.72,1,0,TrafficModel-Historical,2026-10-06 10:07:23
680,2026-10-04 17:00:00,LOC-JKT-01,5.24,1,0,TrafficModel-Historical,2026-10-06 10:07:23
681,2026-10-04 18:00:00,LOC-JKT-01,9.16,1,0,TrafficModel-Historical,2026-10-06 10:07:23
682,2026-10-04 19:00:00,LOC-JKT-01,15.56,1,0,TrafficModel-Historical,2026-10-06 10:07:23
683,2026-10-04 20:00:00,LOC-JKT-01,17.95,1,0,TrafficModel-Historical,2026-10-06 10:07:23
684,2026-10-04 21:00:00,LOC-JKT-01,19.55,1,0,TrafficModel-Historical,2026-10-06 10:07:23
685,2026-10-04 22:00:00,LOC-JKT-01,23.66,1,0,TrafficModel-Historical,2026-10-06 10:07:23
686,2026-10-04 23:00:00,LOC-JKT-01,25.2,1,0,TrafficModel-Historical,2026-10-06 10:07:23
687,2026-10-05 00:00:00,LOC-JKT-01,82.78,0,0,TrafficModel-Historical,2026-10-06 10:07:23
688,2026-10-05 01:00:00,LOC-JKT-01,84.94,0,0,TrafficModel-Historical,2026-10-06 10:07:23
689,2026-10-05 02:00:00,LOC-JKT-01,86.6,0,0,TrafficModel-Historical,2026-10-06 10:07:23
690,2026-10-05 03:00:00,LOC-JKT-01,58.62,0,0,TrafficModel-Historical,2026-10-06 10:07:23
691,2026-10-05 04:00:00,LOC-JKT-01,52.05,0,0,TrafficModel-Historical,2026-10-06 10:07:23
692,2026-10-05 05:00:00,LOC-JKT-01,54.88,0,0,TrafficModel-Historical,2026-10-06 10:07:23
693,2026-10-05 06:00:00,LOC-JKT-01,48.34,0,0,TrafficModel-Historical,2026-10-06 10:07:23
694,2026-10-05 07:00:00,LOC-JKT-01,56.62,0,0,TrafficModel-Historical,2026-10-06 10:07:23
695,2026-10-05 08:00:00,LOC-JKT-01,53.78,0,0,TrafficModel-Historical,2026-10-06 10:07:23
696,2026-10-05 09:00:00,LOC-JKT-01,50.83,0,0,TrafficModel-Historical,2026-10-06 10:07:23
697,2026-10-05 10:00:00,LOC-JKT-01,89.7,0,0,TrafficModel-Historical,2026-10-06 10:07:23
698,2026-10-05 11:00:00,LOC-JKT-01,89.4,0,0,TrafficModel-Historical,2026-10-06 10:07:23
699,2026-10-05 12:00:00,LOC-JKT-01,89.67,0,0,TrafficModel-Historical,2026-10-06 10:07:23
700,2026-10-05 13:00:00,LOC-JKT-01,19.4,0,0,TrafficModel-Historical,2026-10-06 10:07:23
701,2026-10-05 14:00:00,LOC-JKT-01,20.77,0,0,TrafficModel-Historical,2026-10-06 10:07:23
702,2026-10-05 15:00:00,LOC-JKT-01,9.91,0,0,TrafficModel-Historical,2026-10-06 10:07:23
703,2026-10-05 16:00:00,LOC-JKT-01,15.31,0,0,TrafficModel-Historical,2026-10-06 10:07:23
704,2026-10-05 17:00:00,LOC-JKT-01,20.67,0,0,TrafficModel-Historical,2026-10-06 10:07:23
705,2026-10-05 18:00:00,LOC-JKT-01,23.5,0,0,TrafficModel-Historical,2026-10-06 10:07:23
706,2026-10-05 19:00:00,LOC-JKT-01,15.51,0,0,TrafficModel-Historical,2026-10-06 10:07:23
707,2026-10-05 20:00:00,LOC-JKT-01,16.89,0,0,TrafficModel-Historical,2026-10-06 10:07:23
708,2026-10-05 21:00:00,LOC-JKT-01,19.55,0,0,TrafficModel-Historical,2026-10-06 10:07:23
709,2026-10-05 22:00:00,LOC-JKT-01,25.74,0,0,TrafficModel-Historical,2026-10-06 10:07:23
710,2026-10-05 23:00:00,LOC-JKT-01,21.79,0,0,TrafficModel-Historical,2026-10-06 10:07:23
711,2026-10-06 00:00:00,LOC-JKT-01,88.24,0,0,TrafficModel-Historical,2026-10-06 10:07:23
712,2026-10-06 01:00:00,LOC-JKT-01,83.51,0,0,TrafficModel-Historical,2026-10-06 10:07:23
713,2026-10-06 02:00:00,LOC-JKT-01,81.39,0,0,TrafficModel-Historical,2026-10-06 10:07:23
714,2026-10-06 03:00:00,LOC-JKT-01,53.78,0,0,TrafficModel-Historical,2026-10-06 10:07:23
715,2026-10-06 04:00:00,LOC-JKT-01,56.32,0,0,TrafficModel-Historical,2026-10-06 10:07:23
716,2026-10-06 05:00:00,LOC-JKT-01,42.38,0,0,TrafficModel-Historical,2026-10-06 10:07:23
717,2026-10-06 06:00:00,LOC-JKT-01,55.29,0,0,TrafficModel-Historical,2026-10-06 10:07:23
718,2026-10-06 07:00:00,LOC-JKT-01,57.4,0,0,TrafficModel-Historical,2026-10-06 10:07:23
719,2026-10-06 08:00:00,LOC-JKT-01,55.55,0,0,TrafficModel-Historical,2026-10-06 10:07:23
720,2026-10-06 09:00:00,LOC-JKT-01,53.1,0,0,TrafficModel-Historical,2026-10-06 10:07:23
721,2026-10-06 10:00:00,LOC-JKT-01,84.14,0,0,TrafficModel-Historical,2026-10-06 10:07:23
