id,recorded_at,location_id,location_name,pm25_raw,pm10_raw,source_api,created_at
1,2026-09-06 10:00:00,LOC-JKT-01,Stasiun Jakarta Pusat,50.79,81.9,OpenAQ-Historical,2026-10-06 10:05:30
2,2026-09-06 11:00:00,LOC-JKT-01,Stasiun Jakarta Pusat,51.24,75.23,OpenAQ-Historical,2026-10-06 10:05:30
3,2026-09-06 12:00:00,LOC-JKT-01,Stasiun Jakarta Pusat,31.69,50.23,OpenAQ-Historical,2026-10-06 10:05:30
4,2026-09-06 13:00:00,LOC-JKT-01,Stasiun Jakarta Pusat,32.86,49.27,OpenAQ-Historical,2026-10-06 10:05:30
5,2026-09-06 14:00:00,LOC-JKT-01,Stasiun Jakarta Pusat,29.28,41.53,OpenAQ-Historical,2026-10-06 10:05:30
6,2026-09-06 15:00:00,LOC-JKT-01,Stasiun Jakarta Pusat,41.35,67.88,OpenAQ-Historical,2026-10-06 10:05:30
7,2026-09-06 16:00:00,LOC-JKT-01,Stasiun Jakarta Pusat,30.31,45.4,OpenAQ-Historical,2026-10-06 10:05:30
8,2026-09-06 17:00:00,LOC-JKT-01,Stasiun Jakarta Pusat,40.97,62.9,OpenAQ-Historical,2026-10-06 10:05:30
9,2026-09-06 18:00:00,LOC-JKT-01,Stasiun Jakarta Pusat,29.36,46.0,OpenAQ-Historical,2026-10-06 10:05:30
10,2026-09-06 19:00:00,LOC-JKT-01,Stasiun Jakarta Pusat,29.56,45.91,OpenAQ-Historical,2026-10-06 10:05:30
11,2026-09-06 20:00:00,LOC-JKT-01,Stasiun Jakarta Pusat,32.6,48.55,OpenAQ-Historical,2026-10-06 10:05:30
12,2026-09-06 21:00:00,LOC-JKT-01,Stasiun Jakarta Pusat,35.64,55.7,OpenAQ-Historical,2026-10-06 10:05:30
13,2026-09-06 22:00:00,LOC-JKT-01,Stasiun Jakarta Pusat,32.76,51.61,OpenAQ-Historical,2026-10-06 10:05:30
14,2026-09-06 23:00:00,LOC-JKT-01,Stasiun Jakarta Pusat,36.85,53.53,OpenAQ-Historical,2026-10-06 10:05:30
15,2026-09-07 00:00:00,LOC-JKT-01,Stasiun Jakarta Pusat,43.26,67.25,OpenAQ-Historical,2026-10-06 10:05:30
16,2026-09-07 01:00:00,LOC-JKT-01,Stasiun Jakarta Pusat,46.81,70.46,OpenAQ-Historical,2026-10-06 10:05:30
17,2026-09-07 02:00:00,LOC-JKT-01,Stasiun Jakarta Pusat,29.13,43.72,OpenAQ-Historical,2026-10-06 10:05:30
18,2026-09-07 03:00:00,LOC-JKT-01,Stasiun Jakarta Pusat,40.84,61.04,OpenAQ-Historical,2026-10-06 10:05:30
19,2026-09-07 04:00:00,LOC-JKT-01,Stasiun Jakarta Pusat,33.49,53.59,OpenAQ-Historical,2026-10-06 10:05:30
20,2026-09-07 05:00:00,LOC-JKT-01,Stasiun Jakarta Pusat,40.19,57.98,OpenAQ-Historical,2026-10-06 10:05:30
21,2026-09-07 06:00:00,LOC-JKT-01,Stasiun Jakarta Pusat,33.42,54.89,OpenAQ-Historical,2026-10-06 10:05:30
22,2026-09-07 07:00:00,LOC-JKT-01,Stasiun Jakarta Pusat,29.15,44.29,OpenAQ-Historical,2026-10-06 10:05:30
23,2026-09-07 08:00:00,LOC-JKT-01,Stasiun Jakarta Pusat,22.8,35.24,OpenAQ-Historical,2026-10-06 10:05:30
24,2026-09-07 09:00:00,LOC-JKT-01,Stasiun Jakarta Pusat,37.0,56.63,OpenAQ-Historical,2026-10-06 10:05:30
25,2026-09-07 10:00:00,LOC-JKT-01,Stasiun Jakarta Pusat,58.87,92.87,OpenAQ-Historical,2026-10-06 10:05:30
26,2026-09-07 11:00:00,LOC-JKT-01,Stasiun Jakarta Pusat,46.6,71.38,OpenAQ-Historical,2026-10-06 10:05:30
27,2026-09-07 12:00:00,LOC-JKT-01,Stasiun Jakarta Pusat,33.3,51.62,OpenAQ-Historical,2026-10-06 10:05:30
28,2026-09-07 13:00:00,LOC-JKT-01,Stasiun Jakarta Pusat,35.26,52.89,OpenAQ-Historical,2026-10-06 10:05:30
29,2026-09-07 14:00:00,LOC-JKT-01,Stasiun Jakarta Pusat,31.28,47.32,OpenAQ-Historical,2026-10-06 10:05:30
30,2026-09-07 15:00:00,LOC-JKT-01,Stasiun Jakarta Pusat,37.04,58.33,OpenAQ-Historical,2026-10-06 10:05:30
31,2026-09-07 16:00:00,LOC-JKT-01,Stasiun Jakarta Pusat,30.26,44.45,OpenAQ-Historical,2026-10-06 10:05:30
32,2026-09-07 17:00:00,LOC-JKT-01,Stasiun Jakarta Pusat,30.63,47.85,OpenAQ-Historical,2026-10-06 10:05:30
33,2026-09-07 18:00:00,LOC-JKT-01,Stasiun Jakarta Pusat,32.04,49.34,OpenAQ-Historical,2026-10-06 10:05:30
34,2026-09-07 19:00:00,LOC-JKT-01,Stasiun Jakarta Pusat,25.76,37.04,OpenAQ-Historical,2026-10-06 10:05:31
35,2026-09-07 20:00:00,LOC-JKT-01,Stasiun Jakarta Pusat,29.22,44.5,OpenAQ-Historical,2026-10-06 10:05:31
36,2026-09-07 21:00:00,LOC-JKT-01,Stasiun Jakarta Pusat,35.24,54.0,OpenAQ-Historical,2026-10-06 10:05:31
37,2026-09-07 22:00:00,LOC-JKT-01,Stasiun Jakarta Pusat,41.06,61.48,OpenAQ-Historical,2026-10-06 10:05:31
38,2026-09-07 23:00:00,LOC-JKT-01,Stasiun Jakarta Pusat,28.87,41.66,OpenAQ-Historical,2026-10-06 10:05:31
39,2026-09-08 00:00:00,LOC-JKT-01,Stasiun Jakarta Pusat,52.71,78.69,OpenAQ-Historical,2026-10-06 10:05:31
40,2026-09-08 01:00:00,LOC-JKT-01,Stasiun Jakarta Pusat,47.55,76.22,OpenAQ-Historical,2026-10-06 10:05:31
41,2026-09-08 02:00:00,LOC-JKT-01,Stasiun Jakarta Pusat,37.33,57.89,OpenAQ-Historical,2026-10-06 10:05:31
42,2026-09-08 03:00:00,LOC-JKT-01,Stasiun Jakarta Pusat,38.42,62.12,OpenAQ-Historical,2026-10-06 10:05:31
43,2026-09-08 04:00:00,LOC-JKT-01,Stasiun Jakarta Pusat,34.04,50.82,OpenAQ-Historical,2026-10-06 10:05:31
44,2026-09-08 05:00:00,LOC-JKT-01,Stasiun Jakarta Pusat,34.55,50.97,OpenAQ-Historical,2026-10-06 10:05:31
45,2026-09-08 06:00:00,LOC-JKT-01,Stasiun Jakarta Pusat,28.31,39.73,OpenAQ-Historical,2026-10-06 10:05:31
46,2026-09-08 07:00:00,LOC-JKT-01,Stasiun Jakarta Pusat,30.15,43.84,OpenAQ-Historical,2026-10-06 10:05:31
47,2026-09-08 08:00:00,LOC-JKT-01,Stasiun Jakarta Pusat,37.06,56.56,OpenAQ-Historical,2026-10-06 10:05:31
48,2026-09-08 09:00:00,LOC-JKT-01,Stasiun Jakarta Pusat,39.63,57.55,OpenAQ-Historical,2026-10-06 10:05:31
49,2026-09-08 10:00:00,LOC-JKT-01,Stasiun Jakarta Pusat,48.61,74.8,OpenAQ-Historical,2026-10-06 10:05:31
50,2026-09-08 11:00:00,LOC-JKT-01,Stasiun Jakarta Pusat,52.93,80.53,OpenAQ-Historical,2026-10-06 10:05:31
51,2026-09-08 12:00:00,LOC-JKT-01,Stasiun Jakarta Pusat,32.75,49.35,OpenAQ-Historical,2026-10-06 10:05:31
52,2026-09-08 13:00:00,LOC-JKT-01,Stasiun Jakarta Pusat,34.51,56.48,OpenAQ-Historical,2026-10-06 10:05:31
53,2026-09-08 14:00:00,LOC-JKT-01,Stasiun Jakarta Pusat,29.12,47.72,OpenAQ-Historical,2026-10-06 10:05:31
54,2026-09-08 15:00:00,LOC-JKT-01,Stasiun Jakarta Pusat,32.69,49.93,OpenAQ-Historical,2026-10-06 10:05:31
55,2026-09-08 16:00:00,LOC-JKT-01,Stasiun Jakarta Pusat,34.29,51.54,OpenAQ-Historical,2026-10-06 10:05:31
56,2026-09-08 17:00:00,LOC-JKT-01,Stasiun Jakarta Pusat,29.68,44.9,OpenAQ-Historical,2026-10-06 10:05:31
57,2026-09-08 18:00:00,LOC-JKT-01,Stasiun Jakarta Pusat,32.85,51.19,OpenAQ-Historical,2026-10-06 10:05:31
58,2026-09-08 19:00:00,LOC-JKT-01,Stasiun Jakarta Pusat,28.65,47.9,OpenAQ-Historical,2026-10-06 10:05:31
59,2026-09-08 20:00:00,LOC-JKT-01,Stasiun Jakarta Pusat,29.83,48.21,OpenAQ-Historical,2026-10-06 10:05:31
60,2026-09-08 21:00:00,LOC-JKT-01,Stasiun Jakarta Pusat,34.06,49.72,OpenAQ-Historical,2026-10-06 10:05:31
61,2026-09-08 22:00:00,LOC-JKT-01,Stasiun Jakarta Pusat,40.85,66.44,OpenAQ-Historical,2026-10-06 10:05:31
62,2026-09-08 23:00:00,LOC-JKT-01,Stasiun Jakarta Pusat,27.42,43.93,OpenAQ-Historical,2026-10-06 10:05:31
63,2026-09-09 00:00:00,LOC-JKT-01,Stasiun Jakarta Pusat,47.53,73.03,OpenAQ-Historical,2026-10-06 10:05:31
64,2026-09-09 01:00:00,LOC-JKT-01,Stasiun Jakarta Pusat,54.62,85.39,OpenAQ-Historical,2026-10-06 10:05:31
65,2026-09-09 02:00:00,LOC-JKT-01,Stasiun Jakarta Pusat,27.36,40.86,OpenAQ-Historical,2026-10-06 10:05:31
66,2026-09-09 03:00:00,LOC-JKT-01,Stasiun Jakarta Pusat,38.12,62.55,OpenAQ-Historical,2026-10-06 10:05:31
67,2026-09-09 04:00:00,LOC-JKT-01,Stasiun Jakarta Pusat,39.5,58.44,OpenAQ-Historical,2026-10-06 10:05:31
68,2026-09-09 05:00:00,LOC-JKT-01,Stasiun Jakarta Pusat,32.77,51.8,OpenAQ-Historical,2026-10-06 10:05:31
69,2026-09-09 06:00:00,LOC-JKT-01,Stasiun Jakarta Pusat,26.63,44.54,OpenAQ-Historical,2026-10-06 10:05:31
70,2026-09-09 07:00:00,LOC-JKT-01,Stasiun Jakarta Pusat,30.53,46.67,OpenAQ-Historical,2026-10-06 10:05:31
71,2026-09-09 08:00:00,LOC-JKT-01,Stasiun Jakarta Pusat,36.66,57.01,OpenAQ-Historical,2026-10-06 10:05:31
72,2026-09-09 09:00:00,LOC-JKT-01,Stasiun Jakarta Pusat,28.4,43.63,OpenAQ-Historical,2026-10-06 10:05:31
73,2026-09-09 10:00:00,LOC-JKT-01,Stasiun Jakarta Pusat,52.85,85.19,OpenAQ-Historical,2026-10-06 10:05:31
74,2026-09-09 11:00:00,LOC-JKT-01,Stasiun Jakarta Pusat,56.99,89.51,OpenAQ-Historical,2026-10-06 10:05:31
75,2026-09-09 12:00:00,LOC-JKT-01,Stasiun Jakarta Pusat,27.12,41.57,OpenAQ-Historical,2026-10-06 10:05:31
76,2026-09-09 13:00:00,LOC-JKT-01,Stasiun Jakarta Pusat,39.47,59.21,OpenAQ-Historical,2026-10-06 10:05:31
77,2026-09-09 14:00:00,LOC-JKT-01,Stasiun Jakarta Pusat,31.01,45.85,OpenAQ-Historical,2026-10-06 10:05:31
78,2026-09-09 15:00:00,LOC-JKT-01,Stasiun Jakarta Pusat,36.37,56.0,OpenAQ-Historical,2026-10-06 10:05:31
79,2026-09-09 16:00:00,LOC-JKT-01,Stasiun Jakarta Pusat,30.08,49.21,OpenAQ-Historical,2026-10-06 10:05:31
80,2026-09-09 17:00:00,LOC-JKT-01,Stasiun Jakarta Pusat,28.47,43.59,OpenAQ-Historical,2026-10-06 10:05:31
81,2026-09-09 18:00:00,LOC-JKT-01,Stasiun Jakarta Pusat,36.66,59.02,OpenAQ-Historical,2026-10-06 10:05:31
82,2026-09-09 19:00:00,LOC-JKT-01,Stasiun Jakarta Pusat,34.46,51.86,OpenAQ-Historical,2026-10-06 10:05:31
83,2026-09-09 20:00:00,LOC-JKT-01,Stasiun Jakarta Pusat,33.36,53.93,OpenAQ-Historical,2026-10-06 10:05:31
84,2026-09-09 21:00:00,LOC-JKT-01,Stasiun Jakarta Pusat,30.75,48.37,OpenAQ-Historical,2026-10-06 10:05:31
85,2026-09-09 22:00:00,LOC-JKT-01,Stasiun Jakarta Pusat,30.14,43.76,OpenAQ-Historical,2026-10-06 10:05:31
86,2026-09-09 23:00:00,LOC-JKT-01,Stasiun Jakarta Pusat,28.42,46.03,OpenAQ-Historical,2026-10-06 10:05:31
87,2026-09-10 00:00:00,LOC-JKT-01,Stasiun Jakarta Pusat,43.75,66.83,OpenAQ-Historical,2026-10-06 10:05:31
88,2026-09-10 01:00:00,LOC-JKT-01,Stasiun Jakarta Pusat,47.93,76.27,OpenAQ-Historical,2026-10-06 10:05:31
89,2026-09-10 02:00:00,LOC-JKT-01,Stasiun Jakarta Pusat,34.5,50.87,OpenAQ-Historical,2026-10-06 10:05:31
90,2026-09-10 03:00:00,LOC-JKT-01,Stasiun Jakarta Pusat,32.2,46.73,OpenAQ-Historical,2026-10-06 10:05:31
91,2026-09-10 04:00:00,LOC-JKT-01,Stasiun Jakarta Pusat,30.85,48.24,OpenAQ-Historical,2026-10-06 10:05:31
92,2026-09-10 05:00:00,LOC-JKT-01,Stasiun Jakarta Pusat,37.38,60.71,OpenAQ-Historical,2026-10-06 10:05:31
93,2026-09-10 06:00:00,LOC-JKT-01,Stasiun Jakarta Pusat,30.61,46.89,OpenAQ-Historical,2026-10-06 10:05:31
94,2026-09-10 07:00:00,LOC-JKT-01,Stasiun Jakarta Pusat,31.1,49.51,OpenAQ-Historical,2026-10-06 10:05:31
95,2026-09-10 08:00:00,LOC-JKT-01,Stasiun Jakarta Pusat,32.03,51.65,OpenAQ-Historical,2026-10-06 10:05:31
96,2026-09-10 09:00:00,LOC-JKT-01,Stasiun Jakarta Pusat,25.17,39.89,OpenAQ-Historical,2026-10-06 10:05:31
97,2026-09-10 10:00:00,LOC-JKT-01,Stasiun Jakarta Pusat,47.57,76.63,OpenAQ-Historical,2026-10-06 10:05:31
98,2026-09-10 11:00:00,LOC-JKT-01,Stasiun Jakarta Pusat,48.82,77.52,OpenAQ-Historical,2026-10-06 10:05:31
99,2026-09-10 12:00:00,LOC-JKT-01,Stasiun Jakarta Pusat,27.54,43.63,OpenAQ-Historical,2026-10-06 10:05:31
100,2026-09-10 13:00:00,LOC-JKT-01,Stasiun Jakarta Pusat,28.29,44.21,OpenAQ-Historical,2026-10-06 10:05:31
101,2026-09-10 14:00:00,LOC-JKT-01,Stasiun Jakarta Pusat,39.04,61.54,OpenAQ-Historical,2026-10-06 10:05:31
102,2026-09-10 15:00:00,LOC-JKT-01,Stasiun Jakarta Pusat,22.88,37.44,OpenAQ-Historical,2026-10-06 10:05:31
103,2026-09-10 16:00:00,LOC-JKT-01,Stasiun Jakarta Pusat,31.66,52.77,OpenAQ-Historical,2026-10-06 10:05:31
104,2026-09-10 17:00:00,LOC-JKT-01,Stasiun Jakarta Pusat,30.6,45.59,OpenAQ-Historical,2026-10-06 10:05:31
105,2026-09-10 18:00:00,LOC-JKT-01,Stasiun Jakarta Pusat,36.76,56.11,OpenAQ-Historical,2026-10-06 10:05:31
106,2026-09-10 19:00:00,LOC-JKT-01,Stasiun Jakarta Pusat,37.71,61.38,OpenAQ-Historical,2026-10-06 10:05:31
107,2026-09-10 20:00:00,LOC-JKT-01,Stasiun Jakarta Pusat,28.59,41.93,OpenAQ-Historical,2026-10-06 10:05:31
108,2026-09-10 21:00:00,LOC-JKT-01,Stasiun Jakarta Pusat,34.85,55.47,OpenAQ-Historical,2026-10-06 10:05:31
109,2026-09-10 22:00:00,LOC-JKT-01,Stasiun Jakarta Pusat,28.26,43.9,OpenAQ-Historical,2026-10-06 10:05:31
110,2026-09-10 23:00:00,LOC-JKT-01,Stasiun Jakarta Pusat,29.3,43.63,OpenAQ-Historical,2026-10-06 10:05:31
111,2026-09-11 00:00:00,LOC-JKT-01,Stasiun Jakarta Pusat,46.31,75.07,OpenAQ-Historical,2026-10-06 10:05:31
112,2026-09-11 01:00:00,LOC-JKT-01,Stasiun Jakarta Pusat,51.32,79.12,OpenAQ-Historical,2026-10-06 10:05:31
113,2026-09-11 02:00:00,LOC-JKT-01,Stasiun Jakarta Pusat,39.8,57.11,OpenAQ-Historical,2026-10-06 10:05:31
114,2026-09-11 03:00:00,LOC-JKT-01,Stasiun Jakarta Pusat,31.26,49.21,OpenAQ-Historical,2026-10-06 10:05:31
115,2026-09-11 04:00:00,LOC-JKT-01,Stasiun Jakarta Pusat,30.73,47.4,OpenAQ-Historical,2026-10-06 10:05:31
116,2026-09-11 05:00:00,LOC-JKT-01,Stasiun Jakarta Pusat,37.31,59.29,OpenAQ-Historical,2026-10-06 10:05:31
117,2026-09-11 06:00:00,LOC-JKT-01,Stasiun Jakarta Pusat,37.72,57.61,OpenAQ-Historical,2026-10-06 10:05:31
118,2026-09-11 07:00:00,LOC-JKT-01,Stasiun Jakarta Pusat,39.36,61.74,OpenAQ-Historical,2026-10-06 10:05:31
119,2026-09-11 08:00:00,LOC-JKT-01,Stasiun Jakarta Pusat,37.46,57.88,OpenAQ-Historical,2026-10-06 10:05:31
120,2026-09-11 09:00:00,LOC-JKT-01,Stasiun Jakarta Pusat,37.56,58.87,OpenAQ-Historical,2026-10-06 10:05:31
121,2026-09-11 10:00:00,LOC-JKT-01,Stasiun Jakarta Pusat,52.93,82.51,OpenAQ-Historical,2026-10-06 10:05:31
122,2026-09-11 11:00:00,LOC-JKT-01,Stasiun Jakarta Pusat,48.98,76.53,OpenAQ-Historical,2026-10-06 10:05:31
123,2026-09-11 12:00:00,LOC-JKT-01,Stasiun Jakarta Pusat,31.96,48.17,OpenAQ-Historical,2026-10-06 10:05:31
124,2026-09-11 13:00:00,LOC-JKT-01,Stasiun Jakarta Pusat,33.66,50.18,OpenAQ-Historical,2026-10-06 10:05:31
125,2026-09-11 14:00:00,LOC-JKT-01,Stasiun Jakarta Pusat,28.58,43.44,OpenAQ-Historical,2026-10-06 10:05:31
126,2026-09-11 15:00:00,LOC-JKT-01,Stasiun Jakarta Pusat,28.53,42.15,OpenAQ-Historical,2026-10-06 10:05:31
127,2026-09-11 16:00:00,LOC-JKT-01,Stasiun Jakarta Pusat,36.0,57.0,OpenAQ-Historical,2026-10-06 10:05:31
128,2026-09-11 17:00:00,LOC-JKT-01,Stasiun Jakarta Pusat,25.51,38.69,OpenAQ-Historical,2026-10-06 10:05:31
129,2026-09-11 18:00:00,LOC-JKT-01,Stasiun Jakarta Pusat,32.17,50.28,OpenAQ-Historical,2026-10-06 10:05:31
130,2026-09-11 19:00:00,LOC-JKT-01,Stasiun Jakarta Pusat,28.87,44.93,OpenAQ-Historical,2026-10-06 10:05:31
131,2026-09-11 20:00:00,LOC-JKT-01,Stasiun Jakarta Pusat,31.83,51.5,OpenAQ-Historical,2026-10-06 10:05:31
132,2026-09-11 21:00:00,LOC-JKT-01,Stasiun Jakarta Pusat,32.5,48.78,OpenAQ-Historical,2026-10-06 10:05:31
133,2026-09-11 22:00:00,LOC-JKT-01,Stasiun Jakarta Pusat,30.16,43.63,OpenAQ-Historical,2026-10-06 10:05:31
134,2026-09-11 23:00:00,LOC-JKT-01,Stasiun Jakarta Pusat,30.53,44.77,OpenAQ-Historical,2026-10-06 10:05:31
135,2026-09-12 00:00:00,LOC-JKT-01,Stasiun Jakarta Pusat,49.5,79.23,OpenAQ-Historical,2026-10-06 10:05:31
136,2026-09-12 01:00:00,LOC-JKT-01,Stasiun Jakarta Pusat,46.71,70.29,OpenAQ-Historical,2026-10-06 10:05:31
137,2026-09-12 02:00:00,LOC-JKT-01,Stasiun Jakarta Pusat,32.37,48.17,OpenAQ-Historical,2026-10-06 10:05:31
138,2026-09-12 03:00:00,LOC-JKT-01,Stasiun Jakarta Pusat,25.64,41.13,OpenAQ-Historical,2026-10-06 10:05:31
139,2026-09-12 04:00:00,LOC-JKT-01,Stasiun Jakarta Pusat,26.97,40.1,OpenAQ-Historical,2026-10-06 10:05:31
140,2026-09-12 05:00:00,LOC-JKT-01,Stasiun Jakarta Pusat,36.24,54.53,OpenAQ-Historical,2026-10-06 10:05:31
141,2026-09-12 06:00:00,LOC-JKT-01,Stasiun Jakarta Pusat,33.61,53.5,OpenAQ-Historical,2026-10-06 10:05:31
142,2026-09-12 07:00:00,LOC-JKT-01,Stasiun Jakarta Pusat,28.1,47.58,OpenAQ-Historical,2026-10-06 10:05:31
143,2026-09-12 08:00:00,LOC-JKT-01,Stasiun Jakarta Pusat,34.81,55.2,OpenAQ-Historical,2026-10-06 10:05:31
144,2026-09-12 09:00:00,LOC-JKT-01,Stasiun Jakarta Pusat,34.76,50.37,OpenAQ-Historical,2026-10-06 10:05:31
145,2026-09-12 10:00:00,LOC-JKT-01,Stasiun Jakarta Pusat,49.05,76.77,OpenAQ-Historical,2026-10-06 10:05:31
146,2026-09-12 11:00:00,LOC-JKT-01,Stasiun Jakarta Pusat,50.45,78.92,OpenAQ-Historical,2026-10-06 10:05:31
147,2026-09-12 12:00:00,LOC-JKT-01,Stasiun Jakarta Pusat,29.43,43.45,OpenAQ-Historical,2026-10-06 10:05:31
148,2026-09-12 13:00:00,LOC-JKT-01,Stasiun Jakarta Pusat,31.78,49.82,OpenAQ-Historical,2026-10-06 10:05:31
149,2026-09-12 14:00:00,LOC-JKT-01,Stasiun Jakarta Pusat,26.9,40.98,OpenAQ-Historical,2026-10-06 10:05:31
150,2026-09-12 15:00:00,LOC-JKT-01,Stasiun Jakarta Pusat,30.9,48.77,OpenAQ-Historical,2026-10-06 10:05:31
151,2026-09-12 16:00:00,LOC-JKT-01,Stasiun Jakarta Pusat,39.29,62.81,OpenAQ-Historical,2026-10-06 10:05:31
152,2026-09-12 17:00:00,LOC-JKT-01,Stasiun Jakarta Pusat,29.82,45.07,OpenAQ-Historical,2026-10-06 10:05:31
153,2026-09-12 18:00:00,LOC-JKT-01,Stasiun Jakarta Pusat,30.11,46.77,OpenAQ-Historical,2026-10-06 10:05:31
154,2026-09-12 19:00:00,LOC-JKT-01,Stasiun Jakarta Pusat,36.17,56.92,OpenAQ-Historical,2026-10-06 10:05:31
155,2026-09-12 20:00:00,LOC-JKT-01,Stasiun Jakarta Pusat,34.07,50.87,OpenAQ-Historical,2026-10-06 10:05:31
156,2026-09-12 21:00:00,LOC-JKT-01,Stasiun Jakarta Pusat,29.76,43.75,OpenAQ-Historical,2026-10-06 10:05:31
157,2026-09-12 22:00:00,LOC-JKT-01,Stasiun Jakarta Pusat,33.6,50.2,OpenAQ-Historical,2026-10-06 10:05:31
158,2026-09-12 23:00:00,LOC-JKT-01,Stasiun Jakarta Pusat,31.47,51.12,OpenAQ-Historical,2026-10-06 10:05:31
159,2026-09-13 00:00:00,LOC-JKT-01,Stasiun Jakarta Pusat,43.49,64.39,OpenAQ-Historical,2026-10-06 10:05:31
160,2026-09-13 01:00:00,LOC-JKT-01,Stasiun Jakarta Pusat,47.52,72.68,OpenAQ-Historical,2026-10-06 10:05:31
161,2026-09-13 02:00:00,LOC-JKT-01,Stasiun Jakarta Pusat,42.74,67.21,OpenAQ-Historical,2026-10-06 10:05:31
162,2026-09-13 03:00:00,LOC-JKT-01,Stasiun Jakarta Pusat,31.54,52.46,OpenAQ-Historical,2026-10-06 10:05:31
163,2026-09-13 04:00:00,LOC-JKT-01,Stasiun Jakarta Pusat,36.41,54.93,OpenAQ-Historical,2026-10-06 10:05:31
164,2026-09-13 05:00:00,LOC-JKT-01,Stasiun Jakarta Pusat,29.07,46.29,OpenAQ-Historical,2026-10-06 10:05:31
165,2026-09-13 06:00:00,LOC-JKT-01,Stasiun Jakarta Pusat,33.79,52.62,OpenAQ-Historical,2026-10-06 10:05:31
166,2026-09-13 07:00:00,LOC-JKT-01,Stasiun Jakarta Pusat,36.83,56.48,OpenAQ-Historical,2026-10-06 10:05:31
167,2026-09-13 08:00:00,LOC-JKT-01,Stasiun Jakarta Pusat,27.81,42.39,OpenAQ-Historical,2026-10-06 10:05:31
168,2026-09-13 09:00:00,LOC-JKT-01,Stasiun Jakarta Pusat,35.35,53.51,OpenAQ-Historical,2026-10-06 10:05:31
169,2026-09-13 10:00:00,LOC-JKT-01,Stasiun Jakarta Pusat,56.07,86.75,OpenAQ-Historical,2026-10-06 10:05:31
170,2026-09-13 11:00:00,LOC-JKT-01,Stasiun Jakarta Pusat,50.44,81.2,OpenAQ-Historical,2026-10-06 10:05:31
171,2026-09-13 12:00:00,LOC-JKT-01,Stasiun Jakarta Pusat,29.82,45.05,OpenAQ-Historical,2026-10-06 10:05:31
172,2026-09-13 13:00:00,LOC-JKT-01,Stasiun Jakarta Pusat,35.38,55.67,OpenAQ-Historical,2026-10-06 10:05:31
173,2026-09-13 14:00:00,LOC-JKT-01,Stasiun Jakarta Pusat,47.56,70.31,OpenAQ-Historical,2026-10-06 10:05:31
174,2026-09-13 15:00:00,LOC-JKT-01,Stasiun Jakarta Pusat,32.24,48.84,OpenAQ-Historical,2026-10-06 10:05:31
175,2026-09-13 16:00:00,LOC-JKT-01,Stasiun Jakarta Pusat,35.12,53.39,OpenAQ-Historical,2026-10-06 10:05:31
176,2026-09-13 17:00:00,LOC-JKT-01,Stasiun Jakarta Pusat,33.05,53.65,OpenAQ-Historical,2026-10-06 10:05:31
177,2026-09-13 18:00:00,LOC-JKT-01,Stasiun Jakarta Pusat,32.35,48.42,OpenAQ-Historical,2026-10-06 10:05:31
178,2026-09-13 19:00:00,LOC-JKT-01,Stasiun Jakarta Pusat,24.08,39.9,OpenAQ-Historical,2026-10-06 10:05:31
179,2026-09-13 20:00:00,LOC-JKT-01,Stasiun Jakarta Pusat,28.26,41.4,OpenAQ-Historical,2026-10-06 10:05:31
180,2026-09-13 21:00:00,LOC-JKT-01,Stasiun Jakarta Pusat,32.96,50.6,OpenAQ-Historical,2026-10-06 10:05:31
181,2026-09-13 22:00:00,LOC-JKT-01,Stasiun Jakarta Pusat,32.94,48.22,OpenAQ-Historical,2026-10-06 10:05:31
182,2026-09-13 23:00:00,LOC-JKT-01,Stasiun Jakarta Pusat,37.17,58.04,OpenAQ-Historical,2026-10-06 10:05:31
183,2026-09-14 00:00:00,LOC-JKT-01,Stasiun Jakarta Pusat,57.51,90.56,OpenAQ-Historical,2026-10-06 10:05:31
184,2026-09-14 01:00:00,LOC-JKT-01,Stasiun Jakarta Pusat,49.9,79.39,OpenAQ-Historical,2026-10-06 10:05:31
185,2026-09-14 02:00:00,LOC-JKT-01,Stasiun Jakarta Pusat,28.68,46.55,OpenAQ-Historical,2026-10-06 10:05:31
186,2026-09-14 03:00:00,LOC-JKT-01,Stasiun Jakarta Pusat,39.08,63.27,OpenAQ-Historical,2026-10-06 10:05:31
187,2026-09-14 04:00:00,LOC-JKT-01,Stasiun Jakarta Pusat,34.37,55.95,OpenAQ-Historical,2026-10-06 10:05:31
188,2026-09-14 05:00:00,LOC-JKT-01,Stasiun Jakarta Pusat,30.89,49.59,OpenAQ-Historical,2026-10-06 10:05:31
189,2026-09-14 06:00:00,LOC-JKT-01,Stasiun Jakarta Pusat,27.78,43.27,OpenAQ-Historical,2026-10-06 10:05:31
190,2026-09-14 07:00:00,LOC-JKT-01,Stasiun Jakarta Pusat,33.16,53.95,OpenAQ-Historical,2026-10-06 10:05:31
191,2026-09-14 08:00:00,LOC-JKT-01,Stasiun Jakarta Pusat,31.84,48.27,OpenAQ-Historical,2026-10-06 10:05:31
192,2026-09-14 09:00:00,LOC-JKT-01,Stasiun Jakarta Pusat,37.93,62.34,OpenAQ-Historical,2026-10-06 10:05:31
193,2026-09-14 10:00:00,LOC-JKT-01,Stasiun Jakarta Pusat,50.54,78.81,OpenAQ-Historical,2026-10-06 10:05:31
194,2026-09-14 11:00:00,LOC-JKT-01,Stasiun Jakarta Pusat,45.99,70.58,OpenAQ-Historical,2026-10-06 10:05:31
195,2026-09-14 12:00:00,LOC-JKT-01,Stasiun Jakarta Pusat,34.49,56.92,OpenAQ-Historical,2026-10-06 10:05:31
196,2026-09-14 13:00:00,LOC-JKT-01,Stasiun Jakarta Pusat,26.07,39.89,OpenAQ-Historical,2026-10-06 10:05:31
197,2026-09-14 14:00:00,LOC-JKT-01,Stasiun Jakarta Pusat,30.2,47.27,OpenAQ-Historical,2026-10-06 10:05:31
198,2026-09-14 15:00:00,LOC-JKT-01,Stasiun Jakarta Pusat,32.07,51.45,OpenAQ-Historical,2026-10-06 10:05:31
199,2026-09-14 16:00:00,LOC-JKT-01,Stasiun Jakarta Pusat,35.94,52.49,OpenAQ-Historical,2026-10-06 10:05:31
200,2026-09-14 17:00:00,LOC-JKT-01,Stasiun Jakarta Pusat,27.85,43.99,OpenAQ-Historical,2026-10-06 10:05:31
201,2026-09-14 18:00:00,LOC-JKT-01,Stasiun Jakarta Pusat,36.86,55.91,OpenAQ-Historical,2026-10-06 10:05:31
202,2026-09-14 19:00:00,LOC-JKT-01,Stasiun Jakarta Pusat,34.59,52.79,OpenAQ-Historical,2026-10-06 10:05:31
203,2026-09-14 20:00:00,LOC-JKT-01,Stasiun Jakarta Pusat,31.77,48.92,OpenAQ-Historical,2026-10-06 10:05:31
204,2026-09-14 21:00:00,LOC-JKT-01,Stasiun Jakarta Pusat,30.88,48.44,OpenAQ-Historical,2026-10-06 10:05:31
205,2026-09-14 22:00:00,LOC-JKT-01,Stasiun Jakarta Pusat,34.63,53.43,OpenAQ-Historical,2026-10-06 10:05:31
206,2026-09-14 23:00:00,LOC-JKT-01,Stasiun Jakarta Pusat,31.0,47.68,OpenAQ-Historical,2026-10-06 10:05:31
207,2026-09-15 00:00:00,LOC-JKT-01,Stasiun Jakarta Pusat,47.19,74.63,OpenAQ-Historical,2026-10-06 10:05:31
208,2026-09-15 01:00:00,LOC-JKT-01,Stasiun Jakarta Pusat,54.99,83.2,OpenAQ-Historical,2026-10-06 10:05:31
209,2026-09-15 02:00:00,LOC-JKT-01,Stasiun Jakarta Pusat,40.23,65.46,OpenAQ-Historical,2026-10-06 10:05:31
210,2026-09-15 03:00:00,LOC-JKT-01,Stasiun Jakarta Pusat,35.72,51.92,OpenAQ-Historical,2026-10-06 10:05:31
211,2026-09-15 04:00:00,LOC-JKT-01,Stasiun Jakarta Pusat,26.18,37.24,OpenAQ-Historical,2026-10-06 10:05:31
212,2026-09-15 05:00:00,LOC-JKT-01,Stasiun Jakarta Pusat,38.64,57.81,OpenAQ-Historical,2026-10-06 10:05:31
213,2026-09-15 06:00:00,LOC-JKT-01,Stasiun Jakarta Pusat,31.16,50.08,OpenAQ-Historical,2026-10-06 10:05:31
214,2026-09-15 07:00:00,LOC-JKT-01,Stasiun Jakarta Pusat,29.57,45.21,OpenAQ-Historical,2026-10-06 10:05:31
215,2026-09-15 08:00:00,LOC-JKT-01,Stasiun Jakarta Pusat,33.99,53.87,OpenAQ-Historical,2026-10-06 10:05:31
216,2026-09-15 09:00:00,LOC-JKT-01,Stasiun Jakarta Pusat,34.79,53.23,OpenAQ-Historical,2026-10-06 10:05:31
217,2026-09-15 10:00:00,LOC-JKT-01,Stasiun Jakarta Pusat,56.98,86.54,OpenAQ-Historical,2026-10-06 10:05:31
218,2026-09-15 11:00:00,LOC-JKT-01,Stasiun Jakarta Pusat,46.14,69.69,OpenAQ-Historical,2026-10-06 10:05:31
219,2026-09-15 12:00:00,LOC-JKT-01,Stasiun Jakarta Pusat,41.08,62.8,OpenAQ-Historical,2026-10-06 10:05:31
220,2026-09-15 13:00:00,LOC-JKT-01,Stasiun Jakarta Pusat,33.86,53.7,OpenAQ-Historical,2026-10-06 10:05:31
221,2026-09-15 14:00:00,LOC-JKT-01,Stasiun Jakarta Pusat,36.63,57.11,OpenAQ-Historical,2026-10-06 10:05:31
222,2026-09-15 15:00:00,LOC-JKT-01,Stasiun Jakarta Pusat,31.38,50.26,OpenAQ-Historical,2026-10-06 10:05:31
223,2026-09-15 16:00:00,LOC-JKT-01,Stasiun Jakarta Pusat,22.87,36.84,OpenAQ-Historical,2026-10-06 10:05:31
224,2026-09-15 17:00:00,LOC-JKT-01,Stasiun Jakarta Pusat,33.28,53.33,OpenAQ-Historical,2026-10-06 10:05:31
225,2026-09-15 18:00:00,LOC-JKT-01,Stasiun Jakarta Pusat,33.53,54.42,OpenAQ-Historical,2026-10-06 10:05:31
226,2026-09-15 19:00:00,LOC-JKT-01,Stasiun Jakarta Pusat,36.02,54.77,OpenAQ-Historical,2026-10-06 10:05:31
227,2026-09-15 20:00:00,LOC-JKT-01,Stasiun Jakarta Pusat,24.41,38.98,OpenAQ-Historical,2026-10-06 10:05:31
228,2026-09-15 21:00:00,LOC-JKT-01,Stasiun Jakarta Pusat,37.05,58.94,OpenAQ-Historical,2026-10-06 10:05:31
229,2026-09-15 22:00:00,LOC-JKT-01,Stasiun Jakarta Pusat,41.94,63.24,OpenAQ-Historical,2026-10-06 10:05:31
230,2026-09-15 23:00:00,LOC-JKT-01,Stasiun Jakarta Pusat,26.62,37.72,OpenAQ-Historical,2026-10-06 10:05:31
231,2026-09-16 00:00:00,LOC-JKT-01,Stasiun Jakarta Pusat,47.79,76.02,OpenAQ-Historical,2026-10-06 10:05:31
232,2026-09-16 01:00:00,LOC-JKT-01,Stasiun Jakarta Pusat,46.04,68.51,OpenAQ-Historical,2026-10-06 10:05:31
233,2026-09-16 02:00:00,LOC-JKT-01,Stasiun Jakarta Pusat,33.39,49.76,OpenAQ-Historical,2026-10-06 10:05:31
234,2026-09-16 03:00:00,LOC-JKT-01,Stasiun Jakarta Pusat,29.36,43.54,OpenAQ-Historical,2026-10-06 10:05:31
235,2026-09-16 04:00:00,LOC-JKT-01,Stasiun Jakarta Pusat,36.67,57.12,OpenAQ-Historical,2026-10-06 10:05:31
236,2026-09-16 05:00:00,LOC-JKT-01,Stasiun Jakarta Pusat,22.11,35.33,OpenAQ-Historical,2026-10-06 10:05:31
237,2026-09-16 06:00:00,LOC-JKT-01,Stasiun Jakarta Pusat,34.35,52.34,OpenAQ-Historical,2026-10-06 10:05:31
238,2026-09-16 07:00:00,LOC-JKT-01,Stasiun Jakarta Pusat,34.17,53.39,OpenAQ-Historical,2026-10-06 10:05:31
239,2026-09-16 08:00:00,LOC-JKT-01,Stasiun Jakarta Pusat,36.8,54.74,OpenAQ-Historical,2026-10-06 10:05:31
240,2026-09-16 09:00:00,LOC-JKT-01,Stasiun Jakarta Pusat,28.37,45.08,OpenAQ-Historical,2026-10-06 10:05:31
241,2026-09-16 10:00:00,LOC-JKT-01,Stasiun Jakarta Pusat,57.17,86.04,OpenAQ-Historical,2026-10-06 10:05:31
242,2026-09-16 11:00:00,LOC-JKT-01,Stasiun Jakarta Pusat,46.2,68.11,OpenAQ-Historical,2026-10-06 10:05:31
243,2026-09-16 12:00:00,LOC-JKT-01,Stasiun Jakarta Pusat,27.74,45.32,OpenAQ-Historical,2026-10-06 10:05:31
244,2026-09-16 13:00:00,LOC-JKT-01,Stasiun Jakarta Pusat,39.08,60.65,OpenAQ-Historical,2026-10-06 10:05:31
245,2026-09-16 14:00:00,LOC-JKT-01,Stasiun Jakarta Pusat,29.19,47.53,OpenAQ-Historical,2026-10-06 10:05:31
246,2026-09-16 15:00:00,LOC-JKT-01,Stasiun Jakarta Pusat,25.38,39.49,OpenAQ-Historical,2026-10-06 10:05:31
247,2026-09-16 16:00:00,LOC-JKT-01,Stasiun Jakarta Pusat,30.73,45.91,OpenAQ-Historical,2026-10-06 10:05:31
248,2026-09-16 17:00:00,LOC-JKT-01,Stasiun Jakarta Pusat,30.17,45.87,OpenAQ-Historical,2026-10-06 10:05:31
249,2026-09-16 18:00:00,LOC-JKT-01,Stasiun Jakarta Pusat,32.77,53.68,OpenAQ-Historical,2026-10-06 10:05:31
250,2026-09-16 19:00:00,LOC-JKT-01,Stasiun Jakarta Pusat,35.84,54.21,OpenAQ-Historical,2026-10-06 10:05:31
251,2026-09-16 20:00:00,LOC-JKT-01,Stasiun Jakarta Pusat,39.98,65.03,OpenAQ-Historical,2026-10-06 10:05:31
252,2026-09-16 21:00:00,LOC-JKT-01,Stasiun Jakarta Pusat,29.62,44.42,OpenAQ-Historical,2026-10-06 10:05:31
253,2026-09-16 22:00:00,LOC-JKT-01,Stasiun Jakarta Pusat,40.64,64.16,OpenAQ-Historical,2026-10-06 10:05:31
254,2026-09-16 23:00:00,LOC-JKT-01,Stasiun Jakarta Pusat,37.81,60.72,OpenAQ-Historical,2026-10-06 10:05:31
255,2026-09-17 00:00:00,LOC-JKT-01,Stasiun Jakarta Pusat,48.57,75.37,OpenAQ-Historical,2026-10-06 10:05:31
256,2026-09-17 01:00:00,LOC-JKT-01,Stasiun Jakarta Pusat,54.37,85.92,OpenAQ-Historical,2026-10-06 10:05:31
257,2026-09-17 02:00:00,LOC-JKT-01,Stasiun Jakarta Pusat,28.98,45.17,OpenAQ-Historical,2026-10-06 10:05:31
258,2026-09-17 03:00:00,LOC-JKT-01,Stasiun Jakarta Pusat,26.24,40.31,OpenAQ-Historical,2026-10-06 10:05:31
259,2026-09-17 04:00:00,LOC-JKT-01,Stasiun Jakarta Pusat,27.65,43.57,OpenAQ-Historical,2026-10-06 10:05:31
260,2026-09-17 05:00:00,LOC-JKT-01,Stasiun Jakarta Pusat,37.57,59.46,OpenAQ-Historical,2026-10-06 10:05:31
261,2026-09-17 06:00:00,LOC-JKT-01,Stasiun Jakarta Pusat,37.18,57.15,OpenAQ-Historical,2026-10-06 10:05:31
262,2026-09-17 07:00:00,LOC-JKT-01,Stasiun Jakarta Pusat,36.45,57.75,OpenAQ-Historical,2026-10-06 10:05:31
263,2026-09-17 08:00:00,LOC-JKT-01,Stasiun Jakarta Pusat,36.2,56.24,OpenAQ-Historical,2026-10-06 10:05:31
264,2026-09-17 09:00:00,LOC-JKT-01,Stasiun Jakarta Pusat,34.37,53.21,OpenAQ-Historical,2026-10-06 10:05:31
265,2026-09-17 10:00:00,LOC-JKT-01,Stasiun Jakarta Pusat,46.32,71.01,OpenAQ-Historical,2026-10-06 10:05:31
266,2026-09-17 11:00:00,LOC-JKT-01,Stasiun Jakarta Pusat,46.78,74.59,OpenAQ-Historical,2026-10-06 10:05:31
267,2026-09-17 12:00:00,LOC-JKT-01,Stasiun Jakarta Pusat,34.89,49.73,OpenAQ-Historical,2026-10-06 10:05:31
268,2026-09-17 13:00:00,LOC-JKT-01,Stasiun Jakarta Pusat,35.09,55.32,OpenAQ-Historical,2026-10-06 10:05:31
269,2026-09-17 14:00:00,LOC-JKT-01,Stasiun Jakarta Pusat,33.06,51.78,OpenAQ-Historical,2026-10-06 10:05:31
270,2026-09-17 15:00:00,LOC-JKT-01,Stasiun Jakarta Pusat,33.8,52.95,OpenAQ-Historical,2026-10-06 10:05:31
271,2026-09-17 16:00:00,LOC-JKT-01,Stasiun Jakarta Pusat,35.15,55.5,OpenAQ-Historical,2026-10-06 10:05:31
272,2026-09-17 17:00:00,LOC-JKT-01,Stasiun Jakarta Pusat,36.22,54.87,OpenAQ-Historical,2026-10-06 10:05:31
273,2026-09-17 18:00:00,LOC-JKT-01,Stasiun Jakarta Pusat,31.62,46.12,OpenAQ-Historical,2026-10-06 10:05:31
274,2026-09-17 19:00:00,LOC-JKT-01,Stasiun Jakarta Pusat,33.83,52.75,OpenAQ-Historical,2026-10-06 10:05:31
275,2026-09-17 20:00:00,LOC-JKT-01,Stasiun Jakarta Pusat,29.76,45.76,OpenAQ-Historical,2026-10-06 10:05:31
276,2026-09-17 21:00:00,LOC-JKT-01,Stasiun Jakarta Pusat,36.93,57.64,OpenAQ-Historical,2026-10-06 10:05:31
277,2026-09-17 22:00:00,LOC-JKT-01,Stasiun Jakarta Pusat,38.66,61.29,OpenAQ-Historical,2026-10-06 10:05:31
278,2026-09-17 23:00:00,LOC-JKT-01,Stasiun Jakarta Pusat,31.2,47.4,OpenAQ-Historical,2026-10-06 10:05:31
279,2026-09-18 00:00:00,LOC-JKT-01,Stasiun Jakarta Pusat,50.62,78.8,OpenAQ-Historical,2026-10-06 10:05:31
280,2026-09-18 01:00:00,LOC-JKT-01,Stasiun Jakarta Pusat,48.66,75.32,OpenAQ-Historical,2026-10-06 10:05:31
281,2026-09-18 02:00:00,LOC-JKT-01,Stasiun Jakarta Pusat,27.41,44.76,OpenAQ-Historical,2026-10-06 10:05:31
282,2026-09-18 03:00:00,LOC-JKT-01,Stasiun Jakarta Pusat,35.31,51.69,OpenAQ-Historical,2026-10-06 10:05:31
283,2026-09-18 04:00:00,LOC-JKT-01,Stasiun Jakarta Pusat,33.67,56.19,OpenAQ-Historical,2026-10-06 10:05:31
284,2026-09-18 05:00:00,LOC-JKT-01,Stasiun Jakarta Pusat,26.04,38.19,OpenAQ-Historical,2026-10-06 10:05:31
285,2026-09-18 06:00:00,LOC-JKT-01,Stasiun Jakarta Pusat,34.48,52.61,OpenAQ-Historical,2026-10-06 10:05:31
286,2026-09-18 07:00:00,LOC-JKT-01,Stasiun Jakarta Pusat,31.18,48.49,OpenAQ-Historical,2026-10-06 10:05:31
287,2026-09-18 08:00:00,LOC-JKT-01,Stasiun Jakarta Pusat,34.25,53.68,OpenAQ-Historical,2026-10-06 10:05:31
288,2026-09-18 09:00:00,LOC-JKT-01,Stasiun Jakarta Pusat,38.98,64.33,OpenAQ-Historical,2026-10-06 10:05:31
289,2026-09-18 10:00:00,LOC-JKT-01,Stasiun Jakarta Pusat,45.11,68.86,OpenAQ-Historical,2026-10-06 10:05:31
290,2026-09-18 11:00:00,LOC-JKT-01,Stasiun Jakarta Pusat,54.0,84.02,OpenAQ-Historical,2026-10-06 10:05:31
291,2026-09-18 12:00:00,LOC-JKT-01,Stasiun Jakarta Pusat,27.88,47.81,OpenAQ-Historical,2026-10-06 10:05:31
292,2026-09-18 13:00:00,LOC-JKT-01,Stasiun Jakarta Pusat,32.95,50.54,OpenAQ-Historical,2026-10-06 10:05:31
293,2026-09-18 14:00:00,LOC-JKT-01,Stasiun Jakarta Pusat,35.01,52.21,OpenAQ-Historical,2026-10-06 10:05:31
294,2026-09-18 15:00:00,LOC-JKT-01,Stasiun Jakarta Pusat,39.65,60.19,OpenAQ-Historical,2026-10-06 10:05:31
295,2026-09-18 16:00:00,LOC-JKT-01,Stasiun Jakarta Pusat,33.76,53.81,OpenAQ-Historical,2026-10-06 10:05:31
296,2026-09-18 17:00:00,LOC-JKT-01,Stasiun Jakarta Pusat,42.94,68.85,OpenAQ-Historical,2026-10-06 10:05:31
297,2026-09-18 18:00:00,LOC-JKT-01,Stasiun Jakarta Pusat,35.53,53.82,OpenAQ-Historical,2026-10-06 10:05:31
298,2026-09-18 19:00:00,LOC-JKT-01,Stasiun Jakarta Pusat,29.77,43.64,OpenAQ-Historical,2026-10-06 10:05:31
299,2026-09-18 20:00:00,LOC-JKT-01,Stasiun Jakarta Pusat,32.92,50.71,OpenAQ-Historical,2026-10-06 10:05:32
300,2026-09-18 21:00:00,LOC-JKT-01,Stasiun Jakarta Pusat,34.88,54.34,OpenAQ-Historical,2026-10-06 10:05:32
301,2026-09-18 22:00:00,LOC-JKT-01,Stasiun Jakarta Pusat,38.93,54.96,OpenAQ-Historical,2026-10-06 10:05:32
302,2026-09-18 23:00:00,LOC-JKT-01,Stasiun Jakarta Pusat,36.74,56.0,OpenAQ-Historical,2026-10-06 10:05:32
303,2026-09-19 00:00:00,LOC-JKT-01,Stasiun Jakarta Pusat,52.67,79.95,OpenAQ-Historical,2026-10-06 10:05:32
304,2026-09-19 01:00:00,LOC-JKT-01,Stasiun Jakarta Pusat,49.33,76.03,OpenAQ-Historical,2026-10-06 10:05:32
305,2026-09-19 02:00:00,LOC-JKT-01,Stasiun Jakarta Pusat,27.86,42.63,OpenAQ-Historical,2026-10-06 10:05:32
306,2026-09-19 03:00:00,LOC-JKT-01,Stasiun Jakarta Pusat,36.09,51.97,OpenAQ-Historical,2026-10-06 10:05:32
307,2026-09-19 04:00:00,LOC-JKT-01,Stasiun Jakarta Pusat,31.73,47.54,OpenAQ-Historical,2026-10-06 10:05:32
308,2026-09-19 05:00:00,LOC-JKT-01,Stasiun Jakarta Pusat,39.31,56.12,OpenAQ-Historical,2026-10-06 10:05:32
309,2026-09-19 06:00:00,LOC-JKT-01,Stasiun Jakarta Pusat,36.15,56.27,OpenAQ-Historical,2026-10-06 10:05:32
310,2026-09-19 07:00:00,LOC-JKT-01,Stasiun Jakarta Pusat,28.86,45.83,OpenAQ-Historical,2026-10-06 10:05:32
311,2026-09-19 08:00:00,LOC-JKT-01,Stasiun Jakarta Pusat,34.11,54.6,OpenAQ-Historical,2026-10-06 10:05:32
312,2026-09-19 09:00:00,LOC-JKT-01,Stasiun Jakarta Pusat,27.85,39.06,OpenAQ-Historical,2026-10-06 10:05:32
313,2026-09-19 10:00:00,LOC-JKT-01,Stasiun Jakarta Pusat,46.2,74.07,OpenAQ-Historical,2026-10-06 10:05:32
314,2026-09-19 11:00:00,LOC-JKT-01,Stasiun Jakarta Pusat,53.97,83.84,OpenAQ-Historical,2026-10-06 10:05:32
315,2026-09-19 12:00:00,LOC-JKT-01,Stasiun Jakarta Pusat,32.55,46.58,OpenAQ-Historical,2026-10-06 10:05:32
316,2026-09-19 13:00:00,LOC-JKT-01,Stasiun Jakarta Pusat,27.72,39.08,OpenAQ-Historical,2026-10-06 10:05:32
317,2026-09-19 14:00:00,LOC-JKT-01,Stasiun Jakarta Pusat,30.03,46.16,OpenAQ-Historical,2026-10-06 10:05:32
318,2026-09-19 15:00:00,LOC-JKT-01,Stasiun Jakarta Pusat,32.87,51.92,OpenAQ-Historical,2026-10-06 10:05:32
319,2026-09-19 16:00:00,LOC-JKT-01,Stasiun Jakarta Pusat,31.94,46.72,OpenAQ-Historical,2026-10-06 10:05:32
320,2026-09-19 17:00:00,LOC-JKT-01,Stasiun Jakarta Pusat,34.67,53.11,OpenAQ-Historical,2026-10-06 10:05:32
321,2026-09-19 18:00:00,LOC-JKT-01,Stasiun Jakarta Pusat,31.37,47.5,OpenAQ-Historical,2026-10-06 10:05:32
322,2026-09-19 19:00:00,LOC-JKT-01,Stasiun Jakarta Pusat,31.72,50.35,OpenAQ-Historical,2026-10-06 10:05:32
323,2026-09-19 20:00:00,LOC-JKT-01,Stasiun Jakarta Pusat,41.68,66.74,OpenAQ-Historical,2026-10-06 10:05:32
324,2026-09-19 21:00:00,LOC-JKT-01,Stasiun Jakarta Pusat,29.56,44.97,OpenAQ-Historical,2026-10-06 10:05:32
325,2026-09-19 22:00:00,LOC-JKT-01,Stasiun Jakarta Pusat,40.78,63.68,OpenAQ-Historical,2026-10-06 10:05:32
326,2026-09-19 23:00:00,LOC-JKT-01,Stasiun Jakarta Pusat,34.46,53.92,OpenAQ-Historical,2026-10-06 10:05:32
327,2026-09-20 00:00:00,LOC-JKT-01,Stasiun Jakarta Pusat,46.91,72.2,OpenAQ-Historical,2026-10-06 10:05:32
328,2026-09-20 01:00:00,LOC-JKT-01,Stasiun Jakarta Pusat,48.7,74.25,OpenAQ-Historical,2026-10-06 10:05:32
329,2026-09-20 02:00:00,LOC-JKT-01,Stasiun Jakarta Pusat,41.41,65.15,OpenAQ-Historical,2026-10-06 10:05:32
330,2026-09-20 03:00:00,LOC-JKT-01,Stasiun Jakarta Pusat,29.37,42.2,OpenAQ-Historical,2026-10-06 10:05:32
331,2026-09-20 04:00:00,LOC-JKT-01,Stasiun Jakarta Pusat,31.48,47.71,OpenAQ-Historical,2026-10-06 10:05:32
332,2026-09-20 05:00:00,LOC-JKT-01,Stasiun Jakarta Pusat,34.7,53.6,OpenAQ-Historical,2026-10-06 10:05:32
333,2026-09-20 06:00:00,LOC-JKT-01,Stasiun Jakarta Pusat,38.0,59.45,OpenAQ-Historical,2026-10-06 10:05:32
334,2026-09-20 07:00:00,LOC-JKT-01,Stasiun Jakarta Pusat,35.38,53.07,OpenAQ-Historical,2026-10-06 10:05:32
335,2026-09-20 08:00:00,LOC-JKT-01,Stasiun Jakarta Pusat,36.71,55.65,OpenAQ-Historical,2026-10-06 10:05:32
336,2026-09-20 09:00:00,LOC-JKT-01,Stasiun Jakarta Pusat,26.3,42.57,OpenAQ-Historical,2026-10-06 10:05:32
337,2026-09-20 10:00:00,LOC-JKT-01,Stasiun Jakarta Pusat,48.29,74.22,OpenAQ-Historical,2026-10-06 10:05:32
338,2026-09-20 11:00:00,LOC-JKT-01,Stasiun Jakarta Pusat,47.59,73.53,OpenAQ-Historical,2026-10-06 10:05:32
339,2026-09-20 12:00:00,LOC-JKT-01,Stasiun Jakarta Pusat,30.92,49.03,OpenAQ-Historical,2026-10-06 10:05:32
340,2026-09-20 13:00:00,LOC-JKT-01,Stasiun Jakarta Pusat,37.29,56.69,OpenAQ-Historical,2026-10-06 10:05:32
341,2026-09-20 14:00:00,LOC-JKT-01,Stasiun Jakarta Pusat,38.21,57.68,OpenAQ-Historical,2026-10-06 10:05:32
342,2026-09-20 15:00:00,LOC-JKT-01,Stasiun Jakarta Pusat,31.78,50.96,OpenAQ-Historical,2026-10-06 10:05:32
343,2026-09-20 16:00:00,LOC-JKT-01,Stasiun Jakarta Pusat,31.93,47.38,OpenAQ-Historical,2026-10-06 10:05:32
344,2026-09-20 17:00:00,LOC-JKT-01,Stasiun Jakarta Pusat,30.0,48.48,OpenAQ-Historical,2026-10-06 10:05:32
345,2026-09-20 18:00:00,LOC-JKT-01,Stasiun Jakarta Pusat,35.48,56.31,OpenAQ-Historical,2026-10-06 10:05:32
346,2026-09-20 19:00:00,LOC-JKT-01,Stasiun Jakarta Pusat,35.76,53.32,OpenAQ-Historical,2026-10-06 10:05:32
347,2026-09-20 20:00:00,LOC-JKT-01,Stasiun Jakarta Pusat,35.44,51.37,OpenAQ-Historical,2026-10-06 10:05:32
348,2026-09-20 21:00:00,LOC-JKT-01,Stasiun Jakarta Pusat,35.06,56.56,OpenAQ-Historical,2026-10-06 10:05:32
349,2026-09-20 22:00:00,LOC-JKT-01,Stasiun Jakarta Pusat,31.91,50.06,OpenAQ-Historical,2026-10-06 10:05:32
350,2026-09-20 23:00:00,LOC-JKT-01,Stasiun Jakarta Pusat,39.23,58.75,OpenAQ-Historical,2026-10-06 10:05:32
351,2026-09-21 00:00:00,LOC-JKT-01,Stasiun Jakarta Pusat,54.96,86.89,OpenAQ-Historical,2026-10-06 10:05:32
352,2026-09-21 01:00:00,LOC-JKT-01,Stasiun Jakarta Pusat,47.33,73.54,OpenAQ-Historical,2026-10-06 10:05:32
353,2026-09-21 02:00:00,LOC-JKT-01,Stasiun Jakarta Pusat,31.83,50.16,OpenAQ-Historical,2026-10-06 10:05:32
354,2026-09-21 03:00:00,LOC-JKT-01,Stasiun Jakarta Pusat,31.51,49.5,OpenAQ-Historical,2026-10-06 10:05:32
355,2026-09-21 04:00:00,LOC-JKT-01,Stasiun Jakarta Pusat,26.28,41.96,OpenAQ-Historical,2026-10-06 10:05:32
356,2026-09-21 05:00:00,LOC-JKT-01,Stasiun Jakarta Pusat,28.81,46.89,OpenAQ-Historical,2026-10-06 10:05:32
357,2026-09-21 06:00:00,LOC-JKT-01,Stasiun Jakarta Pusat,37.76,61.6,OpenAQ-Historical,2026-10-06 10:05:32
358,2026-09-21 07:00:00,LOC-JKT-01,Stasiun Jakarta Pusat,27.64,44.03,OpenAQ-Historical,2026-10-06 10:05:32
359,2026-09-21 08:00:00,LOC-JKT-01,Stasiun Jakarta Pusat,25.72,40.66,OpenAQ-Historical,2026-10-06 10:05:32
360,2026-09-21 09:00:00,LOC-JKT-01,Stasiun Jakarta Pusat,29.7,47.21,OpenAQ-Historical,2026-10-06 10:05:32
361,2026-09-21 10:00:00,LOC-JKT-01,Stasiun Jakarta Pusat,47.48,72.67,OpenAQ-Historical,2026-10-06 10:05:32
362,2026-09-21 11:00:00,LOC-JKT-01,Stasiun Jakarta Pusat,45.73,74.92,OpenAQ-Historical,2026-10-06 10:05:32
363,2026-09-21 12:00:00,LOC-JKT-01,Stasiun Jakarta Pusat,33.42,51.86,OpenAQ-Historical,2026-10-06 10:05:32
364,2026-09-21 13:00:00,LOC-JKT-01,Stasiun Jakarta Pusat,26.51,41.7,OpenAQ-Historical,2026-10-06 10:05:32
365,2026-09-21 14:00:00,LOC-JKT-01,Stasiun Jakarta Pusat,26.52,43.83,OpenAQ-Historical,2026-10-06 10:05:32
366,2026-09-21 15:00:00,LOC-JKT-01,Stasiun Jakarta Pusat,34.15,53.15,OpenAQ-Historical,2026-10-06 10:05:32
367,2026-09-21 16:00:00,LOC-JKT-01,Stasiun Jakarta Pusat,32.55,52.56,OpenAQ-Historical,2026-10-06 10:05:32
368,2026-09-21 17:00:00,LOC-JKT-01,Stasiun Jakarta Pusat,28.75,42.41,OpenAQ-Historical,2026-10-06 10:05:32
369,2026-09-21 18:00:00,LOC-JKT-01,Stasiun Jakarta Pusat,33.34,55.59,OpenAQ-Historical,2026-10-06 10:05:32
370,2026-09-21 19:00:00,LOC-JKT-01,Stasiun Jakarta Pusat,33.66,51.42,OpenAQ-Historical,2026-10-06 10:05:32
371,2026-09-21 20:00:00,LOC-JKT-01,Stasiun Jakarta Pusat,29.22,46.05,OpenAQ-Historical,2026-10-06 10:05:32
372,2026-09-21 21:00:00,LOC-JKT-01,Stasiun Jakarta Pusat,32.6,51.04,OpenAQ-Historical,2026-10-06 10:05:32
373,2026-09-21 22:00:00,LOC-JKT-01,Stasiun Jakarta Pusat,32.04,49.52,OpenAQ-Historical,2026-10-06 10:05:32
374,2026-09-21 23:00:00,LOC-JKT-01,Stasiun Jakarta Pusat,30.98,47.87,OpenAQ-Historical,2026-10-06 10:05:32
375,2026-09-22 00:00:00,LOC-JKT-01,Stasiun Jakarta Pusat,46.75,75.12,OpenAQ-Historical,2026-10-06 10:05:32
376,2026-09-22 01:00:00,LOC-JKT-01,Stasiun Jakarta Pusat,49.67,76.92,OpenAQ-Historical,2026-10-06 10:05:32
377,2026-09-22 02:00:00,LOC-JKT-01,Stasiun Jakarta Pusat,33.02,50.35,OpenAQ-Historical,2026-10-06 10:05:32
378,2026-09-22 03:00:00,LOC-JKT-01,Stasiun Jakarta Pusat,31.33,47.46,OpenAQ-Historical,2026-10-06 10:05:32
379,2026-09-22 04:00:00,LOC-JKT-01,Stasiun Jakarta Pusat,30.91,48.69,OpenAQ-Historical,2026-10-06 10:05:32
380,2026-09-22 05:00:00,LOC-JKT-01,Stasiun Jakarta Pusat,38.17,62.48,OpenAQ-Historical,2026-10-06 10:05:32
381,2026-09-22 06:00:00,LOC-JKT-01,Stasiun Jakarta Pusat,33.35,52.46,OpenAQ-Historical,2026-10-06 10:05:32
382,2026-09-22 07:00:00,LOC-JKT-01,Stasiun Jakarta Pusat,33.05,52.26,OpenAQ-Historical,2026-10-06 10:05:32
383,2026-09-22 08:00:00,LOC-JKT-01,Stasiun Jakarta Pusat,29.11,45.24,OpenAQ-Historical,2026-10-06 10:05:32
384,2026-09-22 09:00:00,LOC-JKT-01,Stasiun Jakarta Pusat,38.0,56.19,OpenAQ-Historical,2026-10-06 10:05:32
385,2026-09-22 10:00:00,LOC-JKT-01,Stasiun Jakarta Pusat,47.53,75.25,OpenAQ-Historical,2026-10-06 10:05:32
386,2026-09-22 11:00:00,LOC-JKT-01,Stasiun Jakarta Pusat,49.49,77.66,OpenAQ-Historical,2026-10-06 10:05:32
387,2026-09-22 12:00:00,LOC-JKT-01,Stasiun Jakarta Pusat,33.5,49.71,OpenAQ-Historical,2026-10-06 10:05:32
388,2026-09-22 13:00:00,LOC-JKT-01,Stasiun Jakarta Pusat,41.43,67.2,OpenAQ-Historical,2026-10-06 10:05:32
389,2026-09-22 14:00:00,LOC-JKT-01,Stasiun Jakarta Pusat,31.51,50.73,OpenAQ-Historical,2026-10-06 10:05:32
390,2026-09-22 15:00:00,LOC-JKT-01,Stasiun Jakarta Pusat,33.54,51.96,OpenAQ-Historical,2026-10-06 10:05:32
391,2026-09-22 16:00:00,LOC-JKT-01,Stasiun Jakarta Pusat,25.15,39.83,OpenAQ-Historical,2026-10-06 10:05:32
392,2026-09-22 17:00:00,LOC-JKT-01,Stasiun Jakarta Pusat,32.03,53.6,OpenAQ-Historical,2026-10-06 10:05:32
393,2026-09-22 18:00:00,LOC-JKT-01,Stasiun Jakarta Pusat,36.61,56.55,OpenAQ-Historical,2026-10-06 10:05:32
394,2026-09-22 19:00:00,LOC-JKT-01,Stasiun Jakarta Pusat,34.42,54.27,OpenAQ-Historical,2026-10-06 10:05:32
395,2026-09-22 20:00:00,LOC-JKT-01,Stasiun Jakarta Pusat,36.86,57.33,OpenAQ-Historical,2026-10-06 10:05:32
396,2026-09-22 21:00:00,LOC-JKT-01,Stasiun Jakarta Pusat,32.92,52.67,OpenAQ-Historical,2026-10-06 10:05:32
397,2026-09-22 22:00:00,LOC-JKT-01,Stasiun Jakarta Pusat,34.55,51.58,OpenAQ-Historical,2026-10-06 10:05:32
398,2026-09-22 23:00:00,LOC-JKT-01,Stasiun Jakarta Pusat,25.75,36.8,OpenAQ-Historical,2026-10-06 10:05:32
399,2026-09-23 00:00:00,LOC-JKT-01,Stasiun Jakarta Pusat,52.81,82.99,OpenAQ-Historical,2026-10-06 10:05:32
400,2026-09-23 01:00:00,LOC-JKT-01,Stasiun Jakarta Pusat,50.9,78.01,OpenAQ-Historical,2026-10-06 10:05:32
401,2026-09-23 02:00:00,LOC-JKT-01,Stasiun Jakarta Pusat,37.88,59.51,OpenAQ-Historical,2026-10-06 10:05:32
402,2026-09-23 03:00:00,LOC-JKT-01,Stasiun Jakarta Pusat,30.32,47.98,OpenAQ-Historical,2026-10-06 10:05:32
403,2026-09-23 04:00:00,LOC-JKT-01,Stasiun Jakarta Pusat,36.32,51.86,OpenAQ-Historical,2026-10-06 10:05:32
404,2026-09-23 05:00:00,LOC-JKT-01,Stasiun Jakarta Pusat,35.93,56.1,OpenAQ-Historical,2026-10-06 10:05:32
405,2026-09-23 06:00:00,LOC-JKT-01,Stasiun Jakarta Pusat,41.48,64.58,OpenAQ-Historical,2026-10-06 10:05:32
406,2026-09-23 07:00:00,LOC-JKT-01,Stasiun Jakarta Pusat,32.66,50.37,OpenAQ-Historical,2026-10-06 10:05:32
407,2026-09-23 08:00:00,LOC-JKT-01,Stasiun Jakarta Pusat,40.11,66.49,OpenAQ-Historical,2026-10-06 10:05:32
408,2026-09-23 09:00:00,LOC-JKT-01,Stasiun Jakarta Pusat,33.49,54.01,OpenAQ-Historical,2026-10-06 10:05:32
409,2026-09-23 10:00:00,LOC-JKT-01,Stasiun Jakarta Pusat,47.22,69.51,OpenAQ-Historical,2026-10-06 10:05:32
410,2026-09-23 11:00:00,LOC-JKT-01,Stasiun Jakarta Pusat,55.24,83.15,OpenAQ-Historical,2026-10-06 10:05:32
411,2026-09-23 12:00:00,LOC-JKT-01,Stasiun Jakarta Pusat,31.74,49.55,OpenAQ-Historical,2026-10-06 10:05:32
412,2026-09-23 13:00:00,LOC-JKT-01,Stasiun Jakarta Pusat,27.77,43.24,OpenAQ-Historical,2026-10-06 10:05:32
413,2026-09-23 14:00:00,LOC-JKT-01,Stasiun Jakarta Pusat,34.1,55.44,OpenAQ-Historical,2026-10-06 10:05:32
414,2026-09-23 15:00:00,LOC-JKT-01,Stasiun Jakarta Pusat,40.23,61.24,OpenAQ-Historical,2026-10-06 10:05:32
415,2026-09-23 16:00:00,LOC-JKT-01,Stasiun Jakarta Pusat,27.0,43.55,OpenAQ-Historical,2026-10-06 10:05:32
416,2026-09-23 17:00:00,LOC-JKT-01,Stasiun Jakarta Pusat,31.43,50.22,OpenAQ-Historical,2026-10-06 10:05:32
417,2026-09-23 18:00:00,LOC-JKT-01,Stasiun Jakarta Pusat,27.61,44.81,OpenAQ-Historical,2026-10-06 10:05:32
418,2026-09-23 19:00:00,LOC-JKT-01,Stasiun Jakarta Pusat,25.29,41.87,OpenAQ-Historical,2026-10-06 10:05:32
419,2026-09-23 20:00:00,LOC-JKT-01,Stasiun Jakarta Pusat,31.32,49.56,OpenAQ-Historical,2026-10-06 10:05:32
420,2026-09-23 21:00:00,LOC-JKT-01,Stasiun Jakarta Pusat,33.58,53.24,OpenAQ-Historical,2026-10-06 10:05:32
421,2026-09-23 22:00:00,LOC-JKT-01,Stasiun Jakarta Pusat,30.62,45.07,OpenAQ-Historical,2026-10-06 10:05:32
422,2026-09-23 23:00:00,LOC-JKT-01,Stasiun Jakarta Pusat,33.03,49.31,OpenAQ-Historical,2026-10-06 10:05:32
423,2026-09-24 00:00:00,LOC-JKT-01,Stasiun Jakarta Pusat,51.72,84.66,OpenAQ-Historical,2026-10-06 10:05:32
424,2026-09-24 01:00:00,LOC-JKT-01,Stasiun Jakarta Pusat,58.43,91.7,OpenAQ-Historical,2026-10-06 10:05:32
425,2026-09-24 02:00:00,LOC-JKT-01,Stasiun Jakarta Pusat,34.87,53.21,OpenAQ-Historical,2026-10-06 10:05:32
426,2026-09-24 03:00:00,LOC-JKT-01,Stasiun Jakarta Pusat,30.02,49.05,OpenAQ-Historical,2026-10-06 10:05:32
427,2026-09-24 04:00:00,LOC-JKT-01,Stasiun Jakarta Pusat,32.93,50.42,OpenAQ-Historical,2026-10-06 10:05:32
428,2026-09-24 05:00:00,LOC-JKT-01,Stasiun Jakarta Pusat,37.92,56.26,OpenAQ-Historical,2026-10-06 10:05:32
429,2026-09-24 06:00:00,LOC-JKT-01,Stasiun Jakarta Pusat,34.07,48.84,OpenAQ-Historical,2026-10-06 10:05:32
430,2026-09-24 07:00:00,LOC-JKT-01,Stasiun Jakarta Pusat,27.51,42.94,OpenAQ-Historical,2026-10-06 10:05:32
431,2026-09-24 08:00:00,LOC-JKT-01,Stasiun Jakarta Pusat,25.83,40.37,OpenAQ-Historical,2026-10-06 10:05:32
432,2026-09-24 09:00:00,LOC-JKT-01,Stasiun Jakarta Pusat,38.47,58.85,OpenAQ-Historical,2026-10-06 10:05:32
433,2026-09-24 10:00:00,LOC-JKT-01,Stasiun Jakarta Pusat,44.3,69.02,OpenAQ-Historical,2026-10-06 10:05:32
434,2026-09-24 11:00:00,LOC-JKT-01,Stasiun Jakarta Pusat,50.33,79.73,OpenAQ-Historical,2026-10-06 10:05:32
435,2026-09-24 12:00:00,LOC-JKT-01,Stasiun Jakarta Pusat,28.52,42.75,OpenAQ-Historical,2026-10-06 10:05:32
436,2026-09-24 13:00:00,LOC-JKT-01,Stasiun Jakarta Pusat,31.05,45.88,OpenAQ-Historical,2026-10-06 10:05:32
437,2026-09-24 14:00:00,LOC-JKT-01,Stasiun Jakarta Pusat,25.2,36.25,OpenAQ-Historical,2026-10-06 10:05:32
438,2026-09-24 15:00:00,LOC-JKT-01,Stasiun Jakarta Pusat,35.14,53.8,OpenAQ-Historical,2026-10-06 10:05:32
439,2026-09-24 16:00:00,LOC-JKT-01,Stasiun Jakarta Pusat,31.72,45.91,OpenAQ-Historical,2026-10-06 10:05:32
440,2026-09-24 17:00:00,LOC-JKT-01,Stasiun Jakarta Pusat,40.26,62.97,OpenAQ-Historical,2026-10-06 10:05:32
441,2026-09-24 18:00:00,LOC-JKT-01,Stasiun Jakarta Pusat,34.13,54.05,OpenAQ-Historical,2026-10-06 10:05:32
442,2026-09-24 19:00:00,LOC-JKT-01,Stasiun Jakarta Pusat,30.35,48.8,OpenAQ-Historical,2026-10-06 10:05:32
443,2026-09-24 20:00:00,LOC-JKT-01,Stasiun Jakarta Pusat,25.3,39.15,OpenAQ-Historical,2026-10-06 10:05:32
444,2026-09-24 21:00:00,LOC-JKT-01,Stasiun Jakarta Pusat,34.31,51.29,OpenAQ-Historical,2026-10-06 10:05:32
445,2026-09-24 22:00:00,LOC-JKT-01,Stasiun Jakarta Pusat,34.9,55.49,OpenAQ-Historical,2026-10-06 10:05:32
446,2026-09-24 23:00:00,LOC-JKT-01,Stasiun Jakarta Pusat,30.61,48.8,OpenAQ-Historical,2026-10-06 10:05:32
447,2026-09-25 00:00:00,LOC-JKT-01,Stasiun Jakarta Pusat,42.44,63.4,OpenAQ-Historical,2026-10-06 10:05:32
448,2026-09-25 01:00:00,LOC-JKT-01,Stasiun Jakarta Pusat,44.42,68.33,OpenAQ-Historical,2026-10-06 10:05:32
449,2026-09-25 02:00:00,LOC-JKT-01,Stasiun Jakarta Pusat,30.12,44.11,OpenAQ-Historical,2026-10-06 10:05:32
450,2026-09-25 03:00:00,LOC-JKT-01,Stasiun Jakarta Pusat,26.32,39.45,OpenAQ-Historical,2026-10-06 10:05:32
451,2026-09-25 04:00:00,LOC-JKT-01,Stasiun Jakarta Pusat,38.59,60.33,OpenAQ-Historical,2026-10-06 10:05:32
452,2026-09-25 05:00:00,LOC-JKT-01,Stasiun Jakarta Pusat,30.36,46.35,OpenAQ-Historical,2026-10-06 10:05:32
453,2026-09-25 06:00:00,LOC-JKT-01,Stasiun Jakarta Pusat,31.62,47.55,OpenAQ-Historical,2026-10-06 10:05:32
454,2026-09-25 07:00:00,LOC-JKT-01,Stasiun Jakarta Pusat,36.89,58.59,OpenAQ-Historical,2026-10-06 10:05:32
455,2026-09-25 08:00:00,LOC-JKT-01,Stasiun Jakarta Pusat,37.35,56.57,OpenAQ-Historical,2026-10-06 10:05:32
456,2026-09-25 09:00:00,LOC-JKT-01,Stasiun Jakarta Pusat,35.0,55.34,OpenAQ-Historical,2026-10-06 10:05:32
457,2026-09-25 10:00:00,LOC-JKT-01,Stasiun Jakarta Pusat,58.95,90.86,OpenAQ-Historical,2026-10-06 10:05:32
458,2026-09-25 11:00:00,LOC-JKT-01,Stasiun Jakarta Pusat,59.74,91.13,OpenAQ-Historical,2026-10-06 10:05:32
459,2026-09-25 12:00:00,LOC-JKT-01,Stasiun Jakarta Pusat,35.79,58.58,OpenAQ-Historical,2026-10-06 10:05:32
460,2026-09-25 13:00:00,LOC-JKT-01,Stasiun Jakarta Pusat,36.19,56.72,OpenAQ-Historical,2026-10-06 10:05:32
461,2026-09-25 14:00:00,LOC-JKT-01,Stasiun Jakarta Pusat,31.78,47.44,OpenAQ-Historical,2026-10-06 10:05:32
462,2026-09-25 15:00:00,LOC-JKT-01,Stasiun Jakarta Pusat,37.99,61.82,OpenAQ-Historical,2026-10-06 10:05:32
463,2026-09-25 16:00:00,LOC-JKT-01,Stasiun Jakarta Pusat,34.88,52.34,OpenAQ-Historical,2026-10-06 10:05:32
464,2026-09-25 17:00:00,LOC-JKT-01,Stasiun Jakarta Pusat,27.7,40.84,OpenAQ-Historical,2026-10-06 10:05:32
465,2026-09-25 18:00:00,LOC-JKT-01,Stasiun Jakarta Pusat,33.36,52.81,OpenAQ-Historical,2026-10-06 10:05:32
466,2026-09-25 19:00:00,LOC-JKT-01,Stasiun Jakarta Pusat,26.93,40.84,OpenAQ-Historical,2026-10-06 10:05:32
467,2026-09-25 20:00:00,LOC-JKT-01,Stasiun Jakarta Pusat,35.28,50.5,OpenAQ-Historical,2026-10-06 10:05:32
468,2026-09-25 21:00:00,LOC-JKT-01,Stasiun Jakarta Pusat,30.95,46.71,OpenAQ-Historical,2026-10-06 10:05:32
469,2026-09-25 22:00:00,LOC-JKT-01,Stasiun Jakarta Pusat,34.43,51.52,OpenAQ-Historical,2026-10-06 10:05:32
470,2026-09-25 23:00:00,LOC-JKT-01,Stasiun Jakarta Pusat,25.58,42.97,OpenAQ-Historical,2026-10-06 10:05:32
471,2026-09-26 00:00:00,LOC-JKT-01,Stasiun Jakarta Pusat,54.61,83.29,OpenAQ-Historical,2026-10-06 10:05:32
472,2026-09-26 01:00:00,LOC-JKT-01,Stasiun Jakarta Pusat,47.48,74.05,OpenAQ-Historical,2026-10-06 10:05:32
473,2026-09-26 02:00:00,LOC-JKT-01,Stasiun Jakarta Pusat,27.36,45.52,OpenAQ-Historical,2026-10-06 10:05:32
474,2026-09-26 03:00:00,LOC-JKT-01,Stasiun Jakarta Pusat,29.99,46.11,OpenAQ-Historical,2026-10-06 10:05:32
475,2026-09-26 04:00:00,LOC-JKT-01,Stasiun Jakarta Pusat,28.56,46.52,OpenAQ-Historical,2026-10-06 10:05:32
476,2026-09-26 05:00:00,LOC-JKT-01,Stasiun Jakarta Pusat,31.85,52.84,OpenAQ-Historical,2026-10-06 10:05:32
477,2026-09-26 06:00:00,LOC-JKT-01,Stasiun Jakarta Pusat,38.6,60.96,OpenAQ-Historical,2026-10-06 10:05:32
478,2026-09-26 07:00:00,LOC-JKT-01,Stasiun Jakarta Pusat,27.35,42.16,OpenAQ-Historical,2026-10-06 10:05:32
479,2026-09-26 08:00:00,LOC-JKT-01,Stasiun Jakarta Pusat,35.01,54.86,OpenAQ-Historical,2026-10-06 10:05:32
480,2026-09-26 09:00:00,LOC-JKT-01,Stasiun Jakarta Pusat,32.96,52.1,OpenAQ-Historical,2026-10-06 10:05:32
481,2026-09-26 10:00:00,LOC-JKT-01,Stasiun Jakarta Pusat,53.79,83.19,OpenAQ-Historical,2026-10-06 10:05:32
482,2026-09-26 11:00:00,LOC-JKT-01,Stasiun Jakarta Pusat,43.41,71.1,OpenAQ-Historical,2026-10-06 10:05:32
483,2026-09-26 12:00:00,LOC-JKT-01,Stasiun Jakarta Pusat,37.08,58.46,OpenAQ-Historical,2026-10-06 10:05:32
484,2026-09-26 13:00:00,LOC-JKT-01,Stasiun Jakarta Pusat,33.21,48.59,OpenAQ-Historical,2026-10-06 10:05:32
485,2026-09-26 14:00:00,LOC-JKT-01,Stasiun Jakarta Pusat,29.68,47.57,OpenAQ-Historical,2026-10-06 10:05:32
486,2026-09-26 15:00:00,LOC-JKT-01,Stasiun Jakarta Pusat,38.58,54.84,OpenAQ-Historical,2026-10-06 10:05:32
487,2026-09-26 16:00:00,LOC-JKT-01,Stasiun Jakarta Pusat,23.87,37.64,OpenAQ-Historical,2026-10-06 10:05:32
488,2026-09-26 17:00:00,LOC-JKT-01,Stasiun Jakarta Pusat,27.34,42.81,OpenAQ-Historical,2026-10-06 10:05:32
489,2026-09-26 18:00:00,LOC-JKT-01,Stasiun Jakarta Pusat,30.23,48.16,OpenAQ-Historical,2026-10-06 10:05:32
490,2026-09-26 19:00:00,LOC-JKT-01,Stasiun Jakarta Pusat,25.78,40.7,OpenAQ-Historical,2026-10-06 10:05:32
491,2026-09-26 20:00:00,LOC-JKT-01,Stasiun Jakarta Pusat,39.07,62.79,OpenAQ-Historical,2026-10-06 10:05:32
492,2026-09-26 21:00:00,LOC-JKT-01,Stasiun Jakarta Pusat,33.01,52.69,OpenAQ-Historical,2026-10-06 10:05:32
493,2026-09-26 22:00:00,LOC-JKT-01,Stasiun Jakarta Pusat,32.41,49.09,OpenAQ-Historical,2026-10-06 10:05:32
494,2026-09-26 23:00:00,LOC-JKT-01,Stasiun Jakarta Pusat,25.42,39.26,OpenAQ-Historical,2026-10-06 10:05:32
495,2026-09-27 00:00:00,LOC-JKT-01,Stasiun Jakarta Pusat,48.23,74.75,OpenAQ-Historical,2026-10-06 10:05:32
496,2026-09-27 01:00:00,LOC-JKT-01,Stasiun Jakarta Pusat,55.95,87.11,OpenAQ-Historical,2026-10-06 10:05:32
497,2026-09-27 02:00:00,LOC-JKT-01,Stasiun Jakarta Pusat,31.78,48.63,OpenAQ-Historical,2026-10-06 10:05:32
498,2026-09-27 03:00:00,LOC-JKT-01,Stasiun Jakarta Pusat,30.14,49.25,OpenAQ-Historical,2026-10-06 10:05:32
499,2026-09-27 04:00:00,LOC-JKT-01,Stasiun Jakarta Pusat,38.01,57.58,OpenAQ-Historical,2026-10-06 10:05:32
500,2026-09-27 05:00:00,LOC-JKT-01,Stasiun Jakarta Pusat,30.69,49.34,OpenAQ-Historical,2026-10-06 10:05:32
501,2026-09-27 06:00:00,LOC-JKT-01,Stasiun Jakarta Pusat,35.85,53.51,OpenAQ-Historical,2026-10-06 10:05:32
502,2026-09-27 07:00:00,LOC-JKT-01,Stasiun Jakarta Pusat,32.53,52.66,OpenAQ-Historical,2026-10-06 10:05:32
503,2026-09-27 08:00:00,LOC-JKT-01,Stasiun Jakarta Pusat,32.04,48.53,OpenAQ-Historical,2026-10-06 10:05:32
504,2026-09-27 09:00:00,LOC-JKT-01,Stasiun Jakarta Pusat,30.02,45.06,OpenAQ-Historical,2026-10-06 10:05:32
505,2026-09-27 10:00:00,LOC-JKT-01,Stasiun Jakarta Pusat,46.51,72.77,OpenAQ-Historical,2026-10-06 10:05:32
506,2026-09-27 11:00:00,LOC-JKT-01,Stasiun Jakarta Pusat,52.94,80.33,OpenAQ-Historical,2026-10-06 10:05:32
507,2026-09-27 12:00:00,LOC-JKT-01,Stasiun Jakarta Pusat,34.65,54.56,OpenAQ-Historical,2026-10-06 10:05:32
508,2026-09-27 13:00:00,LOC-JKT-01,Stasiun Jakarta Pusat,38.46,58.59,OpenAQ-Historical,2026-10-06 10:05:32
509,2026-09-27 14:00:00,LOC-JKT-01,Stasiun Jakarta Pusat,34.28,53.72,OpenAQ-Historical,2026-10-06 10:05:32
510,2026-09-27 15:00:00,LOC-JKT-01,Stasiun Jakarta Pusat,35.65,56.18,OpenAQ-Historical,2026-10-06 10:05:32
511,2026-09-27 16:00:00,LOC-JKT-01,Stasiun Jakarta Pusat,34.96,55.04,OpenAQ-Historical,2026-10-06 10:05:33
512,2026-09-27 17:00:00,LOC-JKT-01,Stasiun Jakarta Pusat,34.3,54.09,OpenAQ-Historical,2026-10-06 10:05:33
513,2026-09-27 18:00:00,LOC-JKT-01,Stasiun Jakarta Pusat,31.59,48.71,OpenAQ-Historical,2026-10-06 10:05:33
514,2026-09-27 19:00:00,LOC-JKT-01,Stasiun Jakarta Pusat,31.85,50.35,OpenAQ-Historical,2026-10-06 10:05:33
515,2026-09-27 20:00:00,LOC-JKT-01,Stasiun Jakarta Pusat,22.34,34.23,OpenAQ-Historical,2026-10-06 10:05:33
516,2026-09-27 21:00:00,LOC-JKT-01,Stasiun Jakarta Pusat,29.68,47.99,OpenAQ-Historical,2026-10-06 10:05:33
517,2026-09-27 22:00:00,LOC-JKT-01,Stasiun Jakarta Pusat,31.28,46.5,OpenAQ-Historical,2026-10-06 10:05:33
518,2026-09-27 23:00:00,LOC-JKT-01,Stasiun Jakarta Pusat,40.64,61.52,OpenAQ-Historical,2026-10-06 10:05:33
519,2026-09-28 00:00:00,LOC-JKT-01,Stasiun Jakarta Pusat,46.83,73.19,OpenAQ-Historical,2026-10-06 10:05:33
520,2026-09-28 01:00:00,LOC-JKT-01,Stasiun Jakarta Pusat,44.42,72.48,OpenAQ-Historical,2026-10-06 10:05:33
521,2026-09-28 02:00:00,LOC-JKT-01,Stasiun Jakarta Pusat,29.13,45.09,OpenAQ-Historical,2026-10-06 10:05:33
522,2026-09-28 03:00:00,LOC-JKT-01,Stasiun Jakarta Pusat,34.1,52.18,OpenAQ-Historical,2026-10-06 10:05:33
523,2026-09-28 04:00:00,LOC-JKT-01,Stasiun Jakarta Pusat,42.55,64.85,OpenAQ-Historical,2026-10-06 10:05:33
524,2026-09-28 05:00:00,LOC-JKT-01,Stasiun Jakarta Pusat,33.37,54.52,OpenAQ-Historical,2026-10-06 10:05:33
525,2026-09-28 06:00:00,LOC-JKT-01,Stasiun Jakarta Pusat,29.85,47.75,OpenAQ-Historical,2026-10-06 10:05:33
526,2026-09-28 07:00:00,LOC-JKT-01,Stasiun Jakarta Pusat,32.59,52.26,OpenAQ-Historical,2026-10-06 10:05:33
527,2026-09-28 08:00:00,LOC-JKT-01,Stasiun Jakarta Pusat,30.89,44.28,OpenAQ-Historical,2026-10-06 10:05:33
528,2026-09-28 09:00:00,LOC-JKT-01,Stasiun Jakarta Pusat,31.11,48.49,OpenAQ-Historical,2026-10-06 10:05:33
529,2026-09-28 10:00:00,LOC-JKT-01,Stasiun Jakarta Pusat,44.09,67.86,OpenAQ-Historical,2026-10-06 10:05:33
530,2026-09-28 11:00:00,LOC-JKT-01,Stasiun Jakarta Pusat,54.55,82.66,OpenAQ-Historical,2026-10-06 10:05:33
531,2026-09-28 12:00:00,LOC-JKT-01,Stasiun Jakarta Pusat,32.16,47.5,OpenAQ-Historical,2026-10-06 10:05:33
532,2026-09-28 13:00:00,LOC-JKT-01,Stasiun Jakarta Pusat,39.71,61.78,OpenAQ-Historical,2026-10-06 10:05:33
533,2026-09-28 14:00:00,LOC-JKT-01,Stasiun Jakarta Pusat,32.8,50.18,OpenAQ-Historical,2026-10-06 10:05:33
534,2026-09-28 15:00:00,LOC-JKT-01,Stasiun Jakarta Pusat,36.57,52.74,OpenAQ-Historical,2026-10-06 10:05:33
535,2026-09-28 16:00:00,LOC-JKT-01,Stasiun Jakarta Pusat,41.0,62.73,OpenAQ-Historical,2026-10-06 10:05:33
536,2026-09-28 17:00:00,LOC-JKT-01,Stasiun Jakarta Pusat,36.36,58.87,OpenAQ-Historical,2026-10-06 10:05:33
537,2026-09-28 18:00:00,LOC-JKT-01,Stasiun Jakarta Pusat,26.47,40.96,OpenAQ-Historical,2026-10-06 10:05:33
538,2026-09-28 19:00:00,LOC-JKT-01,Stasiun Jakarta Pusat,35.21,54.02,OpenAQ-Historical,2026-10-06 10:05:33
539,2026-09-28 20:00:00,LOC-JKT-01,Stasiun Jakarta Pusat,25.73,44.17,OpenAQ-Historical,2026-10-06 10:05:33
540,2026-09-28 21:00:00,LOC-JKT-01,Stasiun Jakarta Pusat,36.73,55.58,OpenAQ-Historical,2026-10-06 10:05:33
541,2026-09-28 22:00:00,LOC-JKT-01,Stasiun Jakarta Pusat,32.78,47.51,OpenAQ-Historical,2026-10-06 10:05:33
542,2026-09-28 23:00:00,LOC-JKT-01,Stasiun Jakarta Pusat,36.34,56.27,OpenAQ-Historical,2026-10-06 10:05:33
543,2026-09-29 00:00:00,LOC-JKT-01,Stasiun Jakarta Pusat,45.04,70.12,OpenAQ-Historical,2026-10-06 10:05:33
544,2026-09-29 01:00:00,LOC-JKT-01,Stasiun Jakarta Pusat,50.5,73.78,OpenAQ-Historical,2026-10-06 10:05:33
545,2026-09-29 02:00:00,LOC-JKT-01,Stasiun Jakarta Pusat,33.76,50.6,OpenAQ-Historical,2026-10-06 10:05:33
546,2026-09-29 03:00:00,LOC-JKT-01,Stasiun Jakarta Pusat,37.37,54.6,OpenAQ-Historical,2026-10-06 10:05:33
547,2026-09-29 04:00:00,LOC-JKT-01,Stasiun Jakarta Pusat,34.79,50.92,OpenAQ-Historical,2026-10-06 10:05:33
548,2026-09-29 05:00:00,LOC-JKT-01,Stasiun Jakarta Pusat,35.34,57.71,OpenAQ-Historical,2026-10-06 10:05:33
549,2026-09-29 06:00:00,LOC-JKT-01,Stasiun Jakarta Pusat,36.31,55.28,OpenAQ-Historical,2026-10-06 10:05:33
550,2026-09-29 07:00:00,LOC-JKT-01,Stasiun Jakarta Pusat,33.76,53.44,OpenAQ-Historical,2026-10-06 10:05:33
551,2026-09-29 08:00:00,LOC-JKT-01,Stasiun Jakarta Pusat,35.25,57.83,OpenAQ-Historical,2026-10-06 10:05:33
552,2026-09-29 09:00:00,LOC-JKT-01,Stasiun Jakarta Pusat,37.31,57.55,OpenAQ-Historical,2026-10-06 10:05:33
553,2026-09-29 10:00:00,LOC-JKT-01,Stasiun Jakarta Pusat,50.1,77.86,OpenAQ-Historical,2026-10-06 10:05:33
554,2026-09-29 11:00:00,LOC-JKT-01,Stasiun Jakarta Pusat,57.12,91.22,OpenAQ-Historical,2026-10-06 10:05:33
555,2026-09-29 12:00:00,LOC-JKT-01,Stasiun Jakarta Pusat,35.92,55.19,OpenAQ-Historical,2026-10-06 10:05:33
556,2026-09-29 13:00:00,LOC-JKT-01,Stasiun Jakarta Pusat,33.69,55.27,OpenAQ-Historical,2026-10-06 10:05:33
557,2026-09-29 14:00:00,LOC-JKT-01,Stasiun Jakarta Pusat,33.92,52.07,OpenAQ-Historical,2026-10-06 10:05:33
558,2026-09-29 15:00:00,LOC-JKT-01,Stasiun Jakarta Pusat,37.02,58.73,OpenAQ-Historical,2026-10-06 10:05:33
559,2026-09-29 16:00:00,LOC-JKT-01,Stasiun Jakarta Pusat,34.16,54.23,OpenAQ-Historical,2026-10-06 10:05:33
560,2026-09-29 17:00:00,LOC-JKT-01,Stasiun Jakarta Pusat,38.74,58.57,OpenAQ-Historical,2026-10-06 10:05:33
561,2026-09-29 18:00:00,LOC-JKT-01,Stasiun Jakarta Pusat,31.13,50.39,OpenAQ-Historical,2026-10-06 10:05:33
562,2026-09-29 19:00:00,LOC-JKT-01,Stasiun Jakarta Pusat,25.22,36.43,OpenAQ-Historical,2026-10-06 10:05:33
563,2026-09-29 20:00:00,LOC-JKT-01,Stasiun Jakarta Pusat,34.3,55.99,OpenAQ-Historical,2026-10-06 10:05:33
564,2026-09-29 21:00:00,LOC-JKT-01,Stasiun Jakarta Pusat,31.87,52.17,OpenAQ-Historical,2026-10-06 10:05:33
565,2026-09-29 22:00:00,LOC-JKT-01,Stasiun Jakarta Pusat,32.3,50.56,OpenAQ-Historical,2026-10-06 10:05:33
566,2026-09-29 23:00:00,LOC-JKT-01,Stasiun Jakarta Pusat,35.88,56.17,OpenAQ-Historical,2026-10-06 10:05:33
567,2026-09-30 00:00:00,LOC-JKT-01,Stasiun Jakarta Pusat,50.04,80.18,OpenAQ-Historical,2026-10-06 10:05:33
568,2026-09-30 01:00:00,LOC-JKT-01,Stasiun Jakarta Pusat,51.36,80.94,OpenAQ-Historical,2026-10-06 10:05:33
569,2026-09-30 02:00:00,LOC-JKT-01,Stasiun Jakarta Pusat,29.56,47.32,OpenAQ-Historical,2026-10-06 10:05:33
570,2026-09-30 03:00:00,LOC-JKT-01,Stasiun Jakarta Pusat,31.13,50.31,OpenAQ-Historical,2026-10-06 10:05:33
571,2026-09-30 04:00:00,LOC-JKT-01,Stasiun Jakarta Pusat,30.94,49.17,OpenAQ-Historical,2026-10-06 10:05:33
572,2026-09-30 05:00:00,LOC-JKT-01,Stasiun Jakarta Pusat,40.78,59.78,OpenAQ-Historical,2026-10-06 10:05:33
573,2026-09-30 06:00:00,LOC-JKT-01,Stasiun Jakarta Pusat,26.77,42.61,OpenAQ-Historical,2026-10-06 10:05:33
574,2026-09-30 07:00:00,LOC-JKT-01,Stasiun Jakarta Pusat,35.62,55.99,OpenAQ-Historical,2026-10-06 10:05:33
575,2026-09-30 08:00:00,LOC-JKT-01,Stasiun Jakarta Pusat,30.53,49.17,OpenAQ-Historical,2026-10-06 10:05:33
576,2026-09-30 09:00:00,LOC-JKT-01,Stasiun Jakarta Pusat,27.48,42.71,OpenAQ-Historical,2026-10-06 10:05:33
577,2026-09-30 10:00:00,LOC-JKT-01,Stasiun Jakarta Pusat,49.07,75.67,OpenAQ-Historical,2026-10-06 10:05:33
578,2026-09-30 11:00:00,LOC-JKT-01,Stasiun Jakarta Pusat,48.71,75.06,OpenAQ-Historical,2026-10-06 10:05:33
579,2026-09-30 12:00:00,LOC-JKT-01,Stasiun Jakarta Pusat,33.44,51.99,OpenAQ-Historical,2026-10-06 10:05:33
580,2026-09-30 13:00:00,LOC-JKT-01,Stasiun Jakarta Pusat,32.72,51.05,OpenAQ-Historical,2026-10-06 10:05:33
581,2026-09-30 14:00:00,LOC-JKT-01,Stasiun Jakarta Pusat,33.84,55.79,OpenAQ-Historical,2026-10-06 10:05:33
582,2026-09-30 15:00:00,LOC-JKT-01,Stasiun Jakarta Pusat,31.54,47.84,OpenAQ-Historical,2026-10-06 10:05:33
583,2026-09-30 16:00:00,LOC-JKT-01,Stasiun Jakarta Pusat,33.07,52.56,OpenAQ-Historical,2026-10-06 10:05:33
584,2026-09-30 17:00:00,LOC-JKT-01,Stasiun Jakarta Pusat,29.65,46.24,OpenAQ-Historical,2026-10-06 10:05:33
585,2026-09-30 18:00:00,LOC-JKT-01,Stasiun Jakarta Pusat,28.76,45.28,OpenAQ-Historical,2026-10-06 10:05:33
586,2026-09-30 19:00:00,LOC-JKT-01,Stasiun Jakarta Pusat,31.04,46.68,OpenAQ-Historical,2026-10-06 10:05:33
587,2026-09-30 20:00:00,LOC-JKT-01,Stasiun Jakarta Pusat,33.84,58.3,OpenAQ-Historical,2026-10-06 10:05:33
588,2026-09-30 21:00:00,LOC-JKT-01,Stasiun Jakarta Pusat,28.52,44.4,OpenAQ-Historical,2026-10-06 10:05:33
589,2026-09-30 22:00:00,LOC-JKT-01,Stasiun Jakarta Pusat,29.03,44.09,OpenAQ-Historical,2026-10-06 10:05:33
590,2026-09-30 23:00:00,LOC-JKT-01,Stasiun Jakarta Pusat,27.09,40.26,OpenAQ-Historical,2026-10-06 10:05:33
591,2026-10-01 00:00:00,LOC-JKT-01,Stasiun Jakarta Pusat,52.68,84.94,OpenAQ-Historical,2026-10-06 10:05:33
592,2026-10-01 01:00:00,LOC-JKT-01,Stasiun Jakarta Pusat,49.64,76.3,OpenAQ-Historical,2026-10-06 10:05:33
593,2026-10-01 02:00:00,LOC-JKT-01,Stasiun Jakarta Pusat,32.9,51.63,OpenAQ-Historical,2026-10-06 10:05:33
594,2026-10-01 03:00:00,LOC-JKT-01,Stasiun Jakarta Pusat,34.97,53.2,OpenAQ-Historical,2026-10-06 10:05:33
595,2026-10-01 04:00:00,LOC-JKT-01,Stasiun Jakarta Pusat,24.51,35.89,OpenAQ-Historical,2026-10-06 10:05:33
596,2026-10-01 05:00:00,LOC-JKT-01,Stasiun Jakarta Pusat,26.35,43.34,OpenAQ-Historical,2026-10-06 10:05:33
597,2026-10-01 06:00:00,LOC-JKT-01,Stasiun Jakarta Pusat,28.59,44.86,OpenAQ-Historical,2026-10-06 10:05:33
598,2026-10-01 07:00:00,LOC-JKT-01,Stasiun Jakarta Pusat,26.41,44.85,OpenAQ-Historical,2026-10-06 10:05:33
599,2026-10-01 08:00:00,LOC-JKT-01,Stasiun Jakarta Pusat,30.92,46.16,OpenAQ-Historical,2026-10-06 10:05:33
600,2026-10-01 09:00:00,LOC-JKT-01,Stasiun Jakarta Pusat,34.09,52.14,OpenAQ-Historical,2026-10-06 10:05:33
601,2026-10-01 10:00:00,LOC-JKT-01,Stasiun Jakarta Pusat,51.96,81.13,OpenAQ-Historical,2026-10-06 10:05:33
602,2026-10-01 11:00:00,LOC-JKT-01,Stasiun Jakarta Pusat,44.13,70.81,OpenAQ-Historical,2026-10-06 10:05:33
603,2026-10-01 12:00:00,LOC-JKT-01,Stasiun Jakarta Pusat,32.35,51.64,OpenAQ-Historical,2026-10-06 10:05:33
604,2026-10-01 13:00:00,LOC-JKT-01,Stasiun Jakarta Pusat,34.35,53.27,OpenAQ-Historical,2026-10-06 10:05:33
605,2026-10-01 14:00:00,LOC-JKT-01,Stasiun Jakarta Pusat,32.82,51.32,OpenAQ-Historical,2026-10-06 10:05:33
606,2026-10-01 15:00:00,LOC-JKT-01,Stasiun Jakarta Pusat,30.35,46.25,OpenAQ-Historical,2026-10-06 10:05:33
607,2026-10-01 16:00:00,LOC-JKT-01,Stasiun Jakarta Pusat,29.75,46.13,OpenAQ-Historical,2026-10-06 10:05:33
608,2026-10-01 17:00:00,LOC-JKT-01,Stasiun Jakarta Pusat,32.81,48.9,OpenAQ-Historical,2026-10-06 10:05:33
609,2026-10-01 18:00:00,LOC-JKT-01,Stasiun Jakarta Pusat,29.5,44.19,OpenAQ-Historical,2026-10-06 10:05:33
610,2026-10-01 19:00:00,LOC-JKT-01,Stasiun Jakarta Pusat,40.59,63.63,OpenAQ-Historical,2026-10-06 10:05:33
611,2026-10-01 20:00:00,LOC-JKT-01,Stasiun Jakarta Pusat,27.21,43.9,OpenAQ-Historical,2026-10-06 10:05:33
612,2026-10-01 21:00:00,LOC-JKT-01,Stasiun Jakarta Pusat,32.58,51.68,OpenAQ-Historical,2026-10-06 10:05:33
613,2026-10-01 22:00:00,LOC-JKT-01,Stasiun Jakarta Pusat,30.86,45.74,OpenAQ-Historical,2026-10-06 10:05:33
614,2026-10-01 23:00:00,LOC-JKT-01,Stasiun Jakarta Pusat,37.04,54.59,OpenAQ-Historical,2026-10-06 10:05:33
615,2026-10-02 00:00:00,LOC-JKT-01,Stasiun Jakarta Pusat,51.57,78.5,OpenAQ-Historical,2026-10-06 10:05:33
616,2026-10-02 01:00:00,LOC-JKT-01,Stasiun Jakarta Pusat,46.46,69.33,OpenAQ-Historical,2026-10-06 10:05:33
617,2026-10-02 02:00:00,LOC-JKT-01,Stasiun Jakarta Pusat,36.2,56.19,OpenAQ-Historical,2026-10-06 10:05:33
618,2026-10-02 03:00:00,LOC-JKT-01,Stasiun Jakarta Pusat,24.19,39.4,OpenAQ-Historical,2026-10-06 10:05:33
619,2026-10-02 04:00:00,LOC-JKT-01,Stasiun Jakarta Pusat,36.43,57.61,OpenAQ-Historical,2026-10-06 10:05:33
620,2026-10-02 05:00:00,LOC-JKT-01,Stasiun Jakarta Pusat,26.55,40.63,OpenAQ-Historical,2026-10-06 10:05:33
621,2026-10-02 06:00:00,LOC-JKT-01,Stasiun Jakarta Pusat,34.11,49.6,OpenAQ-Historical,2026-10-06 10:05:33
622,2026-10-02 07:00:00,LOC-JKT-01,Stasiun Jakarta Pusat,30.76,45.73,OpenAQ-Historical,2026-10-06 10:05:33
623,2026-10-02 08:00:00,LOC-JKT-01,Stasiun Jakarta Pusat,33.6,55.37,OpenAQ-Historical,2026-10-06 10:05:33
624,2026-10-02 09:00:00,LOC-JKT-01,Stasiun Jakarta Pusat,30.78,47.02,OpenAQ-Historical,2026-10-06 10:05:33
625,2026-10-02 10:00:00,LOC-JKT-01,Stasiun Jakarta Pusat,46.95,71.83,OpenAQ-Historical,2026-10-06 10:05:33
626,2026-10-02 11:00:00,LOC-JKT-01,Stasiun Jakarta Pusat,49.7,80.53,OpenAQ-Historical,2026-10-06 10:05:33
627,2026-10-02 12:00:00,LOC-JKT-01,Stasiun Jakarta Pusat,30.87,42.99,OpenAQ-Historical,2026-10-06 10:05:33
628,2026-10-02 13:00:00,LOC-JKT-01,Stasiun Jakarta Pusat,32.09,46.06,OpenAQ-Historical,2026-10-06 10:05:33
629,2026-10-02 14:00:00,LOC-JKT-01,Stasiun Jakarta Pusat,37.1,59.13,OpenAQ-Historical,2026-10-06 10:05:33
630,2026-10-02 15:00:00,LOC-JKT-01,Stasiun Jakarta Pusat,32.25,52.44,OpenAQ-Historical,2026-10-06 10:05:33
631,2026-10-02 16:00:00,LOC-JKT-01,Stasiun Jakarta Pusat,32.58,53.48,OpenAQ-Historical,2026-10-06 10:05:33
632,2026-10-02 17:00:00,LOC-JKT-01,Stasiun Jakarta Pusat,40.94,61.76,OpenAQ-Historical,2026-10-06 10:05:33
633,2026-10-02 18:00:00,LOC-JKT-01,Stasiun Jakarta Pusat,33.51,47.67,OpenAQ-Historical,2026-10-06 10:05:33
634,2026-10-02 19:00:00,LOC-JKT-01,Stasiun Jakarta Pusat,31.29,47.96,OpenAQ-Historical,2026-10-06 10:05:33
635,2026-10-02 20:00:00,LOC-JKT-01,Stasiun Jakarta Pusat,32.68,48.02,OpenAQ-Historical,2026-10-06 10:05:33
636,2026-10-02 21:00:00,LOC-JKT-01,Stasiun Jakarta Pusat,32.65,53.1,OpenAQ-Historical,2026-10-06 10:05:33
637,2026-10-02 22:00:00,LOC-JKT-01,Stasiun Jakarta Pusat,29.51,46.42,OpenAQ-Historical,2026-10-06 10:05:33
638,2026-10-02 23:00:00,LOC-JKT-01,Stasiun Jakarta Pusat,26.99,41.21,OpenAQ-Historical,2026-10-06 10:05:33
639,2026-10-03 00:00:00,LOC-JKT-01,Stasiun Jakarta Pusat,38.28,62.17,OpenAQ-Historical,2026-10-06 10:05:33
640,2026-10-03 01:00:00,LOC-JKT-01,Stasiun Jakarta Pusat,54.18,83.91,OpenAQ-Historical,2026-10-06 10:05:33
641,2026-10-03 02:00:00,LOC-JKT-01,Stasiun Jakarta Pusat,28.73,45.51,OpenAQ-Historical,2026-10-06 10:05:33
642,2026-10-03 03:00:00,LOC-JKT-01,Stasiun Jakarta Pusat,30.34,46.15,OpenAQ-Historical,2026-10-06 10:05:33
643,2026-10-03 04:00:00,LOC-JKT-01,Stasiun Jakarta Pusat,31.85,51.07,OpenAQ-Historical,2026-10-06 10:05:33
644,2026-10-03 05:00:00,LOC-JKT-01,Stasiun Jakarta Pusat,32.52,48.93,OpenAQ-Historical,2026-10-06 10:05:33
645,2026-10-03 06:00:00,LOC-JKT-01,Stasiun Jakarta Pusat,25.94,38.57,OpenAQ-Historical,2026-10-06 10:05:33
646,2026-10-03 07:00:00,LOC-JKT-01,Stasiun Jakarta Pusat,35.09,54.44,OpenAQ-Historical,2026-10-06 10:05:33
647,2026-10-03 08:00:00,LOC-JKT-01,Stasiun Jakarta Pusat,36.03,54.87,OpenAQ-Historical,2026-10-06 10:05:33
648,2026-10-03 09:00:00,LOC-JKT-01,Stasiun Jakarta Pusat,35.56,54.55,OpenAQ-Historical,2026-10-06 10:05:33
649,2026-10-03 10:00:00,LOC-JKT-01,Stasiun Jakarta Pusat,55.69,87.49,OpenAQ-Historical,2026-10-06 10:05:33
650,2026-10-03 11:00:00,LOC-JKT-01,Stasiun Jakarta Pusat,46.3,73.56,OpenAQ-Historical,2026-10-06 10:05:33
651,2026-10-03 12:00:00,LOC-JKT-01,Stasiun Jakarta Pusat,20.88,32.67,OpenAQ-Historical,2026-10-06 10:05:33
652,2026-10-03 13:00:00,LOC-JKT-01,Stasiun Jakarta Pusat,29.14,43.25,OpenAQ-Historical,2026-10-06 10:05:33
653,2026-10-03 14:00:00,LOC-JKT-01,Stasiun Jakarta Pusat,35.54,53.5,OpenAQ-Historical,2026-10-06 10:05:33
654,2026-10-03 15:00:00,LOC-JKT-01,Stasiun Jakarta Pusat,31.48,47.58,OpenAQ-Historical,2026-10-06 10:05:33
655,2026-10-03 16:00:00,LOC-JKT-01,Stasiun Jakarta Pusat,32.58,50.0,OpenAQ-Historical,2026-10-06 10:05:33
656,2026-10-03 17:00:00,LOC-JKT-01,Stasiun Jakarta Pusat,33.53,53.38,OpenAQ-Historical,2026-10-06 10:05:33
657,2026-10-03 18:00:00,LOC-JKT-01,Stasiun Jakarta Pusat,33.17,54.83,OpenAQ-Historical,2026-10-06 10:05:33
658,2026-10-03 19:00:00,LOC-JKT-01,Stasiun Jakarta Pusat,34.63,48.74,OpenAQ-Historical,2026-10-06 10:05:33
659,2026-10-03 20:00:00,LOC-JKT-01,Stasiun Jakarta Pusat,28.8,44.84,OpenAQ-Historical,2026-10-06 10:05:33
660,2026-10-03 21:00:00,LOC-JKT-01,Stasiun Jakarta Pusat,37.21,53.12,OpenAQ-Historical,2026-10-06 10:05:33
661,2026-10-03 22:00:00,LOC-JKT-01,Stasiun Jakarta Pusat,35.16,55.55,OpenAQ-Historical,2026-10-06 10:05:33
662,2026-10-03 23:00:00,LOC-JKT-01,Stasiun Jakarta Pusat,35.79,56.46,OpenAQ-Historical,2026-10-06 10:05:33
663,2026-10-04 00:00:00,LOC-JKT-01,Stasiun Jakarta Pusat,45.71,71.12,OpenAQ-Historical,2026-10-06 10:05:33
664,2026-10-04 01:00:00,LOC-JKT-01,Stasiun Jakarta Pusat,53.13,80.75,OpenAQ-Historical,2026-10-06 10:05:33
665,2026-10-04 02:00:00,LOC-JKT-01,Stasiun Jakarta Pusat,33.23,50.31,OpenAQ-Historical,2026-10-06 10:05:33
666,2026-10-04 03:00:00,LOC-JKT-01,Stasiun Jakarta Pusat,37.26,57.77,OpenAQ-Historical,2026-10-06 10:05:33
667,2026-10-04 04:00:00,LOC-JKT-01,Stasiun Jakarta Pusat,30.05,45.82,OpenAQ-Historical,2026-10-06 10:05:33
668,2026-10-04 05:00:00,LOC-JKT-01,Stasiun Jakarta Pusat,39.99,61.01,OpenAQ-Historical,2026-10-06 10:05:33
669,2026-10-04 06:00:00,LOC-JKT-01,Stasiun Jakarta Pusat,28.85,45.53,OpenAQ-Historical,2026-10-06 10:05:33
670,2026-10-04 07:00:00,LOC-JKT-01,Stasiun Jakarta Pusat,36.06,56.14,OpenAQ-Historical,2026-10-06 10:05:33
671,2026-10-04 08:00:00,LOC-JKT-01,Stasiun Jakarta Pusat,32.47,51.56,OpenAQ-Historical,2026-10-06 10:05:33
672,2026-10-04 09:00:00,LOC-JKT-01,Stasiun Jakarta Pusat,35.93,54.16,OpenAQ-Historical,2026-10-06 10:05:33
673,2026-10-04 10:00:00,LOC-JKT-01,Stasiun Jakarta Pusat,48.0,75.71,OpenAQ-Historical,2026-10-06 10:05:33
674,2026-10-04 11:00:00,LOC-JKT-01,Stasiun Jakarta Pusat,51.61,79.33,OpenAQ-Historical,2026-10-06 10:05:33
675,2026-10-04 12:00:00,LOC-JKT-01,Stasiun Jakarta Pusat,31.32,50.38,OpenAQ-Historical,2026-10-06 10:05:33
676,2026-10-04 13:00:00,LOC-JKT-01,Stasiun Jakarta Pusat,30.48,44.73,OpenAQ-Historical,2026-10-06 10:05:33
677,2026-10-04 14:00:00,LOC-JKT-01,Stasiun Jakarta Pusat,29.35,45.65,OpenAQ-Historical,2026-10-06 10:05:33
678,2026-10-04 15:00:00,LOC-JKT-01,Stasiun Jakarta Pusat,28.42,42.99,OpenAQ-Historical,2026-10-06 10:05:33
679,2026-10-04 16:00:00,LOC-JKT-01,Stasiun Jakarta Pusat,36.94,56.07,OpenAQ-Historical,2026-10-06 10:05:33
680,2026-10-04 17:00:00,LOC-JKT-01,Stasiun Jakarta Pusat,39.01,58.85,OpenAQ-Historical,2026-10-06 10:05:33
681,2026-10-04 18:00:00,LOC-JKT-01,Stasiun Jakarta Pusat,30.02,51.25,OpenAQ-Historical,2026-10-06 10:05:33
682,2026-10-04 19:00:00,LOC-JKT-01,Stasiun Jakarta Pusat,29.16,43.03,OpenAQ-Historical,2026-10-06 10:05:33
683,2026-10-04 20:00:00,LOC-JKT-01,Stasiun Jakarta Pusat,27.89,46.07,OpenAQ-Historical,2026-10-06 10:05:33
684,2026-10-04 21:00:00,LOC-JKT-01,Stasiun Jakarta Pusat,30.93,46.7,OpenAQ-Historical,2026-10-06 10:05:33
685,2026-10-04 22:00:00,LOC-JKT-01,Stasiun Jakarta Pusat,36.57,57.79,OpenAQ-Historical,2026-10-06 10:05:33
686,2026-10-04 23:00:00,LOC-JKT-01,Stasiun Jakarta Pusat,31.71,48.38,OpenAQ-Historical,2026-10-06 10:05:33
687,2026-10-05 00:00:00,LOC-JKT-01,Stasiun Jakarta Pusat,51.72,78.25,OpenAQ-Historical,2026-10-06 10:05:33
688,2026-10-05 01:00:00,LOC-JKT-01,Stasiun Jakarta Pusat,52.96,81.37,OpenAQ-Historical,2026-10-06 10:05:33
689,2026-10-05 02:00:00,LOC-JKT-01,Stasiun Jakarta Pusat,39.63,63.67,OpenAQ-Historical,2026-10-06 10:05:33
690,2026-10-05 03:00:00,LOC-JKT-01,Stasiun Jakarta Pusat,31.03,47.38,OpenAQ-Historical,2026-10-06 10:05:33
691,2026-10-05 04:00:00,LOC-JKT-01,Stasiun Jakarta Pusat,30.7,48.15,OpenAQ-Historical,2026-10-06 10:05:33
692,2026-10-05 05:00:00,LOC-JKT-01,Stasiun Jakarta Pusat,30.95,51.91,OpenAQ-Historical,2026-10-06 10:05:33
693,2026-10-05 06:00:00,LOC-JKT-01,Stasiun Jakarta Pusat,33.27,47.87,OpenAQ-Historical,2026-10-06 10:05:33
694,2026-10-05 07:00:00,LOC-JKT-01,Stasiun Jakarta Pusat,32.24,48.89,OpenAQ-Historical,2026-10-06 10:05:33
695,2026-10-05 08:00:00,LOC-JKT-01,Stasiun Jakarta Pusat,29.05,45.43,OpenAQ-Historical,2026-10-06 10:05:33
696,2026-10-05 09:00:00,LOC-JKT-01,Stasiun Jakarta Pusat,40.43,64.69,OpenAQ-Historical,2026-10-06 10:05:33
697,2026-10-05 10:00:00,LOC-JKT-01,Stasiun Jakarta Pusat,49.16,75.71,OpenAQ-Historical,2026-10-06 10:05:33
698,2026-10-05 11:00:00,LOC-JKT-01,Stasiun Jakarta Pusat,52.95,84.83,OpenAQ-Historical,2026-10-06 10:05:33
699,2026-10-05 12:00:00,LOC-JKT-01,Stasiun Jakarta Pusat,32.72,48.22,OpenAQ-Historical,2026-10-06 10:05:33
700,2026-10-05 13:00:00,LOC-JKT-01,Stasiun Jakarta Pusat,27.05,40.69,OpenAQ-Historical,2026-10-06 10:05:33
701,2026-10-05 14:00:00,LOC-JKT-01,Stasiun Jakarta Pusat,32.92,52.61,OpenAQ-Historical,2026-10-06 10:05:33
702,2026-10-05 15:00:00,LOC-JKT-01,Stasiun Jakarta Pusat,34.88,54.53,OpenAQ-Historical,2026-10-06 10:05:33
703,2026-10-05 16:00:00,LOC-JKT-01,Stasiun Jakarta Pusat,30.99,49.85,OpenAQ-Historical,2026-10-06 10:05:33
704,2026-10-05 17:00:00,LOC-JKT-01,Stasiun Jakarta Pusat,29.55,45.08,OpenAQ-Historical,2026-10-06 10:05:33
705,2026-10-05 18:00:00,LOC-JKT-01,Stasiun Jakarta Pusat,35.16,57.38,OpenAQ-Historical,2026-10-06 10:05:33
706,2026-10-05 19:00:00,LOC-JKT-01,Stasiun Jakarta Pusat,38.8,56.74,OpenAQ-Historical,2026-10-06 10:05:33
707,2026-10-05 20:00:00,LOC-JKT-01,Stasiun Jakarta Pusat,28.33,44.05,OpenAQ-Historical,2026-10-06 10:05:33
708,2026-10-05 21:00:00,LOC-JKT-01,Stasiun Jakarta Pusat,36.65,55.27,OpenAQ-Historical,2026-10-06 10:05:33
709,2026-10-05 22:00:00,LOC-JKT-01,Stasiun Jakarta Pusat,31.18,47.84,OpenAQ-Historical,2026-10-06 10:05:33
710,2026-10-05 23:00:00,LOC-JKT-01,Stasiun Jakarta Pusat,38.8,63.9,OpenAQ-Historical,2026-10-06 10:05:33
711,2026-10-06 00:00:00,LOC-JKT-01,Stasiun Jakarta Pusat,51.58,78.76,OpenAQ-Historical,2026-10-06 10:05:33
712,2026-10-06 01:00:00,LOC-JKT-01,Stasiun Jakarta Pusat,47.6,71.92,OpenAQ-Historical,2026-10-06 10:05:33
713,2026-10-06 02:00:00,LOC-JKT-01,Stasiun Jakarta Pusat,38.06,59.32,OpenAQ-Historical,2026-10-06 10:05:33
714,2026-10-06 03:00:00,LOC-JKT-01,Stasiun Jakarta Pusat,31.77,50.19,OpenAQ-Historical,2026-10-06 10:05:33
715,2026-10-06 04:00:00,LOC-JKT-01,Stasiun Jakarta Pusat,33.55,49.71,OpenAQ-Historical,2026-10-06 10:05:33
716,2026-10-06 05:00:00,LOC-JKT-01,Stasiun Jakarta Pusat,26.59,43.57,OpenAQ-Historical,2026-10-06 10:05:33
717,2026-10-06 06:00:00,LOC-JKT-01,Stasiun Jakarta Pusat,26.16,40.12,OpenAQ-Historical,2026-10-06 10:05:33
718,2026-10-06 07:00:00,LOC-JKT-01,Stasiun Jakarta Pusat,33.39,51.43,OpenAQ-Historical,2026-10-06 10:05:33
719,2026-10-06 08:00:00,LOC-JKT-01,Stasiun Jakarta Pusat,31.71,51.88,OpenAQ-Historical,2026-10-06 10:05:33
720,2026-10-06 09:00:00,LOC-JKT-01,Stasiun Jakarta Pusat,40.98,63.07,OpenAQ-Historical,2026-10-06 10:05:33
721,2026-10-06 10:00:00,LOC-JKT-01,Stasiun Jakarta Pusat,51.22,80.35,OpenAQ-Historical,2026-10-06 10:05:33
