recorded_at,location_id,pm25,pm10,temperature_c,humidity_pct,wind_speed_kmh,wind_direction_deg,rainfall_mm,traffic_index,is_weekend,is_holiday,hour_of_day,day_of_week,pm25_lag_1h,pm25_lag_24h,pm25_rolling_mean_6h
2026-09-01 00:00:00,LOC-JKT-01,33.94,50.86,25.0,98.0,11.95,215.5,0.0,16.12,0,0,0,1,33.94,33.94,33.94
2026-09-01 01:00:00,LOC-JKT-01,30.64,48.43,23.73,98.0,10.23,155.5,0.0,11.3,0,0,1,1,33.94,33.94,32.29
2026-09-01 02:00:00,LOC-JKT-01,32.02,50.0,23.27,98.0,9.83,282.7,0.0,25.24,0,0,2,1,30.64,33.94,32.2
2026-09-01 03:00:00,LOC-JKT-01,32.04,46.49,23.74,98.0,8.31,246.3,0.0,18.79,0,0,3,1,32.02,33.94,32.16
2026-09-01 04:00:00,LOC-JKT-01,32.54,47.41,25.26,97.39,9.12,187.2,0.0,15.87,0,0,4,1,32.04,33.94,32.24
2026-09-01 05:00:00,LOC-JKT-01,31.79,48.12,24.05,98.0,9.32,101.1,0.0,12.85,0,0,5,1,32.54,33.94,32.16
2026-09-01 06:00:00,LOC-JKT-01,32.75,50.14,25.71,94.84,8.02,293.6,0.0,18.58,0,0,6,1,31.79,33.94,31.96
2026-09-01 07:00:00,LOC-JKT-01,41.34,68.15,26.84,83.17,8.2,112.0,0.0,87.5,0,0,7,1,32.75,33.94,33.75
2026-09-01 08:00:00,LOC-JKT-01,46.62,82.38,28.44,85.01,8.38,256.8,0.0,89.48,0,0,8,1,41.34,33.94,36.18
2026-09-01 09:00:00,LOC-JKT-01,48.05,68.51,28.93,75.11,9.64,11.3,0.0,81.7,0,0,9,1,46.62,33.94,38.85
2026-09-01 10:00:00,LOC-JKT-01,44.14,69.92,30.57,72.07,12.08,272.0,0.0,53.73,0,0,10,1,48.05,33.94,40.78
2026-09-01 11:00:00,LOC-JKT-01,41.43,63.23,32.61,67.22,12.16,321.3,0.0,56.89,0,0,11,1,44.14,33.94,42.39
2026-09-01 12:00:00,LOC-JKT-01,30.99,47.01,32.08,58.56,17.44,309.9,4.29,46.51,0,0,12,1,41.43,33.94,42.1
2026-09-01 13:00:00,LOC-JKT-01,32.74,45.73,32.2,60.27,15.02,253.1,0.0,57.42,0,0,13,1,30.99,33.94,40.66
2026-09-01 14:00:00,LOC-JKT-01,34.2,52.91,32.14,57.02,13.11,219.4,0.0,53.85,0,0,14,1,32.74,33.94,38.59
2026-09-01 15:00:00,LOC-JKT-01,37.36,62.08,31.91,64.18,13.64,262.2,0.0,59.51,0,0,15,1,34.2,33.94,36.81
2026-09-01 16:00:00,LOC-JKT-01,35.47,50.33,31.69,63.18,17.74,115.5,0.0,55.6,0,0,16,1,37.36,33.94,35.36
2026-09-01 17:00:00,LOC-JKT-01,39.3,58.26,31.74,63.26,15.06,139.2,0.0,89.89,0,0,17,1,35.47,33.94,35.01
2026-09-01 18:00:00,LOC-JKT-01,42.21,66.21,30.46,72.67,13.74,294.2,0.0,81.57,0,0,18,1,39.3,33.94,36.88
2026-09-01 19:00:00,LOC-JKT-01,44.91,73.26,30.29,72.6,13.18,323.0,0.0,82.72,0,0,19,1,42.21,33.94,38.91
2026-09-01 20:00:00,LOC-JKT-01,44.26,65.03,28.68,84.54,8.03,36.5,0.0,49.33,0,0,20,1,44.91,33.94,40.58
2026-09-01 21:00:00,LOC-JKT-01,42.82,69.19,27.86,84.77,9.18,268.7,0.0,43.94,0,0,21,1,44.26,33.94,41.5
2026-09-01 22:00:00,LOC-JKT-01,41.57,65.26,25.56,93.44,9.38,95.5,0.0,39.61,0,0,22,1,42.82,33.94,42.51
2026-09-01 23:00:00,LOC-JKT-01,39.95,64.85,25.98,97.6,10.58,177.3,0.0,47.27,0,0,23,1,41.57,33.94,42.62
2026-09-02 00:00:00,LOC-JKT-01,37.44,59.45,24.64,98.0,8.58,338.6,0.0,14.11,0,0,0,2,39.95,33.94,41.82
2026-09-02 01:00:00,LOC-JKT-01,33.82,52.7,24.1,98.0,13.71,114.1,0.0,8.94,0,0,1,2,37.44,30.64,39.98
2026-09-02 02:00:00,LOC-JKT-01,31.38,49.71,24.5,98.0,8.31,221.4,0.0,15.23,0,0,2,2,33.82,32.02,37.83
2026-09-02 03:00:00,LOC-JKT-01,31.79,50.05,24.6,98.0,9.34,105.7,0.0,19.22,0,0,3,2,31.38,32.04,35.99
2026-09-02 04:00:00,LOC-JKT-01,32.23,49.01,24.62,98.0,10.09,287.4,0.0,18.82,0,0,4,2,31.79,32.54,34.44
2026-09-02 05:00:00,LOC-JKT-01,28.7,45.56,25.93,95.24,10.59,12.9,0.0,14.05,0,0,5,2,32.23,31.79,32.56
2026-09-02 06:00:00,LOC-JKT-01,27.99,41.24,25.92,93.24,8.11,296.1,0.0,15.26,0,0,6,2,28.7,32.75,30.99
2026-09-02 07:00:00,LOC-JKT-01,38.49,62.15,27.88,85.5,8.16,191.3,0.0,83.08,0,0,7,2,27.99,41.34,31.76
2026-09-02 08:00:00,LOC-JKT-01,42.53,67.44,28.51,83.33,9.17,286.3,0.0,78.04,0,0,8,2,38.49,46.62,33.62
2026-09-02 09:00:00,LOC-JKT-01,46.13,75.3,30.36,72.71,9.8,90.1,0.0,80.33,0,0,9,2,42.53,48.05,36.01
2026-09-02 10:00:00,LOC-JKT-01,43.47,68.71,31.05,75.95,13.34,151.1,0.0,62.6,0,0,10,2,46.13,44.14,37.88
2026-09-02 11:00:00,LOC-JKT-01,38.62,55.96,32.3,63.66,13.57,170.4,0.0,54.64,0,0,11,2,43.47,41.43,39.54
2026-09-02 12:00:00,LOC-JKT-01,39.24,57.88,33.63,66.92,12.47,134.9,0.0,61.98,0,0,12,2,38.62,30.99,41.41
2026-09-02 13:00:00,LOC-JKT-01,35.67,59.13,33.22,61.35,12.91,210.9,0.0,51.4,0,0,13,2,39.24,32.74,40.94
2026-09-02 14:00:00,LOC-JKT-01,35.12,53.81,32.51,66.33,15.37,338.9,0.0,56.69,0,0,14,2,35.67,34.2,39.71
2026-09-02 15:00:00,LOC-JKT-01,36.64,58.54,32.45,58.98,13.21,250.8,0.0,60.1,0,0,15,2,35.12,37.36,38.13
2026-09-02 16:00:00,LOC-JKT-01,37.05,61.26,31.89,65.58,12.92,270.2,0.0,54.87,0,0,16,2,36.64,35.47,37.06
2026-09-02 17:00:00,LOC-JKT-01,39.55,62.09,31.21,68.08,17.4,154.4,0.0,87.19,0,0,17,2,37.05,39.3,37.21
2026-09-02 18:00:00,LOC-JKT-01,42.45,66.09,30.76,73.79,15.75,115.2,0.0,89.3,0,0,18,2,39.55,42.21,37.75
2026-09-02 19:00:00,LOC-JKT-01,47.73,75.98,30.14,73.85,10.34,118.3,0.0,96.37,0,0,19,2,42.45,44.91,39.76
2026-09-02 20:00:00,LOC-JKT-01,42.74,67.49,27.94,81.97,10.39,159.0,0.0,35.87,0,0,20,2,47.73,44.26,41.03
2026-09-02 21:00:00,LOC-JKT-01,41.93,67.61,26.88,85.23,8.26,252.3,0.0,41.22,0,0,21,2,42.74,42.82,41.91
2026-09-02 22:00:00,LOC-JKT-01,37.88,59.65,27.17,91.57,16.83,355.0,0.0,36.41,0,0,22,2,41.93,41.57,42.05
2026-09-02 23:00:00,LOC-JKT-01,33.44,49.35,26.5,98.0,8.35,177.3,3.79,39.2,0,0,23,2,37.88,39.95,41.03
2026-09-03 00:00:00,LOC-JKT-01,30.4,47.33,25.02,98.0,17.82,135.0,0.0,13.63,0,0,0,3,33.44,37.44,39.02
2026-09-03 01:00:00,LOC-JKT-01,32.7,48.38,24.94,98.0,10.22,226.6,0.0,15.22,0,0,1,3,30.4,33.82,36.51
2026-09-03 02:00:00,LOC-JKT-01,33.21,47.12,24.7,98.0,8.14,101.1,0.0,14.56,0,0,2,3,32.7,31.38,34.93
2026-09-03 03:00:00,LOC-JKT-01,31.85,55.0,24.78,98.0,9.31,210.1,0.0,9.58,0,0,3,3,33.21,31.79,33.25
2026-09-03 04:00:00,LOC-JKT-01,32.82,52.97,25.36,98.0,11.46,58.5,0.0,17.97,0,0,4,3,31.85,32.23,32.4
2026-09-03 05:00:00,LOC-JKT-01,28.61,48.41,25.21,97.34,12.99,355.4,0.0,13.87,0,0,5,3,32.82,28.7,31.6
2026-09-03 06:00:00,LOC-JKT-01,29.47,50.23,26.16,96.71,9.61,98.4,0.0,16.04,0,0,6,3,28.61,27.99,31.44
2026-09-03 07:00:00,LOC-JKT-01,37.53,54.8,27.59,86.75,8.41,343.5,0.0,74.0,0,0,7,3,29.47,38.49,32.25
2026-09-03 08:00:00,LOC-JKT-01,44.82,69.98,27.27,85.83,8.36,241.8,0.0,82.57,0,0,8,3,37.53,42.53,34.18
2026-09-03 09:00:00,LOC-JKT-01,38.09,61.67,30.59,79.39,10.84,48.2,8.44,82.83,0,0,9,3,44.82,46.13,35.22
2026-09-03 10:00:00,LOC-JKT-01,35.3,53.91,30.4,69.97,10.54,126.2,0.0,47.9,0,0,10,3,38.09,43.47,35.64
2026-09-03 11:00:00,LOC-JKT-01,36.27,58.61,32.26,70.95,13.05,224.0,0.0,55.44,0,0,11,3,35.3,38.62,36.91
2026-09-03 12:00:00,LOC-JKT-01,33.29,52.7,32.17,57.95,24.07,177.3,0.0,47.17,0,0,12,3,36.27,39.24,37.55
2026-09-03 13:00:00,LOC-JKT-01,31.38,47.21,32.09,59.21,19.64,170.6,0.0,48.64,0,0,13,3,33.29,35.67,36.52
2026-09-03 14:00:00,LOC-JKT-01,31.23,54.3,32.35,58.32,13.28,43.4,0.0,51.68,0,0,14,3,31.38,35.12,34.26
2026-09-03 15:00:00,LOC-JKT-01,29.68,48.28,32.87,58.65,19.03,331.5,1.95,56.28,0,0,15,3,31.23,36.64,32.86
2026-09-03 16:00:00,LOC-JKT-01,28.85,47.27,31.97,61.22,13.72,174.4,0.0,51.24,0,0,16,3,29.68,37.05,31.78
2026-09-03 17:00:00,LOC-JKT-01,34.21,53.64,30.89,66.53,13.81,38.6,0.0,91.87,0,0,17,3,28.85,39.55,31.44
2026-09-03 18:00:00,LOC-JKT-01,39.24,61.48,30.14,66.73,10.56,115.9,0.0,84.91,0,0,18,3,34.21,42.45,32.43
2026-09-03 19:00:00,LOC-JKT-01,45.83,72.65,30.39,79.47,11.36,31.3,0.0,90.61,0,0,19,3,39.24,47.73,34.84
2026-09-03 20:00:00,LOC-JKT-01,42.73,66.31,27.67,81.43,9.0,130.7,0.0,30.43,0,0,20,3,45.83,42.74,36.76
2026-09-03 21:00:00,LOC-JKT-01,40.21,59.73,27.44,86.61,8.5,88.5,0.0,38.81,0,0,21,3,42.73,41.93,38.51
2026-09-03 22:00:00,LOC-JKT-01,39.46,61.87,26.29,90.51,9.58,353.7,0.0,41.95,0,0,22,3,40.21,37.88,40.28
2026-09-03 23:00:00,LOC-JKT-01,36.21,57.76,25.54,95.38,11.31,334.6,0.0,37.34,0,0,23,3,39.46,33.44,40.61
2026-09-04 00:00:00,LOC-JKT-01,33.48,47.32,24.07,98.0,9.17,153.2,0.0,13.17,0,0,0,4,36.21,30.4,39.65
2026-09-04 01:00:00,LOC-JKT-01,31.18,47.18,24.79,98.0,9.97,191.7,0.0,16.07,0,0,1,4,33.48,32.7,37.21
2026-09-04 02:00:00,LOC-JKT-01,33.52,46.65,24.81,98.0,8.88,245.3,0.0,12.11,0,0,2,4,31.18,33.21,35.68
2026-09-04 03:00:00,LOC-JKT-01,33.96,53.4,23.33,98.0,8.6,23.9,0.0,15.36,0,0,3,4,33.52,31.85,34.64
2026-09-04 04:00:00,LOC-JKT-01,34.28,46.51,24.87,98.0,8.68,58.9,0.0,17.17,0,0,4,4,33.96,32.82,33.77
2026-09-04 05:00:00,LOC-JKT-01,29.92,45.32,25.61,96.75,13.09,158.1,0.0,18.79,0,0,5,4,34.28,28.61,32.72
2026-09-04 06:00:00,LOC-JKT-01,30.65,44.85,26.26,98.0,8.79,323.8,0.0,18.57,0,0,6,4,29.92,29.47,32.25
2026-09-04 07:00:00,LOC-JKT-01,39.37,67.84,27.56,88.19,9.22,50.1,0.0,84.84,0,0,7,4,30.65,37.53,33.62
2026-09-04 08:00:00,LOC-JKT-01,45.3,69.17,28.65,82.74,8.49,112.2,0.0,89.55,0,0,8,4,39.37,44.82,35.58
2026-09-04 09:00:00,LOC-JKT-01,48.08,78.59,30.33,80.17,9.78,82.5,0.0,79.78,0,0,9,4,45.3,38.09,37.93
2026-09-04 10:00:00,LOC-JKT-01,46.37,69.2,31.08,76.63,11.37,124.5,0.0,56.02,0,0,10,4,48.08,35.3,39.95
2026-09-04 11:00:00,LOC-JKT-01,45.0,71.93,29.82,66.99,14.37,6.5,0.0,70.86,0,0,11,4,46.37,36.27,42.46
2026-09-04 12:00:00,LOC-JKT-01,42.78,66.86,32.78,63.62,16.02,54.9,0.0,46.95,0,0,12,4,45.0,33.29,44.48
2026-09-04 13:00:00,LOC-JKT-01,41.26,67.24,32.93,60.48,13.19,354.5,0.0,59.69,0,0,13,4,42.78,31.38,44.8
2026-09-04 14:00:00,LOC-JKT-01,37.6,57.59,31.65,64.59,13.17,120.7,0.0,60.11,0,0,14,4,41.26,31.23,43.51
2026-09-04 15:00:00,LOC-JKT-01,36.14,55.2,33.35,64.56,14.64,80.9,0.0,50.09,0,0,15,4,37.6,29.68,41.52
2026-09-04 16:00:00,LOC-JKT-01,34.58,51.2,30.24,62.78,19.72,130.5,0.0,48.9,0,0,16,4,36.14,28.85,39.56
2026-09-04 17:00:00,LOC-JKT-01,39.62,60.98,31.55,66.45,14.25,24.1,0.0,88.63,0,0,17,4,34.58,34.21,38.66
2026-09-04 18:00:00,LOC-JKT-01,41.09,57.45,30.29,69.36,10.61,169.9,0.0,93.55,0,0,18,4,39.62,39.24,38.38
2026-09-04 19:00:00,LOC-JKT-01,43.32,64.81,28.67,72.77,9.9,310.2,0.0,88.81,0,0,19,4,41.09,45.83,38.72
2026-09-04 20:00:00,LOC-JKT-01,41.58,62.34,27.61,87.26,8.08,56.2,0.0,39.55,0,0,20,4,43.32,42.73,39.39
2026-09-04 21:00:00,LOC-JKT-01,40.0,60.88,26.75,87.99,8.59,235.0,0.0,39.35,0,0,21,4,41.58,40.21,40.03
2026-09-04 22:00:00,LOC-JKT-01,36.81,52.05,26.82,94.33,13.32,143.0,0.0,36.71,0,0,22,4,40.0,39.46,40.4
2026-09-04 23:00:00,LOC-JKT-01,35.22,59.86,26.73,93.83,9.43,212.5,0.0,35.92,0,0,23,4,36.81,36.21,39.67
2026-09-05 00:00:00,LOC-JKT-01,34.66,53.63,22.94,98.0,9.05,341.4,0.0,15.0,1,0,0,5,35.22,33.48,38.6
2026-09-05 01:00:00,LOC-JKT-01,31.72,51.4,23.88,98.0,8.07,96.7,0.0,15.0,1,0,1,5,34.66,31.18,36.66
2026-09-05 02:00:00,LOC-JKT-01,26.2,42.27,24.14,98.0,20.48,189.2,0.0,15.0,1,0,2,5,31.72,33.52,34.1
2026-09-05 03:00:00,LOC-JKT-01,27.24,46.93,25.76,98.0,13.31,74.3,0.88,15.0,1,0,3,5,26.2,33.96,31.98
2026-09-05 04:00:00,LOC-JKT-01,25.86,40.16,23.8,98.0,15.37,150.8,0.0,15.0,1,0,4,5,27.24,34.28,30.15
2026-09-05 05:00:00,LOC-JKT-01,25.62,37.32,25.73,95.38,8.26,217.1,0.0,15.0,1,0,5,5,25.86,29.92,28.55
2026-09-05 06:00:00,LOC-JKT-01,29.96,46.99,27.32,90.35,9.06,203.9,0.0,35.0,1,0,6,5,25.62,30.65,27.77
2026-09-05 07:00:00,LOC-JKT-01,32.93,49.07,26.65,89.79,8.1,94.4,0.0,39.34,1,0,7,5,29.96,39.37,27.97
2026-09-05 08:00:00,LOC-JKT-01,34.01,58.03,27.15,84.96,12.42,38.4,0.0,43.55,1,0,8,5,32.93,45.3,29.27
2026-09-05 09:00:00,LOC-JKT-01,34.36,56.05,29.16,81.74,10.14,294.9,0.0,47.5,1,0,9,5,34.01,48.08,30.46
2026-09-05 10:00:00,LOC-JKT-01,35.79,57.34,29.34,74.43,10.79,330.2,0.0,51.07,1,0,10,5,34.36,46.37,32.11
2026-09-05 11:00:00,LOC-JKT-01,36.45,59.68,31.82,62.44,17.72,263.6,0.0,54.15,1,0,11,5,35.79,45.0,33.92
2026-09-05 12:00:00,LOC-JKT-01,37.11,58.14,32.03,64.85,14.35,79.6,0.0,56.65,1,0,12,5,36.45,42.78,35.11
2026-09-05 13:00:00,LOC-JKT-01,35.91,55.02,33.06,56.92,20.24,12.2,0.0,58.49,1,0,13,5,37.11,41.26,35.6
2026-09-05 14:00:00,LOC-JKT-01,35.4,53.48,33.9,59.76,18.58,114.9,0.0,59.62,1,0,14,5,35.91,37.6,35.84
2026-09-05 15:00:00,LOC-JKT-01,36.12,56.39,32.5,59.82,13.07,250.7,0.0,60.0,1,0,15,5,35.4,36.14,36.13
2026-09-05 16:00:00,LOC-JKT-01,36.04,58.53,32.73,57.16,17.02,114.8,0.0,59.62,1,0,16,5,36.12,34.58,36.17
2026-09-05 17:00:00,LOC-JKT-01,36.78,54.96,31.75,69.64,19.93,287.6,0.0,58.49,1,0,17,5,36.04,39.62,36.23
2026-09-05 18:00:00,LOC-JKT-01,36.44,60.84,30.34,63.55,13.46,314.5,0.0,56.65,1,0,18,5,36.78,41.09,36.12
2026-09-05 19:00:00,LOC-JKT-01,36.57,53.53,30.93,74.74,10.11,39.8,0.0,54.15,1,0,19,5,36.44,43.32,36.22
2026-09-05 20:00:00,LOC-JKT-01,38.53,59.08,26.95,78.38,11.41,78.6,0.0,51.07,1,0,20,5,36.57,41.58,36.75
2026-09-05 21:00:00,LOC-JKT-01,40.21,67.19,27.3,89.72,10.85,60.1,0.0,47.5,1,0,21,5,38.53,40.0,37.43
2026-09-05 22:00:00,LOC-JKT-01,39.36,64.58,24.99,93.22,8.58,79.4,0.0,43.55,1,0,22,5,40.21,36.81,37.98
2026-09-05 23:00:00,LOC-JKT-01,37.52,56.05,26.45,95.84,11.57,55.4,0.0,39.34,1,0,23,5,39.36,35.22,38.1
2026-09-06 00:00:00,LOC-JKT-01,33.81,51.24,26.49,98.0,10.6,32.9,0.0,15.0,1,0,0,6,37.52,34.66,37.67
2026-09-06 01:00:00,LOC-JKT-01,29.85,42.5,24.38,98.0,11.19,198.3,0.0,15.0,1,0,1,6,33.81,31.72,36.55
2026-09-06 02:00:00,LOC-JKT-01,29.08,45.75,24.71,98.0,10.05,29.2,0.0,15.0,1,0,2,6,29.85,26.2,34.97
2026-09-06 03:00:00,LOC-JKT-01,30.86,44.44,24.14,98.0,9.97,213.3,0.0,15.0,1,0,3,6,29.08,27.24,33.41
2026-09-06 04:00:00,LOC-JKT-01,30.26,48.42,23.29,98.0,14.33,287.1,0.0,15.0,1,0,4,6,30.86,25.86,31.9
2026-09-06 05:00:00,LOC-JKT-01,29.31,42.93,26.17,98.0,10.89,271.0,0.0,15.0,1,0,5,6,30.26,25.62,30.53
2026-09-06 06:00:00,LOC-JKT-01,31.1,48.34,25.7,94.48,13.11,299.6,0.0,35.0,1,0,6,6,29.31,29.96,30.08
2026-09-06 07:00:00,LOC-JKT-01,33.24,50.32,26.25,89.93,11.02,194.4,0.0,39.34,1,0,7,6,31.1,32.93,30.64
2026-09-06 08:00:00,LOC-JKT-01,34.42,53.93,28.93,82.14,9.26,227.7,0.0,43.55,1,0,8,6,33.24,34.01,31.53
2026-09-06 09:00:00,LOC-JKT-01,35.18,54.91,30.52,73.23,9.5,209.6,0.0,47.5,1,0,9,6,34.42,34.36,32.25
2026-09-06 10:00:00,LOC-JKT-01,38.18,58.98,31.04,69.42,10.57,8.0,0.0,51.07,1,0,10,6,35.18,35.79,33.57
2026-09-06 11:00:00,LOC-JKT-01,36.7,56.35,31.24,72.09,12.49,359.0,0.0,54.15,1,0,11,6,38.18,36.45,34.8
2026-09-06 12:00:00,LOC-JKT-01,35.56,57.74,32.92,65.91,13.08,29.7,0.0,56.65,1,0,12,6,36.7,37.11,35.55
2026-09-06 13:00:00,LOC-JKT-01,37.12,56.92,33.37,60.45,14.46,229.9,0.0,58.49,1,0,13,6,35.56,35.91,36.19
2026-09-06 14:00:00,LOC-JKT-01,37.33,61.21,32.43,57.99,13.09,234.6,0.0,59.62,1,0,14,6,37.12,35.4,36.68
2026-09-06 15:00:00,LOC-JKT-01,35.54,56.06,33.12,62.12,17.25,304.1,0.0,60.0,1,0,15,6,37.33,36.12,36.74
2026-09-06 16:00:00,LOC-JKT-01,24.98,37.77,33.4,64.42,14.3,42.2,6.94,59.62,1,0,16,6,35.54,36.04,34.54
2026-09-06 17:00:00,LOC-JKT-01,28.93,39.17,31.09,66.4,14.15,96.8,0.0,58.49,1,0,17,6,24.98,36.78,33.24
2026-09-06 18:00:00,LOC-JKT-01,32.4,51.66,30.39,63.73,13.25,105.0,0.0,56.65,1,0,18,6,28.93,36.44,32.72
2026-09-06 19:00:00,LOC-JKT-01,35.29,51.22,29.65,74.59,9.63,87.1,0.0,54.15,1,0,19,6,32.4,36.57,32.41
2026-09-06 20:00:00,LOC-JKT-01,35.93,55.8,29.7,84.63,10.46,3.5,0.0,51.07,1,0,20,6,35.29,38.53,32.18
2026-09-06 21:00:00,LOC-JKT-01,39.88,63.74,27.12,87.44,8.25,142.9,0.0,47.5,1,0,21,6,35.93,40.21,32.9
2026-09-06 22:00:00,LOC-JKT-01,42.21,66.5,25.79,94.72,8.55,37.6,0.0,43.55,1,0,22,6,39.88,39.36,35.77
2026-09-06 23:00:00,LOC-JKT-01,41.61,65.09,25.63,98.0,12.85,122.2,0.0,39.34,1,0,23,6,42.21,37.52,37.89
2026-09-07 00:00:00,LOC-JKT-01,36.16,57.9,26.26,98.0,10.24,263.4,0.0,10.87,0,0,0,0,41.61,33.81,38.51
2026-09-07 01:00:00,LOC-JKT-01,33.36,52.07,25.06,98.0,11.81,82.2,0.0,14.61,0,0,1,0,36.16,29.85,38.19
2026-09-07 02:00:00,LOC-JKT-01,32.88,53.76,24.49,98.0,8.22,11.0,0.0,19.36,0,0,2,0,33.36,29.08,37.68
2026-09-07 03:00:00,LOC-JKT-01,22.77,41.3,24.85,97.66,9.39,355.6,12.11,11.39,0,0,3,0,32.88,30.86,34.83
2026-09-07 04:00:00,LOC-JKT-01,22.41,39.17,24.52,98.0,14.2,324.3,0.0,17.61,0,0,4,0,22.77,30.26,31.53
2026-09-07 05:00:00,LOC-JKT-01,24.93,37.77,26.42,95.68,11.77,327.3,0.0,16.58,0,0,5,0,22.41,29.31,28.75
2026-09-07 06:00:00,LOC-JKT-01,23.66,35.59,24.93,92.85,14.14,160.3,0.0,19.6,0,0,6,0,24.93,31.1,26.67
2026-09-07 07:00:00,LOC-JKT-01,31.48,47.98,26.44,83.81,12.45,47.1,0.0,87.8,0,0,7,0,23.66,33.24,26.36
2026-09-07 08:00:00,LOC-JKT-01,39.45,60.1,26.82,82.76,13.3,155.1,0.0,89.5,0,0,8,0,31.48,34.42,27.45
2026-09-07 09:00:00,LOC-JKT-01,42.85,67.56,29.39,75.34,14.87,290.0,0.0,92.38,0,0,9,0,39.45,35.18,30.8
2026-09-07 10:00:00,LOC-JKT-01,42.14,65.55,30.49,69.35,10.68,191.2,0.0,59.4,0,0,10,0,42.85,38.18,34.08
2026-09-07 11:00:00,LOC-JKT-01,39.71,62.76,30.08,69.19,13.36,185.6,0.0,57.08,0,0,11,0,42.14,36.7,36.55
2026-09-07 12:00:00,LOC-JKT-01,40.04,61.49,31.65,64.88,15.69,349.2,0.0,51.26,0,0,12,0,39.71,35.56,39.28
2026-09-07 13:00:00,LOC-JKT-01,38.32,60.32,33.02,63.36,21.51,246.0,0.0,57.97,0,0,13,0,40.04,37.12,40.42
2026-09-07 14:00:00,LOC-JKT-01,34.73,58.73,32.64,60.2,21.02,248.2,0.0,58.83,0,0,14,0,38.32,37.33,39.63
2026-09-07 15:00:00,LOC-JKT-01,30.39,46.35,31.93,61.66,35.0,17.4,0.0,50.47,0,0,15,0,34.73,35.54,37.56
2026-09-07 16:00:00,LOC-JKT-01,31.39,50.45,32.67,67.25,16.35,316.3,0.0,62.14,0,0,16,0,30.39,24.98,35.76
2026-09-07 17:00:00,LOC-JKT-01,35.68,50.37,32.24,65.55,16.64,43.3,0.0,93.5,0,0,17,0,31.39,28.93,35.09
2026-09-07 18:00:00,LOC-JKT-01,42.97,64.54,30.04,75.66,12.29,85.5,0.0,94.57,0,0,18,0,35.68,32.4,35.58
2026-09-07 19:00:00,LOC-JKT-01,40.66,58.09,31.47,79.25,11.49,172.5,2.5,86.7,0,0,19,0,42.97,35.29,35.97
2026-09-07 20:00:00,LOC-JKT-01,39.57,60.77,29.32,89.32,10.81,275.4,0.0,38.74,0,0,20,0,40.66,35.93,36.78
2026-09-07 21:00:00,LOC-JKT-01,38.6,64.01,27.78,87.59,8.89,102.6,0.0,35.25,0,0,21,0,39.57,39.88,38.14
2026-09-07 22:00:00,LOC-JKT-01,37.33,54.95,26.98,88.29,11.78,98.1,0.0,39.33,0,0,22,0,38.6,42.21,39.14
2026-09-07 23:00:00,LOC-JKT-01,38.2,60.87,25.76,98.0,8.34,204.2,0.0,41.11,0,0,23,0,37.33,41.61,39.56
2026-09-08 00:00:00,LOC-JKT-01,36.71,56.05,24.78,98.0,8.13,227.9,0.0,19.82,0,0,0,1,38.2,36.16,38.51
2026-09-08 01:00:00,LOC-JKT-01,32.14,47.74,24.47,98.0,9.59,302.4,0.0,9.81,0,0,1,1,36.71,33.36,37.09
2026-09-08 02:00:00,LOC-JKT-01,29.54,52.46,23.43,98.0,13.19,152.5,0.0,15.96,0,0,2,1,32.14,32.88,35.42
2026-09-08 03:00:00,LOC-JKT-01,28.18,43.24,23.16,98.0,13.96,78.0,0.0,12.06,0,0,3,1,29.54,22.77,33.68
2026-09-08 04:00:00,LOC-JKT-01,29.12,46.38,25.37,98.0,8.79,140.7,0.0,16.26,0,0,4,1,28.18,22.41,32.32
2026-09-08 05:00:00,LOC-JKT-01,28.35,48.83,24.7,93.25,11.79,249.3,0.0,7.35,0,0,5,1,29.12,24.93,30.67
2026-09-08 06:00:00,LOC-JKT-01,27.56,40.96,25.95,92.39,8.27,321.9,0.0,10.6,0,0,6,1,28.35,23.66,29.15
2026-09-08 07:00:00,LOC-JKT-01,35.61,57.7,27.18,85.42,12.83,84.1,0.0,82.17,0,0,7,1,27.56,31.48,29.73
2026-09-08 08:00:00,LOC-JKT-01,44.07,67.53,26.91,83.12,9.21,241.0,0.0,85.47,0,0,8,1,35.61,39.45,32.15
2026-09-08 09:00:00,LOC-JKT-01,43.77,63.6,31.05,76.6,18.78,63.1,0.0,78.6,0,0,9,1,44.07,42.85,34.75
2026-09-08 10:00:00,LOC-JKT-01,39.07,60.78,30.66,68.29,14.73,125.1,0.0,51.8,0,0,10,1,43.77,42.14,36.4
2026-09-08 11:00:00,LOC-JKT-01,39.2,60.3,32.31,66.67,14.47,32.1,0.0,62.36,0,0,11,1,39.07,39.71,38.21
2026-09-08 12:00:00,LOC-JKT-01,37.91,59.02,32.96,65.82,12.44,109.1,0.0,50.77,0,0,12,1,39.2,40.04,39.94
2026-09-08 13:00:00,LOC-JKT-01,35.8,58.01,33.41,58.21,14.61,216.2,0.0,45.39,0,0,13,1,37.91,38.32,39.97
2026-09-08 14:00:00,LOC-JKT-01,36.88,55.64,33.07,59.7,14.44,316.1,0.0,58.41,0,0,14,1,35.8,34.73,38.77
2026-09-08 15:00:00,LOC-JKT-01,36.88,58.59,32.66,57.19,16.39,124.6,0.0,52.88,0,0,15,1,36.88,30.39,37.62
2026-09-08 16:00:00,LOC-JKT-01,34.71,52.69,32.38,65.4,15.13,275.3,0.0,39.85,0,0,16,1,36.88,31.39,36.9
2026-09-08 17:00:00,LOC-JKT-01,38.59,59.38,30.89,67.97,13.24,112.3,0.0,88.22,0,0,17,1,34.71,35.68,36.79
2026-09-08 18:00:00,LOC-JKT-01,41.99,63.39,29.78,72.8,13.4,234.1,0.0,85.25,0,0,18,1,38.59,42.97,37.48
2026-09-08 19:00:00,LOC-JKT-01,37.51,60.88,29.34,75.2,9.61,249.2,4.27,85.17,0,0,19,1,41.99,40.66,37.76
2026-09-08 20:00:00,LOC-JKT-01,36.36,52.85,28.9,88.87,9.67,47.1,0.0,33.17,0,0,20,1,37.51,39.57,37.67
2026-09-08 21:00:00,LOC-JKT-01,36.02,55.79,25.89,89.32,12.4,4.0,0.0,43.8,0,0,21,1,36.36,38.6,37.53
2026-09-08 22:00:00,LOC-JKT-01,37.6,58.64,26.94,90.61,8.44,192.7,0.0,39.92,0,0,22,1,36.02,37.33,38.01
2026-09-08 23:00:00,LOC-JKT-01,39.61,58.81,24.54,98.0,8.31,175.8,0.0,39.21,0,0,23,1,37.6,38.2,38.18
2026-09-09 00:00:00,LOC-JKT-01,37.15,55.77,22.76,98.0,9.5,165.4,0.0,12.32,0,0,0,2,39.61,36.71,37.38
2026-09-09 01:00:00,LOC-JKT-01,36.46,60.16,25.61,98.0,8.12,324.6,0.0,13.05,0,0,1,2,37.15,32.14,37.2
2026-09-09 02:00:00,LOC-JKT-01,33.2,57.5,24.22,98.0,10.86,24.0,0.0,16.84,0,0,2,2,36.46,29.54,36.67
2026-09-09 03:00:00,LOC-JKT-01,31.48,52.69,24.26,98.0,8.22,4.4,0.0,15.74,0,0,3,2,33.2,28.18,35.92
2026-09-09 04:00:00,LOC-JKT-01,31.57,51.92,23.82,97.07,12.47,238.1,0.0,19.74,0,0,4,2,31.48,29.12,34.91
2026-09-09 05:00:00,LOC-JKT-01,32.51,54.06,24.71,93.29,8.69,43.7,0.0,21.01,0,0,5,2,31.57,28.35,33.73
2026-09-09 06:00:00,LOC-JKT-01,29.42,50.19,25.78,93.12,18.37,287.5,0.0,15.23,0,0,6,2,32.51,27.56,32.44
2026-09-09 07:00:00,LOC-JKT-01,37.64,54.5,27.74,89.31,8.41,121.8,0.0,87.36,0,0,7,2,29.42,35.61,32.64
2026-09-09 08:00:00,LOC-JKT-01,41.39,65.08,27.11,76.16,10.85,339.5,0.0,80.89,0,0,8,2,37.64,44.07,34.0
2026-09-09 09:00:00,LOC-JKT-01,43.93,65.65,30.32,78.89,15.22,304.7,0.0,79.08,0,0,9,2,41.39,43.77,36.08
2026-09-09 10:00:00,LOC-JKT-01,40.02,63.23,31.72,70.58,14.41,279.5,0.0,56.09,0,0,10,2,43.93,39.07,37.49
2026-09-09 11:00:00,LOC-JKT-01,42.14,68.54,31.16,64.86,13.65,302.7,0.0,58.52,0,0,11,2,40.02,39.2,39.09
2026-09-09 12:00:00,LOC-JKT-01,41.66,64.16,30.88,63.18,14.83,248.0,0.0,62.74,0,0,12,2,42.14,37.91,41.13
2026-09-09 13:00:00,LOC-JKT-01,38.96,64.73,31.87,60.12,17.66,73.5,0.0,49.9,0,0,13,2,41.66,35.8,41.35
2026-09-09 14:00:00,LOC-JKT-01,26.73,40.07,32.59,56.67,17.59,199.5,8.59,46.3,0,0,14,2,38.96,36.88,38.91
2026-09-09 15:00:00,LOC-JKT-01,25.91,34.88,32.19,58.3,16.67,319.0,0.0,42.44,0,0,15,2,26.73,36.88,35.9
2026-09-09 16:00:00,LOC-JKT-01,30.16,47.13,31.18,66.74,17.07,33.5,0.0,68.29,0,0,16,2,25.91,34.71,34.26
2026-09-09 17:00:00,LOC-JKT-01,38.53,58.07,31.13,72.03,14.31,243.5,0.0,95.55,0,0,17,2,30.16,38.59,33.66
2026-09-09 18:00:00,LOC-JKT-01,44.31,60.36,30.1,70.99,10.68,120.3,0.0,91.79,0,0,18,2,38.53,41.99,34.1
2026-09-09 19:00:00,LOC-JKT-01,48.26,76.7,30.31,75.01,11.0,31.9,0.0,84.46,0,0,19,2,44.31,37.51,35.65
2026-09-09 20:00:00,LOC-JKT-01,44.38,72.38,27.68,87.56,11.03,282.8,0.0,45.74,0,0,20,2,48.26,36.36,38.59
2026-09-09 21:00:00,LOC-JKT-01,41.18,66.14,25.79,83.93,9.35,120.4,0.15,41.74,0,0,21,2,44.38,36.02,41.14
2026-09-09 22:00:00,LOC-JKT-01,37.93,55.28,24.73,93.51,16.47,93.3,0.0,42.57,0,0,22,2,41.18,37.6,42.43
2026-09-09 23:00:00,LOC-JKT-01,39.62,58.12,23.02,97.47,9.72,262.6,0.0,48.86,0,0,23,2,37.93,39.61,42.61
2026-09-10 00:00:00,LOC-JKT-01,35.46,52.33,24.92,98.0,11.21,344.4,0.0,14.6,0,0,0,3,39.62,37.15,41.14
2026-09-10 01:00:00,LOC-JKT-01,33.19,51.4,23.49,98.0,8.95,273.4,0.0,16.47,0,0,1,3,35.46,36.46,38.63
2026-09-10 02:00:00,LOC-JKT-01,32.68,45.97,24.08,98.0,9.59,125.0,0.0,15.27,0,0,2,3,33.19,33.2,36.68
2026-09-10 03:00:00,LOC-JKT-01,31.4,49.71,23.73,98.0,8.66,203.5,0.0,9.98,0,0,3,3,32.68,31.48,35.05
2026-09-10 04:00:00,LOC-JKT-01,32.64,47.54,23.96,98.0,8.49,81.1,0.0,15.8,0,0,4,3,31.4,31.57,34.16
2026-09-10 05:00:00,LOC-JKT-01,32.25,47.5,25.37,98.0,8.21,254.8,0.0,17.77,0,0,5,3,32.64,32.51,32.94
2026-09-10 06:00:00,LOC-JKT-01,26.91,43.57,25.24,92.83,16.74,306.0,0.0,5.55,0,0,6,3,32.25,29.42,31.51
2026-09-10 07:00:00,LOC-JKT-01,33.61,53.9,28.98,87.76,12.93,165.3,0.0,78.36,0,0,7,3,26.91,37.64,31.58
2026-09-10 08:00:00,LOC-JKT-01,39.75,60.74,27.93,80.47,9.2,272.4,0.0,83.62,0,0,8,3,33.61,41.39,32.76
2026-09-10 09:00:00,LOC-JKT-01,44.37,70.29,28.41,78.96,11.62,179.2,0.0,81.61,0,0,9,3,39.75,43.93,34.92
2026-09-10 10:00:00,LOC-JKT-01,39.96,67.56,31.8,69.3,20.51,73.4,0.0,60.52,0,0,10,3,44.37,40.02,36.14
2026-09-10 11:00:00,LOC-JKT-01,39.62,63.38,32.55,65.1,18.93,191.9,0.0,62.69,0,0,11,3,39.96,42.14,37.37
2026-09-10 12:00:00,LOC-JKT-01,36.24,53.31,33.06,61.66,19.43,99.7,0.0,52.99,0,0,12,3,39.62,41.66,38.93
2026-09-10 13:00:00,LOC-JKT-01,36.52,56.62,33.19,66.94,13.09,317.7,0.0,48.59,0,0,13,3,36.24,38.96,39.41
2026-09-10 14:00:00,LOC-JKT-01,36.78,60.57,33.21,59.86,16.31,228.5,0.0,53.88,0,0,14,3,36.52,26.73,38.92
2026-09-10 15:00:00,LOC-JKT-01,37.41,58.9,34.92,62.49,13.08,263.3,0.0,56.95,0,0,15,3,36.78,25.91,37.76
2026-09-10 16:00:00,LOC-JKT-01,34.9,57.99,33.84,64.0,13.46,169.6,0.0,42.27,0,0,16,3,37.41,30.16,36.91
2026-09-10 17:00:00,LOC-JKT-01,36.09,53.17,31.66,63.45,15.27,297.4,1.65,85.98,0,0,17,3,34.9,38.53,36.32
2026-09-10 18:00:00,LOC-JKT-01,42.04,65.28,32.04,70.03,13.66,223.5,0.0,87.59,0,0,18,3,36.09,44.31,37.29
2026-09-10 19:00:00,LOC-JKT-01,43.12,68.41,29.77,77.42,10.47,247.1,1.15,84.84,0,0,19,3,42.04,48.26,38.39
2026-09-10 20:00:00,LOC-JKT-01,39.12,62.18,28.09,84.33,11.09,249.9,0.0,35.0,0,0,20,3,43.12,44.38,38.78
2026-09-10 21:00:00,LOC-JKT-01,38.36,61.41,27.48,88.75,12.66,239.4,0.0,42.45,0,0,21,3,39.12,41.18,38.94
2026-09-10 22:00:00,LOC-JKT-01,37.9,57.14,25.48,93.45,9.78,165.7,0.0,29.14,0,0,22,3,38.36,37.93,39.44
2026-09-10 23:00:00,LOC-JKT-01,38.65,60.86,25.25,98.0,8.99,309.0,0.0,40.95,0,0,23,3,37.9,39.62,39.86
2026-09-11 00:00:00,LOC-JKT-01,38.15,58.46,25.31,98.0,8.99,314.2,0.0,16.47,0,0,0,4,38.65,35.46,39.22
2026-09-11 01:00:00,LOC-JKT-01,36.5,53.98,23.87,98.0,9.08,215.4,0.0,13.79,0,0,1,4,38.15,33.19,38.11
2026-09-11 02:00:00,LOC-JKT-01,33.61,52.31,24.34,98.0,10.7,321.2,0.0,14.58,0,0,2,4,36.5,32.68,37.2
2026-09-11 03:00:00,LOC-JKT-01,33.54,60.05,25.08,98.0,8.3,327.5,0.0,15.95,0,0,3,4,33.61,31.4,36.39
2026-09-11 04:00:00,LOC-JKT-01,33.31,56.47,23.15,98.0,9.71,278.6,0.0,14.45,0,0,4,4,33.54,32.64,35.63
2026-09-11 05:00:00,LOC-JKT-01,32.34,42.92,26.37,98.0,8.81,184.5,0.0,17.97,0,0,5,4,33.31,32.25,34.57
2026-09-11 06:00:00,LOC-JKT-01,30.89,45.65,26.59,93.43,10.75,267.7,0.0,12.51,0,0,6,4,32.34,26.91,33.36
2026-09-11 07:00:00,LOC-JKT-01,38.22,53.04,26.28,85.86,8.45,99.7,0.0,81.81,0,0,7,4,30.89,33.61,33.65
2026-09-11 08:00:00,LOC-JKT-01,41.71,65.61,28.86,78.28,8.99,74.5,0.0,80.45,0,0,8,4,38.22,39.75,35.0
2026-09-11 09:00:00,LOC-JKT-01,41.55,65.21,30.74,70.68,17.35,142.9,0.0,82.58,0,0,9,4,41.71,44.37,36.34
2026-09-11 10:00:00,LOC-JKT-01,36.69,51.46,30.83,64.51,16.72,177.7,0.0,50.75,0,0,10,4,41.55,39.96,36.9
2026-09-11 11:00:00,LOC-JKT-01,37.2,55.82,30.41,67.25,14.34,111.4,0.0,58.05,0,0,11,4,36.69,39.62,37.71
2026-09-11 12:00:00,LOC-JKT-01,35.62,54.82,31.83,63.98,13.78,164.2,0.0,53.73,0,0,12,4,37.2,36.24,38.5
2026-09-11 13:00:00,LOC-JKT-01,34.77,48.69,32.91,60.08,21.36,240.7,0.0,51.1,0,0,13,4,35.62,36.52,37.92
2026-09-11 14:00:00,LOC-JKT-01,24.0,32.11,33.17,62.28,19.21,260.6,13.96,55.35,0,0,14,4,34.77,36.78,34.97
2026-09-11 15:00:00,LOC-JKT-01,30.02,43.93,32.33,68.78,12.96,44.3,0.0,52.09,0,0,15,4,24.0,37.41,33.05
2026-09-11 16:00:00,LOC-JKT-01,29.75,45.32,33.17,64.23,15.87,154.8,0.0,49.34,0,0,16,4,30.02,34.9,31.89
2026-09-11 17:00:00,LOC-JKT-01,36.62,51.52,32.83,68.03,17.38,330.0,0.0,89.95,0,0,17,4,29.75,36.09,31.8
2026-09-11 18:00:00,LOC-JKT-01,39.03,57.6,31.79,66.01,14.17,247.8,0.0,86.99,0,0,18,4,36.62,42.04,32.36
2026-09-11 19:00:00,LOC-JKT-01,39.98,58.42,29.32,76.45,12.33,122.6,3.16,87.35,0,0,19,4,39.03,43.12,33.23
2026-09-11 20:00:00,LOC-JKT-01,39.22,59.37,27.2,85.82,8.74,355.7,0.0,35.95,0,0,20,4,39.98,39.12,35.77
2026-09-11 21:00:00,LOC-JKT-01,34.22,57.84,27.32,89.33,9.45,14.0,2.95,40.03,0,0,21,4,39.22,38.36,36.47
2026-09-11 22:00:00,LOC-JKT-01,37.07,52.84,26.7,92.11,8.37,344.1,0.0,41.2,0,0,22,4,34.22,37.9,37.69
2026-09-11 23:00:00,LOC-JKT-01,37.41,59.49,24.13,98.0,8.5,199.3,0.0,29.81,0,0,23,4,37.07,38.65,37.82
2026-09-12 00:00:00,LOC-JKT-01,33.39,49.16,23.16,98.0,8.9,70.1,0.0,15.0,1,0,0,5,37.41,38.15,36.88
2026-09-12 01:00:00,LOC-JKT-01,34.76,51.12,24.2,98.0,9.28,209.0,0.0,15.0,1,0,1,5,33.39,36.5,36.01
2026-09-12 02:00:00,LOC-JKT-01,31.84,52.73,21.98,98.0,23.27,316.9,0.0,15.0,1,0,2,5,34.76,33.61,34.78
2026-09-12 03:00:00,LOC-JKT-01,31.83,50.74,23.8,98.0,8.12,171.2,0.0,15.0,1,0,3,5,31.84,33.54,34.38
2026-09-12 04:00:00,LOC-JKT-01,30.62,50.08,25.47,98.0,8.42,284.6,0.0,15.0,1,0,4,5,31.83,33.31,33.31
2026-09-12 05:00:00,LOC-JKT-01,25.3,43.0,25.22,94.04,19.89,174.0,0.0,15.0,1,0,5,5,30.62,32.34,31.29
2026-09-12 06:00:00,LOC-JKT-01,31.65,48.25,25.53,91.04,12.3,139.2,0.0,35.0,1,0,6,5,25.3,30.89,31.0
2026-09-12 07:00:00,LOC-JKT-01,32.55,50.0,28.29,86.68,12.34,206.5,0.0,39.34,1,0,7,5,31.65,38.22,30.63
2026-09-12 08:00:00,LOC-JKT-01,33.34,54.69,28.34,85.4,13.63,321.5,0.0,43.55,1,0,8,5,32.55,41.71,30.88
2026-09-12 09:00:00,LOC-JKT-01,34.6,56.47,31.53,76.88,17.12,6.9,0.0,47.5,1,0,9,5,33.34,41.55,31.34
2026-09-12 10:00:00,LOC-JKT-01,34.65,51.66,30.13,72.22,11.57,129.1,0.0,51.07,1,0,10,5,34.6,36.69,32.02
2026-09-12 11:00:00,LOC-JKT-01,35.23,55.9,31.25,69.01,11.58,265.6,0.0,54.15,1,0,11,5,34.65,37.2,33.67
2026-09-12 12:00:00,LOC-JKT-01,34.55,54.19,33.04,65.21,15.55,275.8,0.0,56.65,1,0,12,5,35.23,35.62,34.15
2026-09-12 13:00:00,LOC-JKT-01,34.42,52.43,32.19,60.68,14.4,146.6,0.0,58.49,1,0,13,5,34.55,34.77,34.46
2026-09-12 14:00:00,LOC-JKT-01,35.53,55.32,31.49,60.64,13.24,180.2,0.0,59.62,1,0,14,5,34.42,24.0,34.83
2026-09-12 15:00:00,LOC-JKT-01,37.28,57.2,32.72,58.62,13.88,83.7,0.0,60.0,1,0,15,5,35.53,30.02,35.28
2026-09-12 16:00:00,LOC-JKT-01,35.46,58.57,32.19,56.94,13.1,230.6,0.0,59.62,1,0,16,5,37.28,29.75,35.41
2026-09-12 17:00:00,LOC-JKT-01,37.5,61.84,31.0,67.45,18.12,181.1,0.0,58.49,1,0,17,5,35.46,36.62,35.79
2026-09-12 18:00:00,LOC-JKT-01,38.55,63.86,30.92,69.53,11.33,257.0,0.0,56.65,1,0,18,5,37.5,39.03,36.46
2026-09-12 19:00:00,LOC-JKT-01,37.44,56.8,28.74,76.5,13.77,97.7,0.0,54.15,1,0,19,5,38.55,39.98,36.96
2026-09-12 20:00:00,LOC-JKT-01,31.46,49.23,28.08,82.46,12.14,114.3,4.29,51.07,1,0,20,5,37.44,39.22,36.28
2026-09-12 21:00:00,LOC-JKT-01,35.33,53.3,28.0,85.09,9.14,36.7,0.0,47.5,1,0,21,5,31.46,34.22,35.96
2026-09-12 22:00:00,LOC-JKT-01,35.75,55.1,27.07,91.01,14.67,156.2,0.0,43.55,1,0,22,5,35.33,37.07,36.01
2026-09-12 23:00:00,LOC-JKT-01,37.09,55.04,25.53,95.81,10.04,139.6,0.0,39.34,1,0,23,5,35.75,37.41,35.94
2026-09-13 00:00:00,LOC-JKT-01,33.08,50.33,24.76,98.0,12.29,342.3,0.0,15.0,1,0,0,6,37.09,33.39,35.02
2026-09-13 01:00:00,LOC-JKT-01,28.84,44.75,24.65,98.0,8.15,129.6,0.0,15.0,1,0,1,6,33.08,34.76,33.59
2026-09-13 02:00:00,LOC-JKT-01,28.68,48.81,22.85,98.0,9.38,133.1,0.0,15.0,1,0,2,6,28.84,31.84,33.13
2026-09-13 03:00:00,LOC-JKT-01,28.98,46.01,24.41,98.0,8.71,236.6,0.0,15.0,1,0,3,6,28.68,31.83,32.07
2026-09-13 04:00:00,LOC-JKT-01,28.35,47.32,25.38,98.0,9.05,49.2,0.0,15.0,1,0,4,6,28.98,30.62,30.84
2026-09-13 05:00:00,LOC-JKT-01,27.22,37.95,24.37,98.0,11.75,71.7,0.0,15.0,1,0,5,6,28.35,25.3,29.19
2026-09-13 06:00:00,LOC-JKT-01,29.1,42.12,24.85,93.36,13.41,5.3,0.0,35.0,1,0,6,6,27.22,31.65,28.53
2026-09-13 07:00:00,LOC-JKT-01,26.49,42.7,25.29,87.12,10.27,214.2,3.74,39.34,1,0,7,6,29.1,32.55,28.14
2026-09-13 08:00:00,LOC-JKT-01,29.58,46.43,27.56,85.34,12.46,278.3,0.0,43.55,1,0,8,6,26.49,33.34,28.29
2026-09-13 09:00:00,LOC-JKT-01,32.34,50.28,30.45,74.08,11.48,125.3,0.0,47.5,1,0,9,6,29.58,34.6,28.85
2026-09-13 10:00:00,LOC-JKT-01,32.86,50.39,30.89,71.73,15.05,164.9,0.0,51.07,1,0,10,6,32.34,34.65,29.6
2026-09-13 11:00:00,LOC-JKT-01,34.16,53.64,31.09,64.05,13.52,269.1,0.0,54.15,1,0,11,6,32.86,35.23,30.75
2026-09-13 12:00:00,LOC-JKT-01,35.78,59.7,31.39,61.1,12.98,50.7,0.0,56.65,1,0,12,6,34.16,34.55,31.87
2026-09-13 13:00:00,LOC-JKT-01,34.77,50.12,33.11,59.64,15.86,139.7,0.0,58.49,1,0,13,6,35.78,34.42,33.25
2026-09-13 14:00:00,LOC-JKT-01,34.24,52.6,32.81,61.4,14.9,320.5,0.0,59.62,1,0,14,6,34.77,35.53,34.02
2026-09-13 15:00:00,LOC-JKT-01,35.41,53.81,32.88,62.5,13.66,180.2,0.0,60.0,1,0,15,6,34.24,37.28,34.54
2026-09-13 16:00:00,LOC-JKT-01,33.01,50.37,32.25,67.07,14.7,155.8,1.09,59.62,1,0,16,6,35.41,35.46,34.56
2026-09-13 17:00:00,LOC-JKT-01,32.97,52.1,31.34,68.21,21.24,70.9,0.0,58.49,1,0,17,6,33.01,37.5,34.36
2026-09-13 18:00:00,LOC-JKT-01,35.2,54.62,30.41,66.15,13.2,26.3,0.0,56.65,1,0,18,6,32.97,38.55,34.27
2026-09-13 19:00:00,LOC-JKT-01,38.54,63.26,29.15,77.77,11.24,258.6,0.0,54.15,1,0,19,6,35.2,37.44,34.9
2026-09-13 20:00:00,LOC-JKT-01,39.02,59.86,28.69,78.39,12.43,179.6,0.05,51.07,1,0,20,6,38.54,31.46,35.69
2026-09-13 21:00:00,LOC-JKT-01,38.83,60.98,27.84,83.89,8.75,115.8,0.0,47.5,1,0,21,6,39.02,35.33,36.26
2026-09-13 22:00:00,LOC-JKT-01,37.93,54.09,25.9,92.8,9.97,238.5,0.0,43.55,1,0,22,6,38.83,35.75,37.08
2026-09-13 23:00:00,LOC-JKT-01,34.88,57.09,24.24,92.75,12.21,330.6,0.0,39.34,1,0,23,6,37.93,37.09,37.4
2026-09-14 00:00:00,LOC-JKT-01,31.79,44.7,24.06,98.0,10.49,129.1,0.0,12.16,0,0,0,0,34.88,33.08,36.83
2026-09-14 01:00:00,LOC-JKT-01,33.58,47.36,24.18,98.0,9.0,342.2,0.0,14.24,0,0,1,0,31.79,28.84,36.01
2026-09-14 02:00:00,LOC-JKT-01,32.61,49.46,25.29,98.0,9.0,127.1,0.0,20.64,0,0,2,0,33.58,28.68,34.94
2026-09-14 03:00:00,LOC-JKT-01,28.05,44.07,21.38,98.0,8.62,119.4,0.0,9.7,0,0,3,0,32.61,28.98,33.14
2026-09-14 04:00:00,LOC-JKT-01,28.82,45.0,24.95,98.0,9.21,249.7,0.0,11.19,0,0,4,0,28.05,28.35,31.62
2026-09-14 05:00:00,LOC-JKT-01,27.82,43.22,26.16,95.84,8.11,46.0,0.0,8.33,0,0,5,0,28.82,27.22,30.45
2026-09-14 06:00:00,LOC-JKT-01,29.99,45.73,25.38,89.74,8.79,0.5,0.0,19.87,0,0,6,0,27.82,29.1,30.14
2026-09-14 07:00:00,LOC-JKT-01,37.23,56.95,28.24,84.51,11.74,294.0,0.0,76.01,0,0,7,0,29.99,26.49,30.75
2026-09-14 08:00:00,LOC-JKT-01,43.64,69.08,28.02,86.27,10.68,238.0,0.0,91.01,0,0,8,0,37.23,29.58,32.59
2026-09-14 09:00:00,LOC-JKT-01,47.57,70.74,29.21,78.01,9.42,95.5,0.0,82.53,0,0,9,0,43.64,32.34,35.84
2026-09-14 10:00:00,LOC-JKT-01,46.36,74.31,30.44,71.75,12.66,183.2,0.0,61.49,0,0,10,0,47.57,32.86,38.77
2026-09-14 11:00:00,LOC-JKT-01,42.21,62.13,31.62,69.71,17.47,98.7,0.0,60.54,0,0,11,0,46.36,34.16,41.17
2026-09-14 12:00:00,LOC-JKT-01,37.8,59.95,32.75,65.28,16.23,202.3,0.0,40.65,0,0,12,0,42.21,35.78,42.47
2026-09-14 13:00:00,LOC-JKT-01,28.15,45.0,32.42,58.61,12.91,302.0,7.3,63.67,0,0,13,0,37.8,34.77,40.96
2026-09-14 14:00:00,LOC-JKT-01,28.87,46.84,33.62,57.0,18.1,196.7,0.0,55.04,0,0,14,0,28.15,34.24,38.49
2026-09-14 15:00:00,LOC-JKT-01,20.17,28.68,33.18,62.23,15.24,142.8,12.03,51.84,0,0,15,0,28.87,35.41,33.93
2026-09-14 16:00:00,LOC-JKT-01,28.51,44.4,32.95,61.77,15.68,286.8,0.0,61.67,0,0,16,0,20.17,33.01,30.95
2026-09-14 17:00:00,LOC-JKT-01,34.3,57.77,31.17,63.44,12.84,223.7,0.0,83.59,0,0,17,0,28.51,32.97,29.63
2026-09-14 18:00:00,LOC-JKT-01,35.93,59.04,30.32,65.88,13.97,119.7,2.81,88.64,0,0,18,0,34.3,35.2,29.32
2026-09-14 19:00:00,LOC-JKT-01,39.49,56.2,30.82,75.23,13.46,36.5,0.0,82.7,0,0,19,0,35.93,38.54,31.21
2026-09-14 20:00:00,LOC-JKT-01,37.96,53.3,27.44,82.23,18.59,40.8,0.0,44.45,0,0,20,0,39.49,39.02,32.73
2026-09-14 21:00:00,LOC-JKT-01,38.55,55.89,26.59,83.2,8.69,173.9,0.0,36.75,0,0,21,0,37.96,38.83,35.79
2026-09-14 22:00:00,LOC-JKT-01,38.08,64.04,26.32,94.19,8.24,27.2,0.0,37.27,0,0,22,0,38.55,37.93,37.38
2026-09-14 23:00:00,LOC-JKT-01,40.44,65.72,26.39,93.66,8.05,347.4,0.0,44.15,0,0,23,0,38.08,34.88,38.41
2026-09-15 00:00:00,LOC-JKT-01,37.58,59.42,23.34,98.0,8.95,215.2,0.0,17.21,0,0,0,1,40.44,31.79,38.68
2026-09-15 01:00:00,LOC-JKT-01,35.04,49.44,23.09,98.0,9.57,5.5,0.0,19.68,0,0,1,1,37.58,33.58,37.94
2026-09-15 02:00:00,LOC-JKT-01,31.96,50.21,23.91,98.0,13.49,67.9,0.0,14.91,0,0,2,1,35.04,32.61,36.94
2026-09-15 03:00:00,LOC-JKT-01,31.82,49.06,23.86,98.0,8.9,156.4,0.0,18.3,0,0,3,1,31.96,28.05,35.82
2026-09-15 04:00:00,LOC-JKT-01,31.17,45.96,25.86,98.0,8.83,257.1,0.0,16.18,0,0,4,1,31.82,28.82,34.67
2026-09-15 05:00:00,LOC-JKT-01,32.5,53.37,24.77,94.81,8.19,165.2,0.0,11.67,0,0,5,1,31.17,27.82,33.34
2026-09-15 06:00:00,LOC-JKT-01,29.19,47.85,26.58,94.36,13.19,335.8,0.0,16.93,0,0,6,1,32.5,29.99,31.95
2026-09-15 07:00:00,LOC-JKT-01,35.06,55.2,28.05,85.4,9.39,331.5,0.0,82.19,0,0,7,1,29.19,37.23,31.95
2026-09-15 08:00:00,LOC-JKT-01,40.31,60.66,29.15,81.19,11.29,283.5,0.0,75.31,0,0,8,1,35.06,43.64,33.34
2026-09-15 09:00:00,LOC-JKT-01,41.04,58.29,31.04,82.28,17.55,23.0,0.0,78.17,0,0,9,1,40.31,47.57,34.88
2026-09-15 10:00:00,LOC-JKT-01,41.51,60.57,30.2,71.01,12.53,333.8,0.0,52.04,0,0,10,1,41.04,46.36,36.6
2026-09-15 11:00:00,LOC-JKT-01,40.35,63.04,32.33,65.61,11.75,66.8,0.0,53.32,0,0,11,1,41.51,42.21,37.91
2026-09-15 12:00:00,LOC-JKT-01,42.84,62.35,31.84,63.94,13.35,111.5,0.0,72.69,0,0,12,1,40.35,37.8,40.18
2026-09-15 13:00:00,LOC-JKT-01,39.54,57.2,31.79,62.2,13.93,329.0,0.0,58.28,0,0,13,1,42.84,28.15,40.93
2026-09-15 14:00:00,LOC-JKT-01,40.69,64.17,33.57,60.03,19.27,36.9,0.0,56.05,0,0,14,1,39.54,28.87,41.0
2026-09-15 15:00:00,LOC-JKT-01,36.95,58.35,32.6,63.52,18.7,269.4,0.0,57.9,0,0,15,1,40.69,20.17,40.31
2026-09-15 16:00:00,LOC-JKT-01,37.0,56.51,31.61,64.55,15.88,82.7,1.08,55.67,0,0,16,1,36.95,28.51,39.56
2026-09-15 17:00:00,LOC-JKT-01,39.47,59.48,32.02,64.1,12.29,186.9,0.0,86.85,0,0,17,1,37.0,34.3,39.42
2026-09-15 18:00:00,LOC-JKT-01,45.33,70.26,31.57,77.27,12.11,154.4,0.0,92.34,0,0,18,1,39.47,35.93,39.83
2026-09-15 19:00:00,LOC-JKT-01,39.01,58.1,28.63,79.35,12.29,191.7,5.58,87.04,0,0,19,1,45.33,39.49,39.74
2026-09-15 20:00:00,LOC-JKT-01,36.56,55.77,28.85,79.58,8.69,141.1,0.0,40.19,0,0,20,1,39.01,37.96,39.05
2026-09-15 21:00:00,LOC-JKT-01,37.64,58.74,27.3,95.56,10.97,247.9,0.0,34.44,0,0,21,1,36.56,38.55,39.17
2026-09-15 22:00:00,LOC-JKT-01,36.64,54.39,26.54,94.02,9.99,120.1,0.0,33.4,0,0,22,1,37.64,38.08,39.11
2026-09-15 23:00:00,LOC-JKT-01,35.29,57.52,25.27,98.0,14.96,73.3,0.0,37.71,0,0,23,1,36.64,40.44,38.41
2026-09-16 00:00:00,LOC-JKT-01,33.72,46.64,25.0,98.0,8.21,233.4,0.0,19.8,0,0,0,2,35.29,37.58,36.48
2026-09-16 01:00:00,LOC-JKT-01,33.98,51.82,24.65,98.0,9.4,24.7,0.0,10.24,0,0,1,2,33.72,35.04,35.64
2026-09-16 02:00:00,LOC-JKT-01,32.82,52.67,25.03,98.0,8.03,78.4,0.0,14.19,0,0,2,2,33.98,31.96,35.01
2026-09-16 03:00:00,LOC-JKT-01,32.01,51.49,24.69,98.0,12.36,210.1,0.0,15.33,0,0,3,2,32.82,31.82,34.08
2026-09-16 04:00:00,LOC-JKT-01,29.98,47.36,23.69,98.0,11.34,223.4,0.0,13.23,0,0,4,2,32.01,31.17,32.97
2026-09-16 05:00:00,LOC-JKT-01,32.06,53.02,25.69,98.0,10.73,235.5,0.0,16.25,0,0,5,2,29.98,32.5,32.43
2026-09-16 06:00:00,LOC-JKT-01,28.84,43.59,26.18,89.35,11.78,97.5,0.0,10.64,0,0,6,2,32.06,29.19,31.62
2026-09-16 07:00:00,LOC-JKT-01,39.18,59.47,26.21,87.74,8.62,27.7,0.0,86.51,0,0,7,2,28.84,35.06,32.48
2026-09-16 08:00:00,LOC-JKT-01,44.47,65.4,29.39,83.79,8.95,249.2,0.0,82.86,0,0,8,2,39.18,40.31,34.42
2026-09-16 09:00:00,LOC-JKT-01,47.29,74.91,28.95,78.1,10.03,214.3,0.0,77.26,0,0,9,2,44.47,41.04,36.97
2026-09-16 10:00:00,LOC-JKT-01,41.49,65.36,31.32,73.28,11.12,31.8,0.0,48.95,0,0,10,2,47.29,41.51,38.89
2026-09-16 11:00:00,LOC-JKT-01,40.8,62.36,30.43,66.73,12.71,323.3,0.0,53.42,0,0,11,2,41.49,40.35,40.34
2026-09-16 12:00:00,LOC-JKT-01,40.38,59.54,32.02,64.88,14.91,24.2,0.0,59.54,0,0,12,2,40.8,42.84,42.27
2026-09-16 13:00:00,LOC-JKT-01,36.38,58.46,32.65,60.63,17.42,203.8,0.0,54.19,0,0,13,2,40.38,39.54,41.8
2026-09-16 14:00:00,LOC-JKT-01,39.28,61.63,34.07,61.89,13.12,301.4,0.0,67.07,0,0,14,2,36.38,40.69,40.94
2026-09-16 15:00:00,LOC-JKT-01,35.71,53.69,33.68,61.18,17.07,159.2,0.0,55.14,0,0,15,2,39.28,36.95,39.01
2026-09-16 16:00:00,LOC-JKT-01,35.84,53.77,32.96,63.42,20.27,123.1,0.0,58.75,0,0,16,2,35.71,37.0,38.07
2026-09-16 17:00:00,LOC-JKT-01,39.95,58.09,31.78,72.31,14.93,134.3,0.0,85.98,0,0,17,2,35.84,39.47,37.92
2026-09-16 18:00:00,LOC-JKT-01,45.95,72.91,31.64,74.23,13.64,99.1,0.0,92.92,0,0,18,2,39.95,45.33,38.85
2026-09-16 19:00:00,LOC-JKT-01,38.38,62.05,28.96,82.27,14.74,61.1,9.06,85.88,0,0,19,2,45.95,39.01,39.18
2026-09-16 20:00:00,LOC-JKT-01,34.63,48.71,28.83,83.39,17.73,192.9,0.0,34.48,0,0,20,2,38.38,36.56,38.41
2026-09-16 21:00:00,LOC-JKT-01,35.68,53.95,27.77,88.15,10.7,127.8,0.0,43.83,0,0,21,2,34.63,37.64,38.4
2026-09-16 22:00:00,LOC-JKT-01,34.97,53.7,26.41,90.73,14.39,317.8,0.0,42.14,0,0,22,2,35.68,36.64,38.26
2026-09-16 23:00:00,LOC-JKT-01,25.7,40.06,25.49,94.87,12.87,359.0,13.66,44.98,0,0,23,2,34.97,35.29,35.88
2026-09-17 00:00:00,LOC-JKT-01,26.49,40.53,25.56,98.0,8.19,120.7,0.0,14.18,0,0,0,3,25.7,33.72,32.64
2026-09-17 01:00:00,LOC-JKT-01,25.71,38.46,22.91,98.0,8.55,53.0,0.0,13.86,0,0,1,3,26.49,33.98,30.53
2026-09-17 02:00:00,LOC-JKT-01,25.32,37.88,23.51,98.0,9.07,83.7,0.0,11.92,0,0,2,3,25.71,32.82,28.98
2026-09-17 03:00:00,LOC-JKT-01,24.56,37.62,24.3,98.0,8.48,123.4,0.0,12.77,0,0,3,3,25.32,32.01,27.12
2026-09-17 04:00:00,LOC-JKT-01,25.64,39.46,25.68,98.0,8.44,209.1,0.0,16.4,0,0,4,3,24.56,29.98,25.57
2026-09-17 05:00:00,LOC-JKT-01,25.34,32.31,23.9,97.31,9.1,296.1,0.0,11.67,0,0,5,3,25.64,32.06,25.51
2026-09-17 06:00:00,LOC-JKT-01,24.29,36.81,26.68,97.92,11.3,279.7,0.0,16.58,0,0,6,3,25.34,28.84,25.14
2026-09-17 07:00:00,LOC-JKT-01,31.96,52.65,28.01,87.55,12.06,177.3,0.0,74.97,0,0,7,3,24.29,39.18,26.18
2026-09-17 08:00:00,LOC-JKT-01,38.47,65.34,28.28,85.16,9.19,163.4,0.0,80.78,0,0,8,3,31.96,44.47,28.38
2026-09-17 09:00:00,LOC-JKT-01,41.7,65.84,30.97,82.96,10.08,199.0,0.0,81.2,0,0,9,3,38.47,47.29,31.23
2026-09-17 10:00:00,LOC-JKT-01,41.46,60.95,29.72,71.87,11.48,78.7,0.0,51.71,0,0,10,3,41.7,41.49,33.87
2026-09-17 11:00:00,LOC-JKT-01,40.36,63.96,31.86,70.1,12.91,31.3,0.0,51.92,0,0,11,3,41.46,40.8,36.37
2026-09-17 12:00:00,LOC-JKT-01,37.36,59.51,32.81,60.01,13.08,78.6,0.0,49.97,0,0,12,3,40.36,40.38,38.55
2026-09-17 13:00:00,LOC-JKT-01,37.99,58.8,33.83,58.84,14.67,126.4,0.0,57.75,0,0,13,3,37.36,36.38,39.56
2026-09-17 14:00:00,LOC-JKT-01,35.68,47.06,32.48,57.8,20.17,168.5,0.0,51.36,0,0,14,3,37.99,39.28,39.09
2026-09-17 15:00:00,LOC-JKT-01,33.94,46.22,32.45,59.17,18.1,61.5,1.37,63.33,0,0,15,3,35.68,35.71,37.8
2026-09-17 16:00:00,LOC-JKT-01,34.96,53.33,33.01,63.59,14.47,180.5,0.21,42.5,0,0,16,3,33.94,35.84,36.71
2026-09-17 17:00:00,LOC-JKT-01,40.14,59.54,31.91,66.31,12.35,17.9,0.0,86.3,0,0,17,3,34.96,39.95,36.68
2026-09-17 18:00:00,LOC-JKT-01,43.83,65.74,30.1,69.36,11.93,288.5,0.0,85.86,0,0,18,3,40.14,45.95,37.76
2026-09-17 19:00:00,LOC-JKT-01,45.89,75.02,30.27,78.36,17.24,139.4,0.12,95.39,0,0,19,3,43.83,38.38,39.07
2026-09-17 20:00:00,LOC-JKT-01,43.39,69.34,27.92,84.24,9.27,10.8,0.0,42.53,0,0,20,3,45.89,34.63,40.36
2026-09-17 21:00:00,LOC-JKT-01,39.67,64.35,26.17,84.18,13.65,341.0,0.0,45.73,0,0,21,3,43.39,35.68,41.31
2026-09-17 22:00:00,LOC-JKT-01,34.99,51.77,26.95,97.42,21.85,112.3,0.0,39.46,0,0,22,3,39.67,34.97,41.32
2026-09-17 23:00:00,LOC-JKT-01,34.19,49.55,24.32,96.15,15.92,22.3,0.0,34.23,0,0,23,3,34.99,25.7,40.33
2026-09-18 00:00:00,LOC-JKT-01,34.01,55.31,24.67,92.08,8.85,169.5,0.0,18.3,0,0,0,4,34.19,26.49,38.69
2026-09-18 01:00:00,LOC-JKT-01,32.1,55.0,24.29,98.0,8.17,2.5,0.0,17.8,0,0,1,4,34.01,25.71,36.39
2026-09-18 02:00:00,LOC-JKT-01,30.53,45.81,24.75,98.0,14.78,327.3,0.0,10.58,0,0,2,4,32.1,25.32,34.25
2026-09-18 03:00:00,LOC-JKT-01,26.14,41.33,23.76,98.0,13.33,43.2,0.0,7.46,0,0,3,4,30.53,24.56,31.99
2026-09-18 04:00:00,LOC-JKT-01,25.96,39.41,23.07,98.0,10.72,156.2,0.0,15.49,0,0,4,4,26.14,25.64,30.49
2026-09-18 05:00:00,LOC-JKT-01,27.12,42.9,25.89,98.0,16.05,295.6,0.0,20.01,0,0,5,4,25.96,25.34,29.31
2026-09-18 06:00:00,LOC-JKT-01,27.11,38.94,24.93,90.12,8.03,297.6,0.0,15.71,0,0,6,4,27.12,24.29,28.16
2026-09-18 07:00:00,LOC-JKT-01,33.63,52.36,27.26,88.14,12.03,11.7,0.0,78.6,0,0,7,4,27.11,31.96,28.42
2026-09-18 08:00:00,LOC-JKT-01,40.33,61.22,28.71,78.27,9.05,337.8,0.0,81.67,0,0,8,4,33.63,38.47,30.05
2026-09-18 09:00:00,LOC-JKT-01,43.97,63.51,29.55,76.69,11.13,81.5,0.0,80.49,0,0,9,4,40.33,41.7,33.02
2026-09-18 10:00:00,LOC-JKT-01,41.34,60.84,31.62,69.59,15.66,171.8,0.0,61.92,0,0,10,4,43.97,41.46,35.58
2026-09-18 11:00:00,LOC-JKT-01,40.69,61.68,31.17,66.24,13.51,302.7,0.0,49.89,0,0,11,4,41.34,40.36,37.84
2026-09-18 12:00:00,LOC-JKT-01,41.9,64.86,32.07,66.41,14.17,109.2,0.0,57.02,0,0,12,4,40.69,37.36,40.31
2026-09-18 13:00:00,LOC-JKT-01,38.52,60.22,32.44,57.31,16.03,349.6,0.0,53.13,0,0,13,4,41.9,37.99,41.12
2026-09-18 14:00:00,LOC-JKT-01,36.18,49.52,32.23,59.38,15.85,337.9,0.0,53.7,0,0,14,4,38.52,35.68,40.43
2026-09-18 15:00:00,LOC-JKT-01,35.7,52.98,33.76,61.96,15.67,134.4,0.0,57.57,0,0,15,4,36.18,33.94,39.06
2026-09-18 16:00:00,LOC-JKT-01,34.69,50.17,33.79,60.38,15.55,25.2,0.0,52.74,0,0,16,4,35.7,34.96,37.95
2026-09-18 17:00:00,LOC-JKT-01,40.68,65.13,31.45,66.9,12.33,180.9,0.0,92.07,0,0,17,4,34.69,40.14,37.94
2026-09-18 18:00:00,LOC-JKT-01,43.74,66.9,29.73,76.11,14.69,191.3,0.0,94.51,0,0,18,4,40.68,43.83,38.25
2026-09-18 19:00:00,LOC-JKT-01,45.92,72.11,29.88,76.76,14.88,155.3,0.0,93.02,0,0,19,4,43.74,45.89,39.49
2026-09-18 20:00:00,LOC-JKT-01,42.43,70.29,28.45,85.66,10.17,111.0,0.0,38.87,0,0,20,4,45.92,43.39,40.53
2026-09-18 21:00:00,LOC-JKT-01,38.35,62.01,26.78,91.62,12.91,340.8,0.0,34.11,0,0,21,4,42.43,39.67,40.97
2026-09-18 22:00:00,LOC-JKT-01,36.71,54.76,27.57,96.21,11.49,43.3,0.0,42.22,0,0,22,4,38.35,34.99,41.3
2026-09-18 23:00:00,LOC-JKT-01,38.59,60.57,24.5,90.81,8.52,61.5,0.0,46.31,0,0,23,4,36.71,34.19,40.96
2026-09-19 00:00:00,LOC-JKT-01,34.47,54.46,24.45,98.0,8.32,6.0,0.0,15.0,1,0,0,5,38.59,34.01,39.41
2026-09-19 01:00:00,LOC-JKT-01,29.32,49.4,23.85,98.0,14.08,333.5,0.0,15.0,1,0,1,5,34.47,32.1,36.65
2026-09-19 02:00:00,LOC-JKT-01,30.02,45.02,24.06,98.0,8.03,283.5,0.0,15.0,1,0,2,5,29.32,30.53,34.58
2026-09-19 03:00:00,LOC-JKT-01,30.33,46.21,24.43,98.0,10.36,99.1,0.0,15.0,1,0,3,5,30.02,26.14,33.24
2026-09-19 04:00:00,LOC-JKT-01,29.66,47.94,25.28,94.67,8.16,153.4,0.0,15.0,1,0,4,5,30.33,25.96,32.07
2026-09-19 05:00:00,LOC-JKT-01,28.98,43.81,25.83,95.91,15.99,34.3,0.0,15.0,1,0,5,5,29.66,27.12,30.46
2026-09-19 06:00:00,LOC-JKT-01,31.87,45.84,23.92,91.88,9.22,142.0,0.0,35.0,1,0,6,5,28.98,27.11,30.03
2026-09-19 07:00:00,LOC-JKT-01,32.66,45.37,27.82,89.84,8.5,53.7,0.0,39.34,1,0,7,5,31.87,33.63,30.59
2026-09-19 08:00:00,LOC-JKT-01,35.54,51.67,28.19,82.47,8.11,141.1,0.0,43.55,1,0,8,5,32.66,40.33,31.51
2026-09-19 09:00:00,LOC-JKT-01,33.07,49.75,30.08,75.33,16.08,107.0,0.0,47.5,1,0,9,5,35.54,43.97,31.96
2026-09-19 10:00:00,LOC-JKT-01,34.75,51.77,31.53,72.55,13.85,296.8,0.0,51.07,1,0,10,5,33.07,41.34,32.81
2026-09-19 11:00:00,LOC-JKT-01,36.69,62.36,32.8,63.02,12.48,29.2,0.0,54.15,1,0,11,5,34.75,40.69,34.1
2026-09-19 12:00:00,LOC-JKT-01,34.54,51.18,32.07,65.08,14.22,223.0,0.0,56.65,1,0,12,5,36.69,41.9,34.54
2026-09-19 13:00:00,LOC-JKT-01,35.92,59.51,33.76,61.38,13.5,336.4,0.0,58.49,1,0,13,5,34.54,38.52,35.08
2026-09-19 14:00:00,LOC-JKT-01,34.98,56.9,32.24,57.97,17.35,91.1,0.0,59.62,1,0,14,5,35.92,36.18,34.99
2026-09-19 15:00:00,LOC-JKT-01,33.72,50.69,33.57,65.81,15.6,245.7,0.0,60.0,1,0,15,5,34.98,35.7,35.1
2026-09-19 16:00:00,LOC-JKT-01,33.8,54.52,31.81,65.11,15.87,84.0,0.0,59.62,1,0,16,5,33.72,34.69,34.94
2026-09-19 17:00:00,LOC-JKT-01,36.86,57.02,32.54,67.42,11.67,264.3,0.0,58.49,1,0,17,5,33.8,40.68,34.97
2026-09-19 18:00:00,LOC-JKT-01,37.95,58.0,30.42,64.92,10.54,29.4,0.0,56.65,1,0,18,5,36.86,43.74,35.54
2026-09-19 19:00:00,LOC-JKT-01,38.86,63.05,30.82,69.69,9.87,106.5,0.0,54.15,1,0,19,5,37.95,45.92,36.03
2026-09-19 20:00:00,LOC-JKT-01,40.94,62.74,28.51,90.61,8.22,32.4,0.0,51.07,1,0,20,5,38.86,42.43,37.02
2026-09-19 21:00:00,LOC-JKT-01,40.73,64.03,26.48,86.86,11.76,105.6,0.0,47.5,1,0,21,5,40.94,38.35,38.19
2026-09-19 22:00:00,LOC-JKT-01,40.65,59.59,26.76,96.17,11.41,340.5,0.0,43.55,1,0,22,5,40.73,36.71,39.33
2026-09-19 23:00:00,LOC-JKT-01,41.06,69.47,26.29,98.0,8.05,262.4,0.0,39.34,1,0,23,5,40.65,38.59,40.03
2026-09-20 00:00:00,LOC-JKT-01,36.53,57.48,23.9,98.0,8.3,299.3,0.0,15.0,1,0,0,6,41.06,34.47,39.8
2026-09-20 01:00:00,LOC-JKT-01,25.15,36.71,25.38,98.0,12.54,42.6,7.47,15.0,1,0,1,6,36.53,29.32,37.51
2026-09-20 02:00:00,LOC-JKT-01,24.64,38.28,24.02,98.0,13.71,344.7,0.0,15.0,1,0,2,6,25.15,30.02,34.79
2026-09-20 03:00:00,LOC-JKT-01,25.79,38.12,22.43,98.0,10.8,139.9,0.0,15.0,1,0,3,6,24.64,30.33,32.3
2026-09-20 04:00:00,LOC-JKT-01,28.58,45.31,24.58,98.0,10.28,314.5,0.0,15.0,1,0,4,6,25.79,29.66,30.29
2026-09-20 05:00:00,LOC-JKT-01,27.9,42.05,24.35,94.33,9.55,242.1,0.0,15.0,1,0,5,6,28.58,28.98,28.1
2026-09-20 06:00:00,LOC-JKT-01,31.24,49.51,25.52,93.98,10.59,249.6,0.0,35.0,1,0,6,6,27.9,31.87,27.22
2026-09-20 07:00:00,LOC-JKT-01,32.69,47.63,28.74,87.69,10.9,67.2,2.01,39.34,1,0,7,6,31.24,32.66,28.47
2026-09-20 08:00:00,LOC-JKT-01,38.0,56.97,28.21,83.25,8.4,346.9,0.0,43.55,1,0,8,6,32.69,35.54,30.7
2026-09-20 09:00:00,LOC-JKT-01,36.35,57.12,28.98,76.56,9.47,38.0,0.0,47.5,1,0,9,6,38.0,33.07,32.46
2026-09-20 10:00:00,LOC-JKT-01,36.11,52.73,31.63,72.43,10.63,179.3,0.0,51.07,1,0,10,6,36.35,34.75,33.71
2026-09-20 11:00:00,LOC-JKT-01,37.3,53.79,32.35,67.16,16.52,209.9,0.0,54.15,1,0,11,6,36.11,36.69,35.28
2026-09-20 12:00:00,LOC-JKT-01,36.16,55.58,31.3,62.5,15.96,200.3,0.0,56.65,1,0,12,6,37.3,34.54,36.1
2026-09-20 13:00:00,LOC-JKT-01,36.32,61.07,33.46,63.78,14.04,243.2,0.0,58.49,1,0,13,6,36.16,35.92,36.71
2026-09-20 14:00:00,LOC-JKT-01,36.66,57.84,33.54,59.59,13.87,43.4,0.0,59.62,1,0,14,6,36.32,34.98,36.48
2026-09-20 15:00:00,LOC-JKT-01,35.34,49.71,32.7,59.27,14.94,58.3,0.0,60.0,1,0,15,6,36.66,33.72,36.32
2026-09-20 16:00:00,LOC-JKT-01,35.87,57.13,30.96,58.88,15.56,159.1,0.0,59.62,1,0,16,6,35.34,33.8,36.28
2026-09-20 17:00:00,LOC-JKT-01,36.15,53.14,33.64,64.82,14.15,144.5,0.0,58.49,1,0,17,6,35.87,36.86,36.08
2026-09-20 18:00:00,LOC-JKT-01,38.61,60.61,31.15,68.82,11.2,21.1,0.0,56.65,1,0,18,6,36.15,37.95,36.49
2026-09-20 19:00:00,LOC-JKT-01,31.06,50.55,28.19,79.07,14.17,194.5,5.01,54.15,1,0,19,6,38.61,38.86,35.62
2026-09-20 20:00:00,LOC-JKT-01,35.23,59.07,27.88,80.68,8.49,155.8,0.0,51.07,1,0,20,6,31.06,40.94,35.38
2026-09-20 21:00:00,LOC-JKT-01,36.55,54.21,29.15,86.48,13.29,282.0,0.0,47.5,1,0,21,6,35.23,40.73,35.58
2026-09-20 22:00:00,LOC-JKT-01,36.99,63.48,26.17,91.52,10.18,209.0,0.0,43.55,1,0,22,6,36.55,40.65,35.76
2026-09-20 23:00:00,LOC-JKT-01,37.51,56.37,24.78,96.35,9.74,231.8,0.0,39.34,1,0,23,6,36.99,41.06,35.99
2026-09-21 00:00:00,LOC-JKT-01,26.18,44.0,24.42,98.0,8.73,159.3,10.31,16.3,0,0,0,0,37.51,36.53,33.92
2026-09-21 01:00:00,LOC-JKT-01,27.83,42.84,23.71,98.0,10.99,282.4,0.0,15.85,0,0,1,0,26.18,25.15,33.38
2026-09-21 02:00:00,LOC-JKT-01,30.11,42.04,25.82,98.0,8.75,225.2,0.0,20.6,0,0,2,0,27.83,24.64,32.53
2026-09-21 03:00:00,LOC-JKT-01,29.5,41.96,24.26,98.0,9.75,58.8,0.0,15.94,0,0,3,0,30.11,25.79,31.35
2026-09-21 04:00:00,LOC-JKT-01,29.6,43.7,24.5,98.0,10.15,174.0,0.0,14.21,0,0,4,0,29.5,28.58,30.12
2026-09-21 05:00:00,LOC-JKT-01,29.29,41.39,25.33,97.94,10.5,316.1,0.0,12.06,0,0,5,0,29.6,27.9,28.75
2026-09-21 06:00:00,LOC-JKT-01,26.74,42.4,25.92,93.4,16.75,303.2,0.0,8.45,0,0,6,0,29.29,31.24,28.84
2026-09-21 07:00:00,LOC-JKT-01,24.02,42.54,27.44,86.69,10.43,27.6,6.66,76.94,0,0,7,0,26.74,32.69,28.21
2026-09-21 08:00:00,LOC-JKT-01,35.7,52.56,26.39,81.03,8.07,120.7,0.0,89.65,0,0,8,0,24.02,38.0,29.14
2026-09-21 09:00:00,LOC-JKT-01,38.96,68.32,28.39,75.32,9.89,287.1,0.0,80.93,0,0,9,0,35.7,36.35,30.72
2026-09-21 10:00:00,LOC-JKT-01,38.02,57.43,30.03,67.06,15.08,357.3,0.0,55.27,0,0,10,0,38.96,36.11,32.12
2026-09-21 11:00:00,LOC-JKT-01,37.37,62.72,30.58,67.41,12.13,287.7,0.0,54.63,0,0,11,0,38.02,37.3,33.47
2026-09-21 12:00:00,LOC-JKT-01,36.12,59.82,33.36,63.8,17.22,311.9,0.0,50.23,0,0,12,0,37.37,36.16,35.03
2026-09-21 13:00:00,LOC-JKT-01,28.95,44.02,31.07,62.26,29.82,48.7,0.0,40.04,0,0,13,0,36.12,36.32,35.85
2026-09-21 14:00:00,LOC-JKT-01,34.37,52.96,34.09,56.49,14.98,150.6,0.0,63.98,0,0,14,0,28.95,36.66,35.63
2026-09-21 15:00:00,LOC-JKT-01,33.23,55.86,31.86,67.04,13.54,267.2,2.63,64.57,0,0,15,0,34.37,35.34,34.68
2026-09-21 16:00:00,LOC-JKT-01,36.75,55.77,33.1,59.72,14.84,286.6,0.0,53.43,0,0,16,0,33.23,35.87,34.46
2026-09-21 17:00:00,LOC-JKT-01,35.83,52.81,31.19,71.87,13.7,103.7,4.11,82.1,0,0,17,0,36.75,36.15,34.21
2026-09-21 18:00:00,LOC-JKT-01,38.2,52.64,30.8,69.92,19.01,62.8,0.0,88.93,0,0,18,0,35.83,38.61,34.56
2026-09-21 19:00:00,LOC-JKT-01,44.5,69.53,30.62,79.18,9.95,8.1,0.0,88.21,0,0,19,0,38.2,31.06,37.15
2026-09-21 20:00:00,LOC-JKT-01,41.35,61.6,29.5,83.18,9.68,269.9,0.0,33.65,0,0,20,0,44.5,35.23,38.31
2026-09-21 21:00:00,LOC-JKT-01,38.08,59.62,26.82,85.25,10.43,211.7,0.0,34.67,0,0,21,0,41.35,36.55,39.12
2026-09-21 22:00:00,LOC-JKT-01,39.6,68.29,25.06,93.28,9.0,144.1,0.0,45.34,0,0,22,0,38.08,36.99,39.59
2026-09-21 23:00:00,LOC-JKT-01,39.04,59.42,24.13,98.0,16.05,358.9,0.0,45.73,0,0,23,0,39.6,37.51,40.13
2026-09-22 00:00:00,LOC-JKT-01,37.04,59.76,24.38,98.0,8.75,49.7,0.0,23.2,0,0,0,1,39.04,26.18,39.94
2026-09-22 01:00:00,LOC-JKT-01,35.73,55.94,23.52,98.0,9.59,75.5,0.0,19.33,0,0,1,1,37.04,27.83,38.47
2026-09-22 02:00:00,LOC-JKT-01,32.1,53.34,24.8,98.0,12.36,249.0,0.0,11.06,0,0,2,1,35.73,30.11,36.93
2026-09-22 03:00:00,LOC-JKT-01,32.92,53.32,24.87,98.0,10.11,112.4,0.0,16.41,0,0,3,1,32.1,29.5,36.07
2026-09-22 04:00:00,LOC-JKT-01,32.75,52.03,24.2,96.8,8.94,71.5,0.0,14.06,0,0,4,1,32.92,29.6,34.93
2026-09-22 05:00:00,LOC-JKT-01,29.77,43.96,25.53,96.54,17.39,135.6,0.0,16.48,0,0,5,1,32.75,29.29,33.38
2026-09-22 06:00:00,LOC-JKT-01,29.49,46.93,26.02,91.64,9.14,291.2,0.0,18.13,0,0,6,1,29.77,26.74,32.13
2026-09-22 07:00:00,LOC-JKT-01,37.78,58.59,27.78,89.03,16.7,245.7,0.0,77.87,0,0,7,1,29.49,24.02,32.47
2026-09-22 08:00:00,LOC-JKT-01,41.85,67.06,27.66,82.09,9.12,288.9,0.0,87.96,0,0,8,1,37.78,35.7,34.09
2026-09-22 09:00:00,LOC-JKT-01,44.7,72.74,30.14,75.88,15.16,47.4,0.0,83.69,0,0,9,1,41.85,38.96,36.06
2026-09-22 10:00:00,LOC-JKT-01,43.6,64.22,31.19,69.9,11.05,19.3,0.0,62.15,0,0,10,1,44.7,38.02,37.86
2026-09-22 11:00:00,LOC-JKT-01,41.55,71.29,31.37,66.98,12.16,259.3,0.0,62.38,0,0,11,1,43.6,37.37,39.83
2026-09-22 12:00:00,LOC-JKT-01,41.42,66.82,32.7,64.08,16.04,37.9,0.0,62.31,0,0,12,1,41.55,36.12,41.82
2026-09-22 13:00:00,LOC-JKT-01,30.41,51.49,32.59,59.03,14.4,319.1,19.53,57.0,0,0,13,1,41.42,28.95,40.59
2026-09-22 14:00:00,LOC-JKT-01,29.14,45.24,32.27,57.49,21.54,107.4,0.0,48.86,0,0,14,1,30.41,34.37,38.47
2026-09-22 15:00:00,LOC-JKT-01,32.91,50.54,32.64,60.57,14.16,123.9,0.0,56.33,0,0,15,1,29.14,33.23,36.5
2026-09-22 16:00:00,LOC-JKT-01,34.18,48.32,34.99,69.87,12.78,353.8,0.0,56.29,0,0,16,1,32.91,36.75,34.93
2026-09-22 17:00:00,LOC-JKT-01,38.11,52.12,33.08,70.64,12.19,295.3,0.0,86.47,0,0,17,1,34.18,35.83,34.36
2026-09-22 18:00:00,LOC-JKT-01,42.13,64.62,31.44,68.52,12.66,115.5,0.0,87.99,0,0,18,1,38.11,38.2,34.48
2026-09-22 19:00:00,LOC-JKT-01,44.68,70.82,30.16,72.08,9.29,329.4,0.0,86.37,0,0,19,1,42.13,44.5,36.86
2026-09-22 20:00:00,LOC-JKT-01,39.28,65.25,28.76,82.5,9.69,42.9,0.0,33.83,0,0,20,1,44.68,41.35,38.55
2026-09-22 21:00:00,LOC-JKT-01,37.57,64.36,27.98,87.37,12.86,122.8,0.0,37.73,0,0,21,1,39.28,38.08,39.32
2026-09-22 22:00:00,LOC-JKT-01,35.77,56.31,26.47,92.93,9.98,355.3,0.0,41.24,0,0,22,1,37.57,39.6,39.59
2026-09-22 23:00:00,LOC-JKT-01,34.35,50.96,24.87,93.29,13.13,121.4,0.0,37.41,0,0,23,1,35.77,39.04,38.96
2026-09-23 00:00:00,LOC-JKT-01,33.87,50.33,23.19,98.0,9.62,135.7,0.0,14.94,0,0,0,2,34.35,37.04,37.59
2026-09-23 01:00:00,LOC-JKT-01,32.43,47.61,23.9,98.0,9.16,59.1,0.0,10.77,0,0,1,2,33.87,35.73,35.54
2026-09-23 02:00:00,LOC-JKT-01,32.04,54.37,24.14,98.0,8.24,344.0,0.0,14.19,0,0,2,2,32.43,32.1,34.34
2026-09-23 03:00:00,LOC-JKT-01,29.49,46.19,24.21,98.0,9.02,135.7,0.0,11.44,0,0,3,2,32.04,32.92,32.99
2026-09-23 04:00:00,LOC-JKT-01,31.71,49.64,23.89,98.0,9.11,181.2,0.0,18.16,0,0,4,2,29.49,32.75,32.32
2026-09-23 05:00:00,LOC-JKT-01,30.16,46.38,24.36,96.89,9.6,14.3,0.0,12.03,0,0,5,2,31.71,29.77,31.62
2026-09-23 06:00:00,LOC-JKT-01,27.73,46.57,25.93,89.45,16.86,50.8,0.0,20.26,0,0,6,2,30.16,29.49,30.59
2026-09-23 07:00:00,LOC-JKT-01,35.66,56.72,26.15,86.55,16.34,330.4,0.0,80.35,0,0,7,2,27.73,37.78,31.13
2026-09-23 08:00:00,LOC-JKT-01,40.06,60.76,28.34,80.42,9.13,228.8,0.0,83.49,0,0,8,2,35.66,41.85,32.47
2026-09-23 09:00:00,LOC-JKT-01,45.36,72.79,30.61,75.47,10.11,108.0,0.0,80.31,0,0,9,2,40.06,44.7,35.11
2026-09-23 10:00:00,LOC-JKT-01,43.95,64.79,31.62,69.61,11.18,168.9,0.0,53.03,0,0,10,2,45.36,43.6,37.15
2026-09-23 11:00:00,LOC-JKT-01,40.89,61.01,32.6,66.87,12.36,139.3,0.0,51.53,0,0,11,2,43.95,41.55,38.94
2026-09-23 12:00:00,LOC-JKT-01,39.09,63.6,32.39,62.3,12.72,110.8,0.0,58.98,0,0,12,2,40.89,41.42,40.84
2026-09-23 13:00:00,LOC-JKT-01,38.79,55.69,32.94,65.39,13.48,59.8,0.0,69.49,0,0,13,2,39.09,30.41,41.36
2026-09-23 14:00:00,LOC-JKT-01,33.59,54.3,32.41,63.58,22.11,265.7,0.0,53.56,0,0,14,2,38.79,29.14,40.28
2026-09-23 15:00:00,LOC-JKT-01,32.3,49.58,32.18,60.32,14.09,346.2,0.0,59.72,0,0,15,2,33.59,32.91,38.1
2026-09-23 16:00:00,LOC-JKT-01,33.69,55.8,32.51,65.5,16.64,292.3,0.0,61.91,0,0,16,2,32.3,34.18,36.39
2026-09-23 17:00:00,LOC-JKT-01,37.99,58.49,31.24,66.92,15.6,289.8,0.0,90.29,0,0,17,2,33.69,38.11,35.91
2026-09-23 18:00:00,LOC-JKT-01,42.15,66.22,32.09,68.17,12.3,269.6,0.0,83.46,0,0,18,2,37.99,42.13,36.42
2026-09-23 19:00:00,LOC-JKT-01,44.21,70.17,30.96,74.34,13.44,173.7,0.0,84.28,0,0,19,2,42.15,44.68,37.32
2026-09-23 20:00:00,LOC-JKT-01,40.57,65.14,29.26,81.82,10.23,254.6,0.0,34.82,0,0,20,2,44.21,39.28,38.48
2026-09-23 21:00:00,LOC-JKT-01,41.58,66.73,26.39,88.24,8.5,262.1,0.0,46.07,0,0,21,2,40.57,37.57,40.03
2026-09-23 22:00:00,LOC-JKT-01,40.4,57.68,26.3,94.16,9.25,233.4,0.0,45.04,0,0,22,2,41.58,35.77,41.15
2026-09-23 23:00:00,LOC-JKT-01,40.45,63.98,26.52,98.0,9.25,313.1,0.0,39.56,0,0,23,2,40.4,34.35,41.56
2026-09-24 00:00:00,LOC-JKT-01,37.04,59.3,24.38,97.22,8.54,254.4,0.0,10.33,0,0,0,3,40.45,33.87,40.71
2026-09-24 01:00:00,LOC-JKT-01,34.97,56.51,22.65,98.0,9.71,343.1,0.0,18.52,0,0,1,3,37.04,32.43,39.17
2026-09-24 02:00:00,LOC-JKT-01,33.16,55.77,23.51,98.0,9.08,191.7,0.0,10.4,0,0,2,3,34.97,32.04,37.93
2026-09-24 03:00:00,LOC-JKT-01,33.43,56.74,22.96,98.0,10.69,69.1,0.0,15.5,0,0,3,3,33.16,29.49,36.57
2026-09-24 04:00:00,LOC-JKT-01,32.62,50.18,27.12,97.68,9.22,187.0,0.0,12.91,0,0,4,3,33.43,31.71,35.28
2026-09-24 05:00:00,LOC-JKT-01,30.1,46.74,24.66,95.28,8.97,200.9,0.0,22.73,0,0,5,3,32.62,30.16,33.55
2026-09-24 06:00:00,LOC-JKT-01,30.21,54.0,24.59,92.04,15.6,4.3,0.0,14.58,0,0,6,3,30.1,27.73,32.42
2026-09-24 07:00:00,LOC-JKT-01,36.24,58.07,27.64,87.39,9.68,27.0,0.0,74.02,0,0,7,3,30.21,35.66,32.63
2026-09-24 08:00:00,LOC-JKT-01,41.07,62.1,28.52,77.78,12.39,22.3,0.0,87.89,0,0,8,3,36.24,40.06,33.94
2026-09-24 09:00:00,LOC-JKT-01,42.65,65.15,28.4,76.12,11.88,205.5,0.0,79.24,0,0,9,3,41.07,45.36,35.48
2026-09-24 10:00:00,LOC-JKT-01,41.96,61.85,30.13,70.22,14.86,347.9,0.0,56.68,0,0,10,3,42.65,43.95,37.04
2026-09-24 11:00:00,LOC-JKT-01,42.38,65.02,32.48,64.26,13.51,272.8,0.0,67.89,0,0,11,3,41.96,40.89,39.08
2026-09-24 12:00:00,LOC-JKT-01,36.61,57.32,32.38,60.88,19.65,219.7,0.0,50.38,0,0,12,3,42.38,39.09,40.15
2026-09-24 13:00:00,LOC-JKT-01,35.71,55.89,33.76,57.93,12.88,346.9,0.0,55.21,0,0,13,3,36.61,38.79,40.06
2026-09-24 14:00:00,LOC-JKT-01,36.78,58.0,33.37,60.58,15.57,45.4,0.0,51.99,0,0,14,3,35.71,33.59,39.35
2026-09-24 15:00:00,LOC-JKT-01,37.58,59.14,33.52,61.5,13.25,111.5,0.0,59.85,0,0,15,3,36.78,32.3,38.5
2026-09-24 16:00:00,LOC-JKT-01,36.33,56.03,31.45,66.11,12.94,272.3,0.0,58.38,0,0,16,3,37.58,33.69,37.57
2026-09-24 17:00:00,LOC-JKT-01,35.25,59.05,31.49,62.92,24.07,75.3,1.37,87.58,0,0,17,3,36.33,37.99,36.38
2026-09-24 18:00:00,LOC-JKT-01,41.42,67.62,30.46,71.15,10.61,160.5,0.0,91.44,0,0,18,3,35.25,42.15,37.18
2026-09-24 19:00:00,LOC-JKT-01,45.08,72.18,29.35,73.01,17.64,99.2,0.0,93.68,0,0,19,3,41.42,44.21,38.74
2026-09-24 20:00:00,LOC-JKT-01,44.51,68.8,29.02,84.43,8.2,139.4,0.0,46.76,0,0,20,3,45.08,40.57,40.03
2026-09-24 21:00:00,LOC-JKT-01,40.78,59.93,27.53,86.81,14.11,65.0,0.0,46.78,0,0,21,3,44.51,41.58,40.56
2026-09-24 22:00:00,LOC-JKT-01,37.19,56.28,25.78,97.25,10.81,160.0,0.0,38.79,0,0,22,3,40.78,40.4,40.7
2026-09-24 23:00:00,LOC-JKT-01,39.28,63.88,24.49,95.73,10.63,318.4,0.0,39.31,0,0,23,3,37.19,40.45,41.38
2026-09-25 00:00:00,LOC-JKT-01,26.93,42.2,25.96,98.0,9.59,181.7,7.06,13.87,0,0,0,4,39.28,37.04,38.96
2026-09-25 01:00:00,LOC-JKT-01,25.71,40.79,24.12,98.0,15.22,258.2,0.0,5.0,0,0,1,4,26.93,34.97,35.73
2026-09-25 02:00:00,LOC-JKT-01,26.68,34.76,22.78,96.11,9.46,348.0,0.0,11.94,0,0,2,4,25.71,33.16,32.76
2026-09-25 03:00:00,LOC-JKT-01,26.99,43.27,25.21,98.0,13.25,200.8,0.0,16.28,0,0,3,4,26.68,33.43,30.46
2026-09-25 04:00:00,LOC-JKT-01,25.68,39.35,24.39,95.54,13.85,109.8,0.0,13.43,0,0,4,4,26.99,32.62,28.54
2026-09-25 05:00:00,LOC-JKT-01,26.89,42.6,26.52,95.76,9.21,338.4,0.0,13.05,0,0,5,4,25.68,30.1,26.48
2026-09-25 06:00:00,LOC-JKT-01,25.56,39.32,27.7,91.97,20.35,18.1,0.0,11.11,0,0,6,4,26.89,30.21,26.25
2026-09-25 07:00:00,LOC-JKT-01,25.55,42.41,26.45,83.77,8.08,282.1,8.61,91.67,0,0,7,4,25.56,36.24,26.23
2026-09-25 08:00:00,LOC-JKT-01,33.69,43.2,27.13,89.91,9.48,319.5,0.0,87.49,0,0,8,4,25.55,41.07,27.39
2026-09-25 09:00:00,LOC-JKT-01,37.84,59.1,30.12,77.04,10.29,100.4,0.0,76.55,0,0,9,4,33.69,42.65,29.2
2026-09-25 10:00:00,LOC-JKT-01,37.0,59.74,30.59,67.48,12.64,93.2,0.0,53.46,0,0,10,4,37.84,41.96,31.09
2026-09-25 11:00:00,LOC-JKT-01,39.29,63.61,30.19,66.58,11.58,92.7,0.0,58.35,0,0,11,4,37.0,42.38,33.16
2026-09-25 12:00:00,LOC-JKT-01,40.0,57.88,33.99,69.79,13.89,60.9,0.0,54.97,0,0,12,4,39.29,36.61,35.56
2026-09-25 13:00:00,LOC-JKT-01,40.47,60.9,33.26,66.36,15.0,356.5,0.0,57.52,0,0,13,4,40.0,35.71,38.05
2026-09-25 14:00:00,LOC-JKT-01,39.65,55.93,32.68,56.61,14.28,155.5,0.0,63.72,0,0,14,4,40.47,36.78,39.04
2026-09-25 15:00:00,LOC-JKT-01,35.37,56.6,33.56,58.98,13.59,181.6,0.0,59.19,0,0,15,4,39.65,37.58,38.63
2026-09-25 16:00:00,LOC-JKT-01,36.07,53.4,32.45,64.36,18.3,50.2,0.0,56.4,0,0,16,4,35.37,36.33,38.47
2026-09-25 17:00:00,LOC-JKT-01,39.23,57.07,32.82,66.17,13.04,312.1,0.0,84.45,0,0,17,4,36.07,35.25,38.46
2026-09-25 18:00:00,LOC-JKT-01,42.13,61.23,29.24,69.21,12.74,247.6,0.0,87.47,0,0,18,4,39.23,41.42,38.82
2026-09-25 19:00:00,LOC-JKT-01,43.84,61.58,28.8,70.24,9.93,111.4,0.0,87.59,0,0,19,4,42.13,45.08,39.38
2026-09-25 20:00:00,LOC-JKT-01,41.3,62.64,28.73,82.14,8.83,245.3,0.0,36.1,0,0,20,4,43.84,44.51,39.66
2026-09-25 21:00:00,LOC-JKT-01,28.39,43.38,27.48,92.22,8.71,303.0,11.14,43.03,0,0,21,4,41.3,40.78,38.49
2026-09-25 22:00:00,LOC-JKT-01,30.06,51.54,27.22,88.42,10.36,45.2,0.0,36.27,0,0,22,4,28.39,37.19,37.49
2026-09-25 23:00:00,LOC-JKT-01,31.44,50.93,24.74,95.8,9.49,351.5,0.0,33.8,0,0,23,4,30.06,39.28,36.19
2026-09-26 00:00:00,LOC-JKT-01,31.17,48.63,24.45,98.0,8.93,182.1,0.0,15.0,1,0,0,5,31.44,26.93,34.37
2026-09-26 01:00:00,LOC-JKT-01,30.79,47.4,25.27,98.0,9.13,21.9,0.0,15.0,1,0,1,5,31.17,25.71,32.19
2026-09-26 02:00:00,LOC-JKT-01,29.15,39.82,24.98,98.0,12.36,109.5,0.0,15.0,1,0,2,5,30.79,26.68,30.17
2026-09-26 03:00:00,LOC-JKT-01,27.29,42.9,24.9,98.0,21.11,81.1,0.0,15.0,1,0,3,5,29.15,26.99,29.98
2026-09-26 04:00:00,LOC-JKT-01,28.98,39.51,24.98,98.0,10.52,98.9,0.0,15.0,1,0,4,5,27.29,25.68,29.8
2026-09-26 05:00:00,LOC-JKT-01,28.85,39.97,25.45,98.0,11.0,186.7,0.0,15.0,1,0,5,5,28.98,26.89,29.37
2026-09-26 06:00:00,LOC-JKT-01,29.87,45.97,25.5,91.32,10.1,116.2,0.0,35.0,1,0,6,5,28.85,25.56,29.16
2026-09-26 07:00:00,LOC-JKT-01,32.06,47.22,26.85,88.65,12.49,290.9,0.0,39.34,1,0,7,5,29.87,25.55,29.37
2026-09-26 08:00:00,LOC-JKT-01,33.97,51.68,28.72,85.59,11.12,165.0,0.0,43.55,1,0,8,5,32.06,33.69,30.17
2026-09-26 09:00:00,LOC-JKT-01,36.51,58.53,29.56,73.89,10.33,196.4,0.0,47.5,1,0,9,5,33.97,37.84,31.71
2026-09-26 10:00:00,LOC-JKT-01,37.9,62.07,28.85,77.13,10.84,233.8,0.0,51.07,1,0,10,5,36.51,37.0,33.19
2026-09-26 11:00:00,LOC-JKT-01,38.2,61.67,31.36,64.59,12.99,339.5,0.0,54.15,1,0,11,5,37.9,39.29,34.75
2026-09-26 12:00:00,LOC-JKT-01,38.25,58.79,32.66,61.35,13.3,230.1,0.0,56.65,1,0,12,5,38.2,40.0,36.15
2026-09-26 13:00:00,LOC-JKT-01,35.98,58.98,33.46,62.28,23.83,351.2,0.0,58.49,1,0,13,5,38.25,40.47,36.8
2026-09-26 14:00:00,LOC-JKT-01,35.35,54.58,32.3,61.05,16.15,353.7,0.0,59.62,1,0,14,5,35.98,39.65,37.03
2026-09-26 15:00:00,LOC-JKT-01,31.78,49.09,33.71,59.38,16.46,165.4,3.34,60.0,1,0,15,5,35.35,35.37,36.24
2026-09-26 16:00:00,LOC-JKT-01,33.48,45.24,31.29,66.07,14.57,23.8,0.0,59.62,1,0,16,5,31.78,36.07,35.51
2026-09-26 17:00:00,LOC-JKT-01,33.77,51.22,32.78,63.19,14.79,257.5,0.0,58.49,1,0,17,5,33.48,39.23,34.77
2026-09-26 18:00:00,LOC-JKT-01,33.23,44.82,30.49,71.33,13.23,313.1,0.0,56.65,1,0,18,5,33.77,42.13,33.93
2026-09-26 19:00:00,LOC-JKT-01,34.95,49.44,29.85,74.62,14.46,88.1,0.0,54.15,1,0,19,5,33.23,43.84,33.76
2026-09-26 20:00:00,LOC-JKT-01,37.73,62.97,28.33,85.54,9.26,196.7,0.0,51.07,1,0,20,5,34.95,41.3,34.16
2026-09-26 21:00:00,LOC-JKT-01,38.82,58.39,26.94,86.2,8.61,20.5,0.0,47.5,1,0,21,5,37.73,28.39,35.33
2026-09-26 22:00:00,LOC-JKT-01,40.61,68.49,25.82,95.98,9.29,214.7,0.0,43.55,1,0,22,5,38.82,30.06,36.52
2026-09-26 23:00:00,LOC-JKT-01,40.52,60.39,25.99,98.0,8.69,126.9,0.0,39.34,1,0,23,5,40.61,31.44,37.64
2026-09-27 00:00:00,LOC-JKT-01,38.69,61.6,23.69,98.0,8.33,292.6,0.0,15.0,1,0,0,6,40.52,31.17,38.55
2026-09-27 01:00:00,LOC-JKT-01,37.06,53.34,24.83,98.0,8.17,269.1,0.0,15.0,1,0,1,6,38.69,30.79,38.9
2026-09-27 02:00:00,LOC-JKT-01,33.88,54.17,24.16,98.0,8.1,208.7,0.0,15.0,1,0,2,6,37.06,29.15,38.26
2026-09-27 03:00:00,LOC-JKT-01,30.94,52.82,24.13,98.0,15.39,76.2,0.0,15.0,1,0,3,6,33.88,27.29,36.95
2026-09-27 04:00:00,LOC-JKT-01,29.84,49.48,23.61,98.0,8.51,246.0,0.0,15.0,1,0,4,6,30.94,28.98,35.16
2026-09-27 05:00:00,LOC-JKT-01,27.89,37.36,23.58,93.97,20.42,105.2,0.0,15.0,1,0,5,6,29.84,28.85,33.05
2026-09-27 06:00:00,LOC-JKT-01,31.8,50.09,26.5,92.44,8.93,322.5,0.0,35.0,1,0,6,6,27.89,29.87,31.9
2026-09-27 07:00:00,LOC-JKT-01,32.47,49.5,27.86,87.49,11.39,108.6,0.0,39.34,1,0,7,6,31.8,32.06,31.14
2026-09-27 08:00:00,LOC-JKT-01,34.02,55.95,29.59,80.94,8.46,46.9,0.0,43.55,1,0,8,6,32.47,33.97,31.16
2026-09-27 09:00:00,LOC-JKT-01,36.26,55.87,30.06,82.53,12.69,245.8,0.0,47.5,1,0,9,6,34.02,36.51,32.05
2026-09-27 10:00:00,LOC-JKT-01,34.23,51.14,31.72,71.76,24.85,58.9,0.0,51.07,1,0,10,6,36.26,37.9,32.78
2026-09-27 11:00:00,LOC-JKT-01,31.59,43.16,31.86,65.53,18.77,137.8,0.0,54.15,1,0,11,6,34.23,38.2,33.39
2026-09-27 12:00:00,LOC-JKT-01,32.07,51.46,33.25,60.63,20.59,338.7,0.0,56.65,1,0,12,6,31.59,38.25,33.44
2026-09-27 13:00:00,LOC-JKT-01,32.77,53.41,32.77,60.58,13.77,328.4,0.0,58.49,1,0,13,6,32.07,35.98,33.49
2026-09-27 14:00:00,LOC-JKT-01,33.1,56.46,34.16,55.72,13.47,296.3,0.0,59.62,1,0,14,6,32.77,35.35,33.34
2026-09-27 15:00:00,LOC-JKT-01,34.22,50.51,32.13,61.41,12.88,327.4,0.0,60.0,1,0,15,6,33.1,31.78,33.0
2026-09-27 16:00:00,LOC-JKT-01,33.28,50.69,32.57,63.18,19.75,181.0,0.0,59.62,1,0,16,6,34.22,33.48,32.84
2026-09-27 17:00:00,LOC-JKT-01,35.15,54.8,32.33,64.69,12.96,31.8,0.0,58.49,1,0,17,6,33.28,33.77,33.43
2026-09-27 18:00:00,LOC-JKT-01,33.86,49.53,29.8,70.1,23.34,295.5,0.0,56.65,1,0,18,6,35.15,33.23,33.73
2026-09-27 19:00:00,LOC-JKT-01,34.11,54.51,29.66,78.66,14.85,160.5,0.0,54.15,1,0,19,6,33.86,34.95,33.95
2026-09-27 20:00:00,LOC-JKT-01,36.53,57.1,29.59,77.86,8.22,130.2,0.0,51.07,1,0,20,6,34.11,37.73,34.52
2026-09-27 21:00:00,LOC-JKT-01,39.17,56.28,27.11,91.57,12.77,214.3,0.0,47.5,1,0,21,6,36.53,38.82,35.35
2026-09-27 22:00:00,LOC-JKT-01,28.29,41.84,25.32,98.0,8.47,33.7,12.41,43.55,1,0,22,6,39.17,40.61,34.52
2026-09-27 23:00:00,LOC-JKT-01,33.44,50.29,24.62,98.0,10.12,58.5,0.0,39.34,1,0,23,6,28.29,40.52,34.23
2026-09-28 00:00:00,LOC-JKT-01,29.38,42.88,24.65,98.0,9.82,186.5,3.3,13.19,0,0,0,0,33.44,38.69,33.49
2026-09-28 01:00:00,LOC-JKT-01,30.01,50.12,24.77,98.0,8.71,85.2,0.0,20.05,0,0,1,0,29.38,37.06,32.8
2026-09-28 02:00:00,LOC-JKT-01,28.25,37.74,24.48,98.0,11.32,161.3,0.0,17.09,0,0,2,0,30.01,33.88,31.42
2026-09-28 03:00:00,LOC-JKT-01,27.72,50.88,21.89,98.0,12.84,162.4,0.0,15.51,0,0,3,0,28.25,30.94,29.51
2026-09-28 04:00:00,LOC-JKT-01,29.39,47.66,24.47,96.93,8.85,329.3,0.0,15.18,0,0,4,0,27.72,29.84,29.7
2026-09-28 05:00:00,LOC-JKT-01,28.51,46.25,27.04,96.61,8.31,224.3,0.0,11.24,0,0,5,0,29.39,27.89,28.88
2026-09-28 06:00:00,LOC-JKT-01,26.6,43.19,25.99,89.52,15.83,255.8,0.0,11.58,0,0,6,0,28.51,31.8,28.41
2026-09-28 07:00:00,LOC-JKT-01,36.37,61.07,26.03,89.13,8.84,258.3,0.0,76.72,0,0,7,0,26.6,32.47,29.47
2026-09-28 08:00:00,LOC-JKT-01,38.63,57.49,27.56,79.63,21.27,140.2,0.0,76.81,0,0,8,0,36.37,34.02,31.2
2026-09-28 09:00:00,LOC-JKT-01,40.87,59.61,28.9,71.98,9.35,316.6,0.0,79.59,0,0,9,0,38.63,36.26,33.4
2026-09-28 10:00:00,LOC-JKT-01,39.94,58.93,30.51,71.81,11.02,284.4,0.0,55.76,0,0,10,0,40.87,34.23,35.15
2026-09-28 11:00:00,LOC-JKT-01,39.46,65.83,30.53,68.44,13.07,341.0,0.0,58.47,0,0,11,0,39.94,31.59,36.98
2026-09-28 12:00:00,LOC-JKT-01,38.7,67.15,32.79,64.59,13.0,289.8,0.0,55.49,0,0,12,0,39.46,32.07,38.99
2026-09-28 13:00:00,LOC-JKT-01,30.72,38.1,33.79,62.92,16.12,296.2,4.69,55.67,0,0,13,0,38.7,32.77,38.05
2026-09-28 14:00:00,LOC-JKT-01,31.32,48.95,33.17,58.53,15.1,275.5,0.0,57.44,0,0,14,0,30.72,33.1,36.84
2026-09-28 15:00:00,LOC-JKT-01,23.49,34.54,32.75,57.5,22.67,186.6,5.91,57.15,0,0,15,0,31.32,34.22,33.94
2026-09-28 16:00:00,LOC-JKT-01,26.81,44.87,29.92,63.33,16.53,47.7,0.0,49.79,0,0,16,0,23.49,33.28,31.75
2026-09-28 17:00:00,LOC-JKT-01,33.41,49.35,31.48,65.74,17.77,46.4,0.0,86.37,0,0,17,0,26.81,35.15,30.74
2026-09-28 18:00:00,LOC-JKT-01,40.24,59.39,31.7,69.23,11.3,230.1,0.0,90.69,0,0,18,0,33.41,33.86,31.0
2026-09-28 19:00:00,LOC-JKT-01,38.35,59.5,29.86,72.76,12.91,273.2,4.23,86.99,0,0,19,0,40.24,34.11,32.27
2026-09-28 20:00:00,LOC-JKT-01,37.48,57.08,26.64,84.35,13.66,177.5,0.0,46.04,0,0,20,0,38.35,36.53,33.3
2026-09-28 21:00:00,LOC-JKT-01,33.32,51.14,28.27,87.39,10.55,85.8,0.0,29.54,0,0,21,0,37.48,39.17,34.93
2026-09-28 22:00:00,LOC-JKT-01,31.34,48.42,26.04,91.8,16.94,109.8,0.0,30.54,0,0,22,0,33.32,28.29,35.69
2026-09-28 23:00:00,LOC-JKT-01,33.35,49.57,25.21,98.0,9.32,161.0,0.0,49.17,0,0,23,0,31.34,33.44,35.68
2026-09-29 00:00:00,LOC-JKT-01,30.9,45.87,24.39,96.26,12.28,74.2,0.0,14.77,0,0,0,1,33.35,29.38,34.12
2026-09-29 01:00:00,LOC-JKT-01,30.39,46.36,25.08,98.0,12.06,18.8,0.0,16.2,0,0,1,1,30.9,30.01,32.8
2026-09-29 02:00:00,LOC-JKT-01,28.67,46.48,25.06,98.0,9.15,326.1,0.0,14.88,0,0,2,1,30.39,28.25,31.33
2026-09-29 03:00:00,LOC-JKT-01,29.76,42.57,23.99,98.0,11.64,237.2,0.0,16.33,0,0,3,1,28.67,27.72,30.74
2026-09-29 04:00:00,LOC-JKT-01,27.45,43.29,25.07,98.0,10.14,108.0,0.0,11.66,0,0,4,1,29.76,29.39,30.09
2026-09-29 05:00:00,LOC-JKT-01,23.42,34.71,26.6,96.96,16.12,229.5,0.0,11.47,0,0,5,1,27.45,28.51,28.43
2026-09-29 06:00:00,LOC-JKT-01,26.17,38.65,25.8,94.44,10.15,175.5,0.0,15.44,0,0,6,1,23.42,26.6,27.64
2026-09-29 07:00:00,LOC-JKT-01,33.54,47.94,27.38,85.66,13.43,55.7,0.0,84.08,0,0,7,1,26.17,36.37,28.17
2026-09-29 08:00:00,LOC-JKT-01,39.43,61.25,28.44,76.95,9.57,355.2,0.0,79.33,0,0,8,1,33.54,38.63,29.96
2026-09-29 09:00:00,LOC-JKT-01,42.67,67.44,30.67,84.09,9.86,71.2,0.0,87.69,0,0,9,1,39.43,40.87,32.11
2026-09-29 10:00:00,LOC-JKT-01,43.34,67.69,30.2,73.9,10.94,52.4,0.0,62.24,0,0,10,1,42.67,39.94,34.76
2026-09-29 11:00:00,LOC-JKT-01,38.75,64.89,31.99,65.04,17.07,75.4,0.0,51.24,0,0,11,1,43.34,39.46,37.32
2026-09-29 12:00:00,LOC-JKT-01,35.53,55.06,32.58,64.86,12.61,341.2,0.0,48.92,0,0,12,1,38.75,38.7,38.88
2026-09-29 13:00:00,LOC-JKT-01,34.45,50.34,32.32,59.99,14.13,278.2,0.0,49.2,0,0,13,1,35.53,30.72,39.03
2026-09-29 14:00:00,LOC-JKT-01,33.0,48.46,32.18,58.88,17.81,254.6,0.0,50.13,0,0,14,1,34.45,31.32,37.96
2026-09-29 15:00:00,LOC-JKT-01,32.56,49.34,33.09,64.75,20.1,199.5,0.0,43.83,0,0,15,1,33.0,23.49,36.27
2026-09-29 16:00:00,LOC-JKT-01,31.86,51.98,33.48,66.83,18.38,321.8,0.0,55.59,0,0,16,1,32.56,26.81,34.36
2026-09-29 17:00:00,LOC-JKT-01,31.17,45.29,32.33,63.03,16.33,259.2,3.74,89.46,0,0,17,1,31.86,33.41,33.1
2026-09-29 18:00:00,LOC-JKT-01,38.05,58.99,30.71,70.26,12.89,223.0,0.0,86.16,0,0,18,1,31.17,40.24,33.52
2026-09-29 19:00:00,LOC-JKT-01,37.83,61.76,30.65,79.25,10.59,334.2,4.78,82.4,0,0,19,1,38.05,38.35,34.08
2026-09-29 20:00:00,LOC-JKT-01,37.58,55.5,27.91,78.0,13.57,70.2,0.0,47.64,0,0,20,1,37.83,37.48,34.84
2026-09-29 21:00:00,LOC-JKT-01,37.33,54.77,27.87,90.87,9.7,348.0,0.0,40.99,0,0,21,1,37.58,33.32,35.64
2026-09-29 22:00:00,LOC-JKT-01,36.05,58.98,26.15,93.93,14.08,317.3,0.0,41.11,0,0,22,1,37.33,31.34,36.34
2026-09-29 23:00:00,LOC-JKT-01,32.52,46.28,24.77,95.38,12.51,137.7,0.0,25.85,0,0,23,1,36.05,33.35,36.56
2026-09-30 00:00:00,LOC-JKT-01,30.0,46.93,25.71,98.0,9.35,188.7,0.0,11.29,0,0,0,2,32.52,30.9,35.22
2026-09-30 01:00:00,LOC-JKT-01,28.24,45.82,24.38,98.0,8.09,222.5,0.0,18.88,0,0,1,2,30.0,30.39,33.62
2026-09-30 02:00:00,LOC-JKT-01,22.37,37.1,23.91,98.0,9.89,19.0,7.58,17.85,0,0,2,2,28.24,28.67,31.08
2026-09-30 03:00:00,LOC-JKT-01,26.34,44.71,23.47,98.0,9.85,103.1,0.0,13.19,0,0,3,2,22.37,29.76,29.25
2026-09-30 04:00:00,LOC-JKT-01,29.59,45.89,24.35,98.0,8.23,98.5,0.0,21.39,0,0,4,2,26.34,27.45,28.18
2026-09-30 05:00:00,LOC-JKT-01,28.65,44.22,25.13,97.79,15.61,348.6,0.0,12.95,0,0,5,2,29.59,23.42,27.53
2026-09-30 06:00:00,LOC-JKT-01,28.4,40.92,25.87,93.57,9.88,86.5,0.0,24.11,0,0,6,2,28.65,26.17,27.26
2026-09-30 07:00:00,LOC-JKT-01,36.68,59.56,26.98,91.56,11.27,121.8,0.0,82.07,0,0,7,2,28.4,33.54,28.67
2026-09-30 08:00:00,LOC-JKT-01,43.48,68.89,28.12,82.09,8.85,165.5,0.0,90.12,0,0,8,2,36.68,39.43,32.19
2026-09-30 09:00:00,LOC-JKT-01,44.44,63.48,28.31,75.79,13.45,249.6,0.0,77.94,0,0,9,2,43.48,42.67,35.21
2026-09-30 10:00:00,LOC-JKT-01,41.0,59.9,30.22,65.28,16.33,246.3,0.0,57.05,0,0,10,2,44.44,43.34,37.11
2026-09-30 11:00:00,LOC-JKT-01,38.66,58.61,30.78,68.57,11.68,126.8,0.0,55.12,0,0,11,2,41.0,38.75,38.78
2026-09-30 12:00:00,LOC-JKT-01,36.51,53.05,30.88,59.2,19.74,274.3,0.0,54.88,0,0,12,2,38.66,35.53,40.13
2026-09-30 13:00:00,LOC-JKT-01,36.47,56.78,32.67,62.58,16.66,338.9,0.0,45.67,0,0,13,2,36.51,34.45,40.09
2026-09-30 14:00:00,LOC-JKT-01,40.26,62.35,34.39,66.16,13.37,45.4,0.0,60.74,0,0,14,2,36.47,33.0,39.56
2026-09-30 15:00:00,LOC-JKT-01,37.9,57.91,33.25,61.0,18.35,358.9,0.0,50.72,0,0,15,2,40.26,32.56,38.47
2026-09-30 16:00:00,LOC-JKT-01,36.5,54.27,32.76,59.32,13.89,14.8,0.0,60.33,0,0,16,2,37.9,31.86,37.72
2026-09-30 17:00:00,LOC-JKT-01,40.86,65.75,31.74,69.53,14.66,348.8,0.0,90.01,0,0,17,2,36.5,31.17,38.08
2026-09-30 18:00:00,LOC-JKT-01,42.59,65.61,30.81,67.93,10.91,213.3,0.0,87.84,0,0,18,2,40.86,38.05,39.1
2026-09-30 19:00:00,LOC-JKT-01,45.02,66.97,30.08,81.33,12.07,107.6,0.0,85.64,0,0,19,2,42.59,37.83,40.52
2026-09-30 20:00:00,LOC-JKT-01,42.95,65.56,27.98,83.83,8.25,170.8,0.53,42.94,0,0,20,2,45.02,37.58,40.97
2026-09-30 21:00:00,LOC-JKT-01,41.06,65.83,27.45,89.26,12.81,183.1,0.0,42.13,0,0,21,2,42.95,37.33,41.5
2026-09-30 22:00:00,LOC-JKT-01,40.11,62.75,25.7,91.02,12.72,67.3,0.0,37.88,0,0,22,2,41.06,36.05,42.1
2026-09-30 23:00:00,LOC-JKT-01,38.17,57.58,26.28,98.0,14.58,165.6,0.0,34.12,0,0,23,2,40.11,32.52,41.65
